# Effect Documentation
## abandon_revolution
Removes interest group from revolution  
abandon_revolution = yes/no
**Supported Scopes**: interest_group  

## activate_building
Activate a building in a state  
activate_building = { building = building_key }
**Supported Scopes**: state  

## activate_law
Activates a law for a country
**Supported Scopes**: country  
**Supported Targets**: law_type  

## activate_production_method
Activates the named production method for buildings of a certain type in country/state
**Supported Scopes**: country, state  

## add_acceptance
Adds an acceptance delta for a culture in a state  
add_acceptance = { culture = cu:romanian value = -10 }
**Supported Scopes**: state  

## add_amendment
Adds an amendment to the scoped law.  
add_amendment = {  
	type = amendment_example  
	sponsor = interest_group  
	cooldown = 120 # months  
	timeout = 240  # months (optional, 0 = none)  
}
**Supported Scopes**: law  

## add_arable_land
Add/remove arable land from a state region
**Supported Scopes**: state_region  

## add_banned_goods
Adds a total ban of a good to a country  
add_banned_goods = <goods key/scope>
**Supported Scopes**: country  
**Supported Targets**: goods  

## add_career_length
Adds to a character's current career length in a role. Role can be a specific database role or a role type (e.g. general). If no role is specified, applies to all roles with career end dates.  
add_career_length = { role = role_key/role_type days/months/years = 5 random_range = { 0.8 1.2 } }
**Supported Scopes**: character  

## add_change_relations_progress
Add progress towards changing relations between two countries  
add_change_relations_progress = {  
	tcountry = country scope/tag  
	value = amount  
}
**Supported Scopes**: country  

## add_character_ideology
Adds a character ideology to the scoped political movement  
add_character_ideology = x
**Supported Scopes**: political_movement  

## add_character_role
Adds a new role to a character, works with either archetype or database role  
add_character_role = general/character_role_general
**Supported Scopes**: character  

## add_civil_war_progress
Adds the specified number of percentage points to a civil war progress (range is [0, 1], 0.1 means 10 percentage points)  
add_civil_war_progress = 0.1 / -0.1
**Supported Scopes**: civil_war  

## add_claim
Adds scoped state region as a claim for target country  
add_claim = scope/country
**Supported Scopes**: state_region  
**Supported Targets**: country  

## add_cohesion_number
Adds a specific amount of Cohesion to the Power Bloc in scope  
add_cohesion_number = 100 [adds 100 points to Cohesion]
**Supported Scopes**: power_bloc  

## add_cohesion_percent
Adds a percentage-based amount of Cohesion to the Power Bloc in scope  
add_cohesion_percent = -0.2 [reduces Cohesion by 20% of its maximum value]
**Supported Scopes**: power_bloc  

## add_commander_rank
Promotes/demotes a character a given amount of military ranks
**Supported Scopes**: character  

## add_company
Adds company type to a country's companies  
add_company = company_type:key
**Supported Scopes**: country  
**Supported Targets**: company_type  

## add_company_monopoly
Adds a monopoly to a company scope: add_company_monopoly = bt:building_textile_mills
**Supported Scopes**: company  
**Supported Targets**: building_type  

## add_contextless_journal_entry
Activates a contextless journal entry of the given type  
add_contextless_journal_entry = <key>
**Supported Scopes**: none  

## add_country_monopoly
Adds a monopoly to a country scope: add_country_monopoly = bt:building_textile_mills
**Supported Scopes**: country  
**Supported Targets**: building_type  

## add_cultural_community
Adds a cultural community for the target culture in the scoped state.  
 scope:some_state = { add_cultural_community = cu:zulu }
**Supported Scopes**: state  
**Supported Targets**: culture  

## add_cultural_community_in_state
Adds a cultural community for the scoped culture in the target state.  
 cu:zulu = { add_cultural_community_in_state = scope:some_state }
**Supported Scopes**: culture  
**Supported Targets**: state  

## add_cultural_obsession
Adds a new obsession to the culture in scope  
add_cultural_obsession = X  
Where X is a goods
**Supported Scopes**: culture  

## add_cultural_taboo
Adds a new taboo to the culture in scope  
add_cultural_taboo = X  
Where X is a goods
**Supported Scopes**: culture  

## add_culture_acceptance_modifier
Apply a cultural acceptance modifier in the scoped country for the given culture. Other than the required culture argument, this effect has the same syntax as add_modifier.
**Supported Scopes**: country  

## add_culture_standard_of_living_modifier
Apply a standard of living modifier in the scoped state for the given culture. Other than the required culture argument, this effect has the same syntax as add_modifier.
**Supported Scopes**: state  

## add_devastation
Add/remove devastation from a state region or a state
**Supported Scopes**: state, state_region  

## add_diplomatic_play_war_support
Adds war support to the target country in the scoped diplomatic play. The amount will appear under the 'situations' header in tooltips  
add_diplomatic_play_war_support = { target = country value = value }
**Supported Scopes**: diplomatic_play  

## add_electoral_confidence
Adds x% electoral confidence to scope country  
add_electoral_confidence = 0.1 / -0.1
**Supported Scopes**: country  

## add_enactment_modifier
Adds an enactment-related timed modifier effect to object in scope
**Supported Scopes**: country  

## add_enactment_phase
Changes the current law enactment phase in scope country by an added amount. The result will be clamped between 0 and NPolitics::LAW_ENACTMENT_MAX_PHASES. The enacting law will pass if the resulting value equals NPolitics::LAW_ENACTMENT_MAX_PHASES.
**Supported Scopes**: country  

## add_enactment_setback
Changes the current law enactment setback count in scope country by an added amount. The result will be clamped between 0 and country_law_max_setbacks_add The law enactment will fail if the resulting value equals country_law_max_setbacks_add
**Supported Scopes**: country  

## add_era_researched
Add specified era as researched in a country scope  
add_era_researched = era
**Supported Scopes**: country  

## add_escalation
Add escalation to a diplomatic play  
add_escalation = integer
**Supported Scopes**: diplomatic_play  

## add_experience
Adds an amount of experience to a commander  
add_experience = 0.2
**Supported Scopes**: character  

## add_exports
Adds a multiplier of exports to the state for the scoped state goods  
add_exports = 3
**Supported Scopes**: state_goods  

## add_fervor
Adds fervor to a scoped culture   
add_fervor = 2.6
**Supported Scopes**: culture  

## add_fervor_target_modifier
Apply a fervor target modifier in the scoped country for the given culture. Other than the required culture argument, this effect has the same syntax as add_modifier.
**Supported Scopes**: country  

## add_homeland
Adds scoped state region as Homeland for target culture  
 add_homeland = cu:culture
**Supported Scopes**: state_region  
**Supported Targets**: culture  

## add_ideology
Adds an ideology to scoped interest group  
add_ideology = x
**Supported Scopes**: interest_group  

## add_ig_to_party
Adds target interest group to scope party  
py:py_key = {  
	add_ig_to_party = ig:ig_key  
}
**Supported Scopes**: party  
**Supported Targets**: interest_group  

## add_imports
Adds a multiplier of imports to the state for the scoped state goods  
add_imports = 3
**Supported Scopes**: state_goods  

## add_initiator_backers
Add a tag/scope country to the initiator side of a diplomatic play  
add_initiator_backers = { list of scopes/tags }
**Supported Scopes**: diplomatic_play  

## add_investment_pool
Directly adds money to the investment pool  
add_investment_pool = 50
**Supported Scopes**: country  

## add_involved_country
Makes target country an involved country in scope journal entry  
add_involved_country = c:FRA
**Supported Scopes**: journal_entry  
**Supported Targets**: country  

## add_involvement
Adds involvement for the scoped country in the given strategic region  
add_involvement = {  
	strategic_region = sr:poland  
	value = 10  
}
**Supported Scopes**: country  

## add_journal_entry
Adds a journal entry to a scoped country's journal, with optional saved scope target  
add_journal_entry = { type = <key> target = <scope> }
**Supported Scopes**: none  

## add_law_progress
Adds x% progress to the current checkpoint of the law being passed (range is [0, 1], 0.1 means 10 percentage points)  
add_law_progress = 0.1 / -0.1
**Supported Scopes**: country  

## add_leverage
Adds the specified amount of leverage for the Power Bloc in scope on the country specified  
If the value is positive, also reduces the amount of Leverage of all other Blocs proportionally to match  
add_leverage = { target = country_scope value = script_value }
**Supported Scopes**: power_bloc  

## add_liberty_desire
Adds Liberty Desire to a Subject Country. Does nothing if the scoped country is not a subject in a Diplomatic Pact.  
add_liberty_desire = -5
**Supported Scopes**: country  

## add_lobby_member
Adds an interest group as a member of scope political lobby  
add_lobby_member = scope:interest_group
**Supported Scopes**: political_lobby  
**Supported Targets**: interest_group  

## add_loyalists
Adds loyalists to pops in the scoped country. All parameters except value are optional.  
value is the percentage of each pop that will move towards loyalism.  
if interest_group is specified pops gain loyalists based on their ig membership.  
pop type and strata are mutually exclusive.  
add_radicals = {  
	value = 0.2  
	interest_group = <scope/ig:key>  
	pop_type = <scope/pop_type:key>  
	strata = <key>  
	culture = <scope/cu:key>  
	religion = <scope/rel:key>  
}
**Supported Scopes**: country  

## add_loyalists_in_state
Adds loyalists to pops in the scoped state. All parameters except value are optional.  
value is the percentage of each pop that will move towards loyalism.  
if interest_group is specified pops gain loyalists based on their ig membership.  
pop type and strata are mutually exclusive.  
add_radicals_in_state = {  
	value = 0.2  
	interest_group = <scope/ig:key>  
	pop_type = <scope/pop_type:key>  
	strata = <key>  
	culture = <scope/cu:key>  
	religion = <scope/rel:key>  
}
**Supported Scopes**: state  

## add_maneuvers
Adds maneuvers to the target country's side in the scoped diplomatic play  
add_maneuvers = { target = country value = value }
**Supported Scopes**: diplomatic_play  

## add_modifier
Adds a timed modifier effect to object in scope
**Supported Scopes**: country, building, character, institution, interest_group, journal_entry, political_movement, power_bloc, state  

## add_momentum
Adds momentum to a Party during a campaign perioddd_momentum = value
**Supported Scopes**: party  

## add_morale
Adds the specified amount of Morale to the Combat Unit in scope  
add_morale = -0.2
**Supported Scopes**: new_combat_unit  

## add_organization
Adds the specified amount of Organization to the Military Formation in scope  
add_organization = -10
**Supported Scopes**: military_formation  

## add_owned_country
Sets the scoped company as a founding company for the target country  
set_founding_company = country:key
**Supported Scopes**: company  
**Supported Targets**: country  

## add_pollution
Increase/decrease pollution level in a scoped state region  
add_pollution = 10
**Supported Scopes**: state_region  

## add_pop_wealth
Adds the wealth of the pop  
add_pop_wealth = { wealth_distribution = {...} update_loyalties = true/false }  
Where the distribution adding to wealth of the pop
**Supported Scopes**: pop  

## add_primary_culture
Adds a culture to the primary cultures of a country  
add_primary_culture = X  
Where X is a culture scope
**Supported Scopes**: country  
**Supported Targets**: culture  

## add_principle
Adds principle to powerbloc  
power_bloc =  
{  
add_principle = test_principle_group_A_1  
}
**Supported Scopes**: power_bloc  

## add_progress
Adds progress to a journal entry progressbar  
add_progress = {value = -5name = example_progress_bar_name}
**Supported Scopes**: journal_entry  

## add_radicals
Adds radicals to pops in the scoped country. All parameters except value are optional.  
value is the percentage of each pop that will move towards radicalism.  
if interest_group is specified pops gain radicals based on their ig membership.  
pop type and strata are mutually exclusive.  
add_radicals = {  
	value = 0.2  
	interest_group = <scope/ig:key>  
	pop_type = <scope/pop_type:key>  
	strata = <key>  
	culture = <scope/cu:key>  
	religion = <scope/rel:key>  
}
**Supported Scopes**: country  

## add_radicals_in_state
Adds radicals to pops in the scoped state. All parameters except value are optional.  
value is the percentage of each pop that will move towards radicalism.  
if interest_group is specified pops gain radicals based on their ig membership.  
pop type and strata are mutually exclusive.  
add_radicals_in_state = {  
	value = 0.2  
	interest_group = <scope/ig:key>  
	pop_type = <scope/pop_type:key>  
	strata = <key>  
	culture = <scope/cu:key>  
	religion = <scope/rel:key>  
}
**Supported Scopes**: state  

## add_random_trait
Adds a random qualifying Trait of the specified category  
add_random_trait = personality / skill / condition
**Supported Scopes**: character  

## add_religion_standard_of_living_modifier
Apply a standard of living modifier in the scoped state for the given religion. Other than the required religion argument, this effect has the same syntax as add_modifier.
**Supported Scopes**: state  

## add_resource_potential
Add a building type as a resource potential to a state region  
add_resource_potential = building_iron_mine
**Supported Scopes**: state, state_region  

## add_ruling_interest_group
Adds interest group to government  
add_ruling_interest_group = yes/no
**Supported Scopes**: interest_group  

## add_state_trait
add state trait in a scoped state region  
add_state_trait = <state_trait_name>
**Supported Scopes**: state_region  

## add_supply_ships
Adds number of supply ships to the scoped country  
add_supply_ships = 10
**Supported Scopes**: country  

## add_tag
Adds a tag to the script container in scope.  
add_tag = my_tag
**Supported Scopes**: container  

## add_target_backers
Add a tag/scope country to the target side of a diplomatic play  
add_target_backers = { list of scopes/tags }
**Supported Scopes**: diplomatic_play  

## add_taxed_goods
Adds consumption taxes on a good to a country  
add_taxed_goods = <goods key/scope>
**Supported Scopes**: country  
**Supported Targets**: goods  

## add_technology_progress
Add technology progress  
add_technology_progress = { progress = X technology = Y }  
Where X is a fixed point and Y is an technology
**Supported Scopes**: country  

## add_technology_researched
Research the specified technology in a country scope  
add_technology_researched = technology
**Supported Scopes**: country  

## add_to_global_variable_list
Adds the event target to a variable list for the given duration  
add_to_variable_list = { name = X target = Y days/weeks/months/years = Z }  
Where X is the name of the variable  
Where Y is an event target  
An optional days where Z is the number of days or script value
**Supported Scopes**: none  

## add_to_global_variable_map
Adds the event target to a variable map for the given duration  
add_to_variable_map = { name = X key = Y value = Z days/weeks/months/years = T }  
Where X is the name of the variable  
Where Y and Z are event targets  
An optional days where T is the number of days or script value
**Supported Scopes**: none  

## add_to_list
Adds the current scope to an arbitrarily-named list (or creates the list if not already present) to be referenced later in the (unbroken) event chain  
add_to_list = <name_of_list>  
add_to_list = { name = <name_of_list> value = <script_value> }  
NOTE, if adding a permanent target to a temporary list, the whole list becomes permanent
**Supported Scopes**: none  

## add_to_local_variable_list
Adds the event target to a variable list for the given duration  
add_to_variable_list = { name = X target = Y days/weeks/months/years = Z }  
Where X is the name of the variable  
Where Y is an event target  
An optional days where Z is the number of days or script value
**Supported Scopes**: none  

## add_to_local_variable_map
Adds the event target to a variable map for the given duration  
add_to_variable_map = { name = X key = Y value = Z days/weeks/months/years = T }  
Where X is the name of the variable  
Where Y and Z are event targets  
An optional days where T is the number of days or script value
**Supported Scopes**: none  

## add_to_temporary_list
Adds the current scope to an arbitrarily-named list (or creates the list if not already present) to be referenced later in the same effect  
add_to_temporary_list = <name_of_list>  
add_to_temporary_list = { name = <name_of_list> value = <script_value> }  
NOTE, if adding a temporary target to a permanent list, the list will stay permanent
**Supported Scopes**: none  

## add_to_variable_list
Adds the event target to a variable list for the given duration  
add_to_variable_list = { name = X target = Y days/weeks/months/years = Z }  
Where X is the name of the variable  
Where Y is an event target  
An optional days where Z is the number of days or script value
**Supported Scopes**: none  

## add_to_variable_map
Adds the event target to a variable map for the given duration  
add_to_variable_map = { name = X key = Y value = Z days/weeks/months/years = T }  
Where X is the name of the variable  
Where Y and Z are event targets  
An optional days where T is the number of days or script value
**Supported Scopes**: none  

## add_tradition_trait
Adds a new tradition trait to the culture in scope  
add_tradition_trait = X  
Where X is a tradition trait
**Supported Scopes**: culture  

## add_trait
Add a trait to a Character  
add_trait = trait
**Supported Scopes**: character  

## add_treasury
Add/remove money from a country  
add_treasury = fixed point
**Supported Scopes**: country  

## add_war_goal
Adds a war goal to a DP. Same data read in as add_war_goal in create_diplomatic_play  
random_diplomatic_play = { add_war_goal = { holder = initiator type = secession primary_demand = yes }
**Supported Scopes**: diplomatic_play  

## add_war_support_change
Adds war support change to the target country in the scoped war. The amount will appear under the 'situations' header in tooltips  
add_war_support_change = { target = country value = value }
**Supported Scopes**: war  

## add_war_war_support
Adds war support to the target country in the scoped war. The amount will appear under the 'situations' header in tooltips  
add_war_war_support = { target = country value = value }
**Supported Scopes**: war  

## annex
Annexes a country  
annex = scope
**Supported Scopes**: country  
**Supported Targets**: country  

## annex_as_civil_war
Annexes a country with all the inheritance effects of a victorious side in a civil war  
annex_as_civil_war = scope
**Supported Scopes**: country  
**Supported Targets**: country  

## annex_with_incorporation
Annexes a country, inheriting incorporation of their states  
annex_with_incorporation = scope
**Supported Scopes**: country  
**Supported Targets**: country  

## assert_if
Conditionally cause an assert during run time  
assert_if = { limit = { X } text = Y }, where X is a trigger and Y is an optional string
**Supported Scopes**: none  

## assert_read
Conditionally cause an assert during read time  
assert_read = X, where X is yes or the string to be printed in the assert
**Supported Scopes**: none  

## call_election
Sets the next election date for country in N months  
call_election = {  
	months = 6  
}
**Supported Scopes**: country  

## cancel_enactment
Stops enacting the country's currently enacting law  
cancel_enactment = yes
**Supported Scopes**: country  

## cancel_imposition
Cancels imposition of the law (not law type) in scope  
scope:country.imposed_law = { cancel_imposition = yes }
**Supported Scopes**: none  

## cede_treaty_port
Cedes a treaty port in scope state to target country  
cede_treaty_port = scope/country
**Supported Scopes**: state  
**Supported Targets**: country  

## change_appeasement
Change appeasement of scope political lobby  
change_appeasement = {  
	amount = 1  
	factor = trade_agreement_formed  
}
**Supported Scopes**: political_lobby  

## change_character_culture
Changes the culture of the scoped character  
change_character_culture = cu:colombian
**Supported Scopes**: character  
**Supported Targets**: culture  

## change_character_religion
Changes the religion of the scoped character  
change_character_religion = rel:protestant
**Supported Scopes**: character  
**Supported Targets**: religion  

## change_global_variable
Changes the value or a numeric variable  
change_variable = { name = X operation = Y }  
Where X is the name of the numeric variable to modify  
Where the valid operations are add, subtract, multiply, divide, modulo, min and max  
Where Y is a fixed point value, script value or event target of a value type
**Supported Scopes**: none  

## change_infamy
Change infamy of scope country  
change_infamy = amount
**Supported Scopes**: country  

## change_institution_investment_level
Add/remove the investment level for the institution  
change_institution_investment_level = {   
	institution = institution_police  
	investment = -1  
}
**Supported Scopes**: country  

## change_local_variable
Changes the value or a numeric variable  
change_variable = { name = X operation = Y }  
Where X is the name of the numeric variable to modify  
Where the valid operations are add, subtract, multiply, divide, modulo, min and max  
Where Y is a fixed point value, script value or event target of a value type
**Supported Scopes**: none  

## change_pop_culture
Changes the culture of the scoped pop to a specified culture by a specified percentage  
change_pop_culture = { target = cu:spanish value = 0.33 }
**Supported Scopes**: pop  

## change_pop_religion
Changes the religion of the scoped pop to a specified religion by a specified percentage  
change_pop_religion = { target = rel:catholic value = 0.5 }
**Supported Scopes**: pop  

## change_poptype
Changes the type of the pop to the given type
**Supported Scopes**: pop  
**Supported Targets**: pop_type  

## change_relations
Change relations between two countries  
change_relations = {  
	tcountry = country scope/tag  
	value = amount  
}
**Supported Scopes**: country  

## change_resource_potential
Change the potential max buildings of a resource in a state region. Only works for building types capped by resources.  
change_resource_potential = {  
	type = building_iron_mine  
	amount = 5  
}
**Supported Scopes**: state, state_region  

## change_subject_type
Changes the subject type of the country in scope while retaining the current Liberty Desire value.  
change_subject_type = subject_type_dominion
**Supported Scopes**: country  

## change_tag
Change the tag for the scoped country  
c:GBR = { change_tag = FRA }
**Supported Scopes**: country  

## change_tension
Change tension between two countries  
change_tension = {  
	tcountry = country scope/tag  
	value = amount  
}
**Supported Scopes**: country  

## change_variable
Changes the value or a numeric variable  
change_variable = { name = X operation = Y }  
Where X is the name of the numeric variable to modify  
Where the valid operations are add, subtract, multiply, divide, modulo, min and max  
Where Y is a fixed point value, script value or event target of a value type
**Supported Scopes**: none  

## clamp_global_variable
Clamps a variable the specified max and min  
clamp_variable = { name = X max = Y min = Z }  
Where X is the name of the variable  
Where Y and Z are script values
**Supported Scopes**: none  

## clamp_local_variable
Clamps a variable the specified max and min  
clamp_variable = { name = X max = Y min = Z }  
Where X is the name of the variable  
Where Y and Z are script values
**Supported Scopes**: none  

## clamp_variable
Clamps a variable the specified max and min  
clamp_variable = { name = X max = Y min = Z }  
Where X is the name of the variable  
Where Y and Z are script values
**Supported Scopes**: none  

## clear_debt
Clear country loans = bool
**Supported Scopes**: country  

## clear_enactment_modifier
Clears the current law enactment modifier of scope country.
**Supported Scopes**: country  

## clear_global_variable_list
Empties the list  
clear_variable_list = variable_name
**Supported Scopes**: none  

## clear_global_variable_map
Empties the map  
clear_variable_map = variable_name
**Supported Scopes**: none  

## clear_local_variable_list
Empties the list  
clear_variable_list = variable_name
**Supported Scopes**: none  

## clear_local_variable_map
Empties the map  
clear_variable_map = variable_name
**Supported Scopes**: none  

## clear_name
Clears the name of the script container in scope.  
clear_name = yes
**Supported Scopes**: container  

## clear_ownership_transfer_fleet
Clears the ownership transfer fleet in the scoped country, should be done after a series of set_ship_owner_multiple  
clear_ownership_transfer_fleet = yes
**Supported Scopes**: country  

## clear_parent
Clears the parent of the script container in scope, making it freestanding.  
clear_parent = yes
**Supported Scopes**: container  

## clear_saved_scope
Clears a saved scope from the top scope  
save_scope_as = cool_scope -> clear_saved_scope = cool_scope
**Supported Scopes**: none  

## clear_scaled_debt
Clears an amount of debt equal to the defined multiplier on target's max credit  
clear_scaled_debt = value
**Supported Scopes**: country  

## clear_tags
Removes all tags from the script container in scope.  
clear_tags = yes
**Supported Scopes**: container  

## clear_variable_list
Empties the list  
clear_variable_list = variable_name
**Supported Scopes**: none  

## clear_variable_map
Empties the map  
clear_variable_map = variable_name
**Supported Scopes**: none  

## complete_objective_subgoal
Completes an objective subgoal  
complete_objective_subgoal = <key>
**Supported Scopes**: country  

## convert_population
Changes X% of the different religion population to the specified religion.  
convert_population = { target = rel:catholic value = 0.5 }
**Supported Scopes**: state  

## copy_laws
Copies the constitution of the target country scope  
Warning: This stops any current enactment.  
copy_laws = scope
**Supported Scopes**: country  
**Supported Targets**: country  

## create_bidirectional_truce
Create a bidirectional truce between two countries  
create_bidirectional_truce = {  
	tcountry = country scope/tag  
	months = integer  
}
**Supported Scopes**: country  

## create_building
Creates a building in the scoped state. Supported values are:  
	building = <building>  
	activate_production_methods = { <production_methods> }  
	subsidized = yes/no  
	reserves = [0..1] (percentage of cash reserves the building should be created with)  
	add_ownership = { (mutually exclusive with level)  
		country = { (give ownership levels to a specific country)  
			country = s:GBR (country script target)  
			levels = 5  
		}  
		country = { (give ownership levels to a specific building)  
			type = building_financial_district (building type that will get ownership levels, should be self or other ownership type)  
			region = STATE_SINAI (region where owning building is placed)  
			country = s:GBR (country script target for a region)  
			levels = 3  
		}  
	}  
	level = arable_land/integer(mutually exclusive with add_ownership)  
  
If level is "arable_land", the building will be of the necessary level to exhaust all available arable land in the state.  
If level is an integer, the building will be of that level  
  
Please note: this effect works a little differently if there already is a building of the specified type in the state. If that happens:  
	1. the level will be the maximum between the scripted level and the level of the existing building  
	2. the cash reserves will be the maximum between the scripted value and the existing cash reserves
**Supported Scopes**: state  

## create_character
Creates a character, any option can be omitted.  
create_character = {  
	name = loc_key or alternatively first_name and last_name separately  
	culture = culture_tag  
	religion = religion scope (if omitted, it's defined by the character's culture religion)  
	female = bool or character scope (gets the same value from the character)  
	noble = bool or character scope (gets the same value from the character)  
	ruler = bool  
	heir = bool  
	historical = bool  
	age = integer, range, or character scope (gets the age from a character)  
	ideology = ideology key or scope  
	interest_group = interest group key or scope  
	template = base template to generate the character from  
	on_created = effect  
	save_scope_as = scope name  
	trait_generation = effect  
	hq = HQ scope or strategic region scope  
}
**Supported Scopes**: country  

## create_container
Creates a script container: a standalone scope that can hold variables, lists and maps.  
create_container = {  
	name = my_container       # optional literal or flag reference (var:/scope:/flag:); reachable later via container:my_container  
	tags = { art italian }    # optional tags for filtered iteration  
	parent = scope:x    # optional, container is destroyed when the parent becomes invalid  
	save_scope_as = x  # optional  
	on_created = { ... }  # optional, effects run on the new container  
}
**Supported Scopes**: none  

## create_country
Creates a new country  
create_country = {  
	tag = TAG			# optional, if not specified origin's tag will be used  
	origin = country	# optional, newly created country will inherit certain values from the origin country  
	                    # at least one of tag or origin must be supplied  
	state = state		# can be repeated; at least one state or province must be supplied  
	province = province	# can be repeated; at least one state or province must be supplied  
						# both states and provinces can be supplied at the same time  
	on_created = effect	# optional effect that will be run with the newly created country in scope  
}
**Supported Scopes**: none  

## create_diplomatic_catalyst
Creates a new diplomatic catalyst  
create_diplomatic_catalyst = {  
	type = catalyst_relations_level_increased  
	arget = <country scope>  
}
**Supported Scopes**: country  

## create_diplomatic_pact
Create a diplomatic pact between two countries, with scope country as initiator  
create_diplomatic_pact = {  
	country = country scope/tag  
	first_state = state scope/tag  
	second_state = state scope/tag  
	type = diplomatic action type  
}
**Supported Scopes**: country  

## create_diplomatic_play
Create a diplomatic play with the scoped object as target  
create_diplomatic_play = {  
	name = loc_key  
	escalation = integer between 0 and 100  
	war = bool  
	initiator = country scope/tag  
	type = diplomatic play type  
	handle_annexation_as_civil_war = yes/no  
	add_initiator_backers = { list of country scopes/tags }  
	add_target_backers = { list of country scopes/tags }  
	add_war_goal = { holder = country scope/tag, type = x, state = <state target>, country = <country target,> region = <region target>  }  
}
**Supported Scopes**: country  

## create_dynamic_country
Creates a new country with a dynamic tag  
create_dynamic_country = {  
 origin = country	# optional, newly created country may inherit certain values from the origin country  
 country_type = country type # optional if origin is set, may be repeated, will try to inherit country type from origin if not specified  
 tier = country tier # optional if origin is set, may be repeated, will try to inherit country tier from origin if not specified  
 culture = culture # optional if origin is set, may be repeated, will try to inherit cultures from origin if not specified  
 religion = religion # optional if origin is set, if no religion is specified, will try to inherit religion from origin if not specified  
 capital = state		# optional if states have been supplied, will try to set a capital from supplied states if not specified  
 social_hierarchy = social hierarchy key # optional; if not specified: same as origin's if origin is set, default hierarchy otherwise  
 cede_state_trigger = trigger # if this trigger is set, each state in the world for which it evaluates true will be ceded to the new country  
 color = rgb 		# optional, will try to inherit map color from origin if not specified  
 primary_unit_color = rgb 		# optional, will try to inherit unit color from origin if not specified  
 secondary_unit_color = rgb 		# optional, will try to inherit unit color from origin if not specified  
 tertiary_unit_color = rgb 		# optional, will try to inherit unit color from origin if not specified  
 on_created = effect	# optional effect that will be run with the newly created country in scope  
}
**Supported Scopes**: none  

## create_incident
Creates a diplomatic incident that generates infamy, with target country as the victim  
create_incident = {  
	tcountry = country scope/tag  
	value = infamy amount  
}
**Supported Scopes**: country  

## create_mass_migration
Initiates mass migration of a specific culture from a origin country to a scoped state  
create_mass_migration = {  
	origin = c:GBR  
	culture = cu:english  
}
**Supported Scopes**: state  

## create_military_formation
Creates a military formation  
create_military_formation = {  
	# Optional name  
	name = "name"  
	# type defaults to army  
	type = army/fleet  
	hq_region = sr:region_russia  
	# Optional, overrides the automatic supply hub selection  
	supply_hub = s:STATE_MOSCOW  
	# Add as many combat_unit specifications as necessary  
	combat_unit = {  
		type = unit_type:combat_unit_type_irregular_infantry  
		# service_type defaults to regular and conscript is not applicable for fleets  
		service_type = regular/conscript  
		state_region = s:STATE_MOSCOW  
		count = 5  
	}  
	# mobilization_options are not applicable for fleets  
	mobilization_options = {  
		mobilization_option:mobilization_option_basic_supplies  
		mobilization_option:mobilization_option_truck_transport  
	}  
}
**Supported Scopes**: country  

## create_political_lobby
Creates a new political lobby  
create_political_lobby = {  
	type = lobby_pro_country  
	arget = <country scope>  
	add_interest_group = <ig scope 1>  
	add_interest_group = <ig scope 2>  
	add_interest_group = <ig scope 3>  
}
**Supported Scopes**: country  

## create_political_movement
Creates a political movement of the specified type in the country, culture/religion optional  
create_political_movement = { movement_type = x religion = <scope> culture = <scope>}
**Supported Scopes**: country  

## create_pop
Creates a pop in the scoped state
**Supported Scopes**: state  

## create_power_bloc
Creates a power bloc with the scoped object as leader  
create_power_bloc = {  
	name = loc_key  
	map_color = { R G B } or hsv{ H S V }	founding_date = yyyy.mm.dd, optional  
	identity = power bloc identity key  
	principle = power bloc principle key, can be repeated  
	member = country scope, can be repeated  
}
**Supported Scopes**: country  

## create_ship
Creates a ship in a scoped country  
create_ship = {  
	type = ship_type:key			# Type of ship to create  
	fleet = scope:fleet				# Fleet to assign the created ship to  
	save_scope_as = scope_name		# If specified, saves the created ship in the given scope name  
	name = loc_key					# Optional name for the ship  
}
**Supported Scopes**: country  

## create_state
creates a state in a state region
**Supported Scopes**: state_region  

## create_treaty
Creates a treaty between countries  
create_treaty = {  
	name = <loc key>					# (default: empty) if specified, this treaty's name will be determined by the localization of the specified key  
	first_country = <country>			# (default: none) must _not_ be specified if the created treaty is an amendment  
	second_country = <country>			# (default: none) must _not_ be specified if the created treaty is an amendment  
	amends = <treaty>					# (default: none) if specified, the created treaty will be an amendment to the specified treaty  
  
	is_draft = yes | no					# (default: yes) must be yes if this treaty is an amendement to an existing treaty  
	entered_into_force_on = <date>		# (default: none) means "today" if not specified (for non-drafts). Must _not_ be specified for drafts. Cannot be in the future  
	binding_period = {					# (default: 0) must be a nonnegative number, fractional parts will be ignored (truncation)  
		days = <nonnegative number>  
		| weeks = <nonnegative number>  
		| months = <nonnegative number>  
		| years = <nonnegative number>  
	}  
  
	articles_to_create = {				# (default: empty) non-amendments must have at least one article to create  
		{  
			article = <key>				# (default: empty) the type of article (determined by script)  
			source_country = <country>	# (default: none) directed articles _must_ specify this value, mutual articles _must not_ specify this value  
			target_country = <country>	# (default: none) directed articles _must_ specify this value, mutual articles _must not_ specify this value  
  
			inputs = {					# (default: empty) list of inputs values as required by the article  
				{  
					quantity = <positive number>  
					| goods = <goods>  
					| state = <state>  
					| strategic_region = <strategic region>  
					| company = <company>  
					| building_type = <building_type>  
					| law_type = <law_type>  
					| country = <country>  
				}  
  
				{ ... }					# one input per required input of the corresponding article type  
			}  
		}  
  
		# some examples of valid articles  
		{ article = alliance }			# mutual, no inputs  
		{  
			article = goods_transfer	# directed  
			source_country = c:FRA		# because directed  
			target_country = c:GBR 		# because directed  
  
			inputs = {  
				{ quantity = 250 }		# because goods_transfer has required_inputs = { quantity goods }  
				{ goods = g:coal }		# because goods_transfer has required_inputs = { quantity goods }  
			}  
		}  
	}  
}
**Supported Scopes**: none  

## create_unidirectional_truce
Create a unidirectional truce for one country towards another  
create_unidirectional_truce = {  
	tcountry = country scope/tag  
	months = integer  
}
**Supported Scopes**: country  

## custom_description
Wraps effects that get a custom description instead of the auto-generated one  
custom_description = {  
	text = <effect_localization_key>  
	subject = <optional subject scope> #defaults to current scope  
	object = <optional object scope>  
	value = <optional script value>  
	... effects ...  
}
**Supported Scopes**: none  

## custom_description_no_bullet
Wraps effects that get a custom description instead of the auto-generated one. Also ensures no bullet point appears  
custom_description_no_bullet = {  
	text = <effect_localization_key>  
	subject = <optional subject scope> #defaults to current scope  
	object = <optional object scope>  
	value = <optional script value>  
	... effects ...  
}
**Supported Scopes**: none  

## custom_label
just a tooltip, the scope as object (for grouping, localization).  
custom_label = key; alternatively custom_label = { text = key subject = scope (optional) <hidden effects> }
**Supported Scopes**: none  

## custom_label_no_bullet
just a tooltip, the scope as object (for grouping, localization). No bullet point.  
custom_label_no_bullet = key; alternatively custom_label_no_bullet = { text = key subject = scope (optional) <hidden effects> }
**Supported Scopes**: none  

## custom_tooltip
just a tooltip, the scope as subject (for grouping, localization).  
custom_tooltip = key; alternatively custom_tooltip = { text = key subject = scope (optional) <hidden effects> }
**Supported Scopes**: none  

## custom_tooltip_no_bullet
just a tooltip, the scope as subject (for grouping, localization). No bullet point.  
custom_tooltip_no_bullet = key; alternatively custom_tooltip_no_bullet = { text = key subject = scope (optional) <hidden effects> }
**Supported Scopes**: none  

## damage_ship_hull
Damages a ship's hull by a given amount  
damage_ship_hull = 20
**Supported Scopes**: ship  

## damage_ship_hull_percent
Damages a ship's hull by a given percentage of its total health  
damage_ship_hull_percent = 0.2
**Supported Scopes**: ship  

## deactivate_building
Deactivate a building in a state  
deactivate_building = { building = building_key }
**Supported Scopes**: state  

## deactivate_law
Deactivates a law for a country
**Supported Scopes**: country  
**Supported Targets**: law_type  

## deactivate_parties
Deactivates parties in scoped country.  
deactivate_parties = yes
**Supported Scopes**: country  

## debug_log
Log a string to the debug log when this effect executes, debug_log = message, the message can be a localization string with ROOT, SCOPE and PREV available
**Supported Scopes**: none  

## debug_log_scopes
Log the current scope to the debug log when this effect executes  
debug_log_scopes = yes # log full scope info  
debug_log_scopes = no  # log only current scope
**Supported Scopes**: none  

## decrease_autonomy
Change a country's subject type to a less autonomus one  
decrease_autonomy = yes
**Supported Scopes**: country  

## deploy_to_front
Deploys the scope formation to the target front  
deploy_to_front = p:xFAFAFA.front  
Can also take a base_camp parameter, will use given province to search for the nearest connected base camp  
deploy_to_front = { front = p:xFAFAFA.front base_camp = p:xFAFAFA }
**Supported Scopes**: military_formation  

## destroy_container
Destroys the script container in scope.  
destroy_container = yes
**Supported Scopes**: container  

## disable_temporary_hostilities
Disable temporary hostilities of a given type between two countries  
disable_temporary_hostilities = {  
	country = country scope/tag  
	type = naval/war/limited_war  
}
**Supported Scopes**: country  

## disband_party
Removes all interest groups from the party, causing it to disband  
disband_party = yes
**Supported Scopes**: party  

## disband_political_lobby
Disband scoped political lobby  
disband_political_lobby = yes
**Supported Scopes**: political_lobby  

## disinherit_character
Strips the scoped character of their heir status in whichever countries apply.  
scope:larry = { disinherit_character = yes }
**Supported Scopes**: character  

## else
Executes enclosed effects if limit criteria of preceding 'if' or 'else_if' is not met  
if = { limit = { <triggers> } <effects> }  
else = { <effects> }
**Supported Scopes**: none  

## else_if
Executes enclosed effects if limit criteria of preceding 'if' or 'else_if' is not met, and its own limit is met  
if = { limit = { <triggers> } <effects> }  
else_if = { limit = { <triggers> } <effects> }
**Supported Scopes**: none  

## enable_temporary_hostilities
Enable temporary hostilities between two countries for a duration  
enable_temporary_hostilities = {  
	country = country scope/tag  
	type = naval/war/limited_war  
	duration = { days/weeks/months/years = value }  
}
**Supported Scopes**: country  

## end_national_awakening
Ends a cultural awakening: end_national_awakening = cu:british
**Supported Scopes**: country  
**Supported Targets**: culture  

## end_play
End a diplomatic play  
end_play = bool
**Supported Scopes**: diplomatic_play  

## end_truce
Ends any truce betweeen two countries  
end_truce = country_scope  
}
**Supported Scopes**: country  
**Supported Targets**: country  

## error_log
Log a string to the error log when this effect executes, error_log = message, the message can be a localization string with ROOT, SCOPE and PREV available
**Supported Scopes**: none  

## every_active_law
Iterate through all active laws in a country  
every_active_law = { limit = { <triggers> } <effects> }
**Supported Scopes**: country  
**Supported Targets**: law  

## every_active_party
Iterate through all active political parties in a country  
every_active_party = { limit = { <triggers> } <effects> }
**Supported Scopes**: country  
**Supported Targets**: party  

## every_character
Iterate through all characters globally  
every_character = { limit = { <triggers> } <effects> }
**Supported Scopes**: none  
**Supported Targets**: character  

## every_character_in_exile_pool
Iterate through characters in the exile pool  
every_character_in_exile_pool = { limit = { <triggers> } <effects> }
**Supported Scopes**: none  
**Supported Targets**: character  

## every_character_in_void
Iterate through characters in the void  
every_character_in_void = { limit = { <triggers> } <effects> }
**Supported Scopes**: none  
**Supported Targets**: character  

## every_character_role
Iterate through all roles of the scoped character  
every_character_role = { limit = { <triggers> } <effects> }
**Supported Scopes**: character  
**Supported Targets**: character_role  

## every_civil_war
Iterate through all civil wars related to the scoped country  
every_civil_war = { limit = { <triggers> } <effects> }
**Supported Scopes**: country  
**Supported Targets**: civil_war  

## every_cobelligerent_in_diplo_play
Iterate through all co-belligerents of scope country in all diplomatic plays (includes wars)  
every_cobelligerent_in_diplo_play = { limit = { <triggers> } <effects> }
**Supported Scopes**: country  
**Supported Targets**: country  

## every_cobelligerent_in_war
Iterate through all co-belligerents of scope country in all wars  
every_cobelligerent_in_war = { limit = { <triggers> } <effects> }
**Supported Scopes**: country  
**Supported Targets**: country  

## every_combat_unit
Iterate through all combat units of input scope  
Supported scopes: building, military formation, front, battle  
every_combat_unit = { limit = { <triggers> } <effects> }
**Supported Scopes**: battle, building, front, hq, military_formation  
**Supported Targets**: new_combat_unit  

## every_company
Iterate through all companies in a country  
every_company = { limit = { <triggers> } <effects> }
**Supported Scopes**: country  
**Supported Targets**: company  

## every_container
Iterate through all script containers globally. Optional filters: tag = <tag> / tags = { <tag> ... } (all listed tags) and parent = <scope>  
every_container = { limit = { <triggers> } <effects> }
**Supported Scopes**: none  
**Supported Targets**: container  

## every_country
Iterate through all countries globally  
every_country = { limit = { <triggers> } <effects> }
**Supported Scopes**: none  
**Supported Targets**: country  

## every_country_in_afghanistan
target_is_our_or_fellow_subject = {  
	OR = {  
		is_subject_of = root  
		AND = {  
			root = { is_subject = yes }  
			is_subject_of = root.overlord  
		}  
	}  
}
**Supported Scopes**: none  
**Supported Targets**: country  

## every_country_in_africa
**Supported Scopes**: none  
**Supported Targets**: country  

## every_country_in_allahabad_bombay_line
effect_native_conscription_9 = {  
	if = {  
		limit = { is_country_type = decentralized }  
		add_modifier = {  
			name = native_conscription_9  
			months = -1  
		}  
	}  
}
**Supported Scopes**: none  
**Supported Targets**: country  

## every_country_in_alpide_belt
ai_is_regional_objective_state = {  
	any_scope_regional_objective = {  
		type = $TYPE$  
		is_completed = no  
		region = { $STATE$.region = this }  
	}  
}
**Supported Scopes**: none  
**Supported Targets**: country  

## every_country_in_amazon
ai_is_regional_objective_state = {  
	any_scope_regional_objective = {  
		type = $TYPE$  
		is_completed = no  
		region = { $STATE$.region = this }  
	}  
}
**Supported Scopes**: none  
**Supported Targets**: country  

## every_country_in_americas
ai_is_regional_objective_state = {  
	any_scope_regional_objective = {  
		type = $TYPE$  
		is_completed = no  
		region = { $STATE$.region = this }  
	}  
}
**Supported Scopes**: none  
**Supported Targets**: country  

## every_country_in_anatolia_old
ai_is_regional_objective_state = {  
	any_scope_regional_objective = {  
		type = $TYPE$  
		is_completed = no  
		region = { $STATE$.region = this }  
	}  
}
**Supported Scopes**: none  
**Supported Targets**: country  

## every_country_in_andean_federation
target_is_our_or_fellow_subject = {  
	OR = {  
		is_subject_of = root  
		AND = {  
			root = { is_subject = yes }  
			is_subject_of = root.overlord  
		}  
	}  
}
**Supported Scopes**: none  
**Supported Targets**: country  

## every_country_in_andes
**Supported Scopes**: none  
**Supported Targets**: country  

## every_country_in_angola
ai_can_incorporate_state = {  
	OR = {  
		is_homeland_of_country_cultures = root  
		"years_to_incorporate(root)" <= define:NAI|INCORPORATE_STATE_MAX_YEARS  
	}  
}
**Supported Scopes**: none  
**Supported Targets**: country  

## every_country_in_arabia
target_is_our_or_fellow_subject = {  
	OR = {  
		is_subject_of = root  
		AND = {  
			root = { is_subject = yes }  
			is_subject_of = root.overlord  
		}  
	}  
}
**Supported Scopes**: none  
**Supported Targets**: country  

## every_country_in_arabic_old
ai_is_regional_objective_state = {  
	any_scope_regional_objective = {  
		type = $TYPE$  
		is_completed = no  
		region = { $STATE$.region = this }  
	}  
}
**Supported Scopes**: none  
**Supported Targets**: country  

## every_country_in_aragon
ai_is_regional_objective_state = {  
	any_scope_regional_objective = {  
		type = $TYPE$  
		is_completed = no  
		region = { $STATE$.region = this }  
	}  
}
**Supported Scopes**: none  
**Supported Targets**: country  

## every_country_in_arctic_russia_old
**Supported Scopes**: none  
**Supported Targets**: country  

## every_country_in_asia
ai_can_incorporate_state = {  
	OR = {  
		is_homeland_of_country_cultures = root  
		"years_to_incorporate(root)" <= define:NAI|INCORPORATE_STATE_MAX_YEARS  
	}  
}
**Supported Scopes**: none  
**Supported Targets**: country  

## every_country_in_atlantic_coast
**Supported Scopes**: none  
**Supported Targets**: country  

## every_country_in_australasia
ai_can_incorporate_state = {  
	OR = {  
		is_homeland_of_country_cultures = root  
		"years_to_incorporate(root)" <= define:NAI|INCORPORATE_STATE_MAX_YEARS  
	}  
}
**Supported Scopes**: none  
**Supported Targets**: country  

## every_country_in_australia
ai_can_incorporate_state = {  
	OR = {  
		is_homeland_of_country_cultures = root  
		"years_to_incorporate(root)" <= define:NAI|INCORPORATE_STATE_MAX_YEARS  
	}  
}
**Supported Scopes**: none  
**Supported Targets**: country  

## every_country_in_balkans
ai_is_regional_objective_state = {  
	any_scope_regional_objective = {  
		type = $TYPE$  
		is_completed = no  
		region = { $STATE$.region = this }  
	}  
}
**Supported Scopes**: none  
**Supported Targets**: country  

## every_country_in_balkans_old
ai_is_regional_objective_state = {  
	any_scope_regional_objective = {  
		type = $TYPE$  
		is_completed = no  
		region = { $STATE$.region = this }  
	}  
}
**Supported Scopes**: none  
**Supported Targets**: country  

## every_country_in_baltic_old
**Supported Scopes**: none  
**Supported Targets**: country  

## every_country_in_baltic_states_old
ai_is_regional_objective_state = {  
	any_scope_regional_objective = {  
		type = $TYPE$  
		is_completed = no  
		region = { $STATE$.region = this }  
	}  
}
**Supported Scopes**: none  
**Supported Targets**: country  

## every_country_in_belarus_old
ai_can_incorporate_state = {  
	OR = {  
		is_homeland_of_country_cultures = root  
		"years_to_incorporate(root)" <= define:NAI|INCORPORATE_STATE_MAX_YEARS  
	}  
}
**Supported Scopes**: none  
**Supported Targets**: country  

## every_country_in_bengal_old
ai_is_regional_objective_state = {  
	any_scope_regional_objective = {  
		type = $TYPE$  
		is_completed = no  
		region = { $STATE$.region = this }  
	}  
}
**Supported Scopes**: none  
**Supported Targets**: country  

## every_country_in_bolivia
ai_can_incorporate_state = {  
	OR = {  
		is_homeland_of_country_cultures = root  
		"years_to_incorporate(root)" <= define:NAI|INCORPORATE_STATE_MAX_YEARS  
	}  
}
**Supported Scopes**: none  
**Supported Targets**: country  

## every_country_in_bombay_madras_line
ai_is_regional_objective_state = {  
	any_scope_regional_objective = {  
		type = $TYPE$  
		is_completed = no  
		region = { $STATE$.region = this }  
	}  
}
**Supported Scopes**: none  
**Supported Targets**: country  

## every_country_in_bombay_old
target_is_our_or_fellow_subject = {  
	OR = {  
		is_subject_of = root  
		AND = {  
			root = { is_subject = yes }  
			is_subject_of = root.overlord  
		}  
	}  
}
**Supported Scopes**: none  
**Supported Targets**: country  

## every_country_in_brazil
ai_can_incorporate_state = {  
	OR = {  
		is_homeland_of_country_cultures = root  
		"years_to_incorporate(root)" <= define:NAI|INCORPORATE_STATE_MAX_YEARS  
	}  
}
**Supported Scopes**: none  
**Supported Targets**: country  

## every_country_in_burma
**Supported Scopes**: none  
**Supported Targets**: country  

## every_country_in_canada
**Supported Scopes**: none  
**Supported Targets**: country  

## every_country_in_canada_old
**Supported Scopes**: none  
**Supported Targets**: country  

## every_country_in_caribbean_old
target_is_our_or_fellow_subject = {  
	OR = {  
		is_subject_of = root  
		AND = {  
			root = { is_subject = yes }  
			is_subject_of = root.overlord  
		}  
	}  
}
**Supported Scopes**: none  
**Supported Targets**: country  

## every_country_in_castile
target_is_our_or_fellow_subject = {  
	OR = {  
		is_subject_of = root  
		AND = {  
			root = { is_subject = yes }  
			is_subject_of = root.overlord  
		}  
	}  
}
**Supported Scopes**: none  
**Supported Targets**: country  

## every_country_in_caucasus_old
**Supported Scopes**: none  
**Supported Targets**: country  

## every_country_in_central_america
ai_can_incorporate_state = {  
	OR = {  
		is_homeland_of_country_cultures = root  
		"years_to_incorporate(root)" <= define:NAI|INCORPORATE_STATE_MAX_YEARS  
	}  
}
**Supported Scopes**: none  
**Supported Targets**: country  

## every_country_in_central_america_old
È§ØÙö
**Supported Scopes**: none  
**Supported Targets**: country  

## every_country_in_central_asia
target_is_our_or_fellow_subject = {  
	OR = {  
		is_subject_of = root  
		AND = {  
			root = { is_subject = yes }  
			is_subject_of = root.overlord  
		}  
	}  
}
**Supported Scopes**: none  
**Supported Targets**: country  

## every_country_in_central_asia_old
**Supported Scopes**: none  
**Supported Targets**: country  

## every_country_in_central_europe
ai_is_regional_objective_state = {  
	any_scope_regional_objective = {  
		type = $TYPE$  
		is_completed = no  
		region = { $STATE$.region = this }  
	}  
}
**Supported Scopes**: none  
**Supported Targets**: country  

## every_country_in_central_india_old
ai_is_regional_objective_state = {  
	any_scope_regional_objective = {  
		type = $TYPE$  
		is_completed = no  
		region = { $STATE$.region = this }  
	}  
}
**Supported Scopes**: none  
**Supported Targets**: country  

## every_country_in_china
ai_is_regional_objective_state = {  
	any_scope_regional_objective = {  
		type = $TYPE$  
		is_completed = no  
		region = { $STATE$.region = this }  
	}  
}
**Supported Scopes**: none  
**Supported Targets**: country  

## every_country_in_chorasmia
ai_is_regional_objective_state = {  
	any_scope_regional_objective = {  
		type = $TYPE$  
		is_completed = no  
		region = { $STATE$.region = this }  
	}  
}
**Supported Scopes**: none  
**Supported Targets**: country  

## every_country_in_colonial_la_plata
target_is_our_or_fellow_subject = {  
	OR = {  
		is_subject_of = root  
		AND = {  
			root = { is_subject = yes }  
			is_subject_of = root.overlord  
		}  
	}  
}
**Supported Scopes**: none  
**Supported Targets**: country  

## every_country_in_colonial_new_grenada
coa_def_italian_trigger = {  
    any_primary_culture = {  
        has_discrimination_trait = heritage_italic  
        has_discrimination_trait_group = heritage_group_european  
    }  
}
**Supported Scopes**: none  
**Supported Targets**: country  

## every_country_in_colonial_new_spain
ai_can_incorporate_state = {  
	OR = {  
		is_homeland_of_country_cultures = root  
		"years_to_incorporate(root)" <= define:NAI|INCORPORATE_STATE_MAX_YEARS  
	}  
}
**Supported Scopes**: none  
**Supported Targets**: country  

## every_country_in_colonial_peru
ai_is_regional_objective_state = {  
	any_scope_regional_objective = {  
		type = $TYPE$  
		is_completed = no  
		region = { $STATE$.region = this }  
	}  
}
**Supported Scopes**: none  
**Supported Targets**: country  

## every_country_in_congo_old
ai_is_regional_objective_state = {  
	any_scope_regional_objective = {  
		type = $TYPE$  
		is_completed = no  
		region = { $STATE$.region = this }  
	}  
}
**Supported Scopes**: none  
**Supported Targets**: country  

## every_country_in_danubia_old
ai_can_incorporate_state = {  
	OR = {  
		is_homeland_of_country_cultures = root  
		"years_to_incorporate(root)" <= define:NAI|INCORPORATE_STATE_MAX_YEARS  
	}  
}
**Supported Scopes**: none  
**Supported Targets**: country  

## every_country_in_delhi_calcutta_line
serbian_clothes_trigger = {  
	exists = scope:character  
	scope:character = {  
		exists = home_country  
		home_country = {  
			OR = {  
				c:SER ?= this  
				was_formed_from = SER  
			}  
		}  
	}  
}
**Supported Scopes**: none  
**Supported Targets**: country  

## every_country_in_dixie_old
**Supported Scopes**: none  
**Supported Targets**: country  

## every_country_in_dnieper_old
**Supported Scopes**: none  
**Supported Targets**: country  

## every_country_in_east_africa
ai_is_regional_objective_state = {  
	any_scope_regional_objective = {  
		type = $TYPE$  
		is_completed = no  
		region = { $STATE$.region = this }  
	}  
}
**Supported Scopes**: none  
**Supported Targets**: country  

## every_country_in_east_asia
ai_is_regional_objective_state = {  
	any_scope_regional_objective = {  
		type = $TYPE$  
		is_completed = no  
		region = { $STATE$.region = this }  
	}  
}
**Supported Scopes**: none  
**Supported Targets**: country  

## every_country_in_east_sibera_old
ai_is_regional_objective_state = {  
	any_scope_regional_objective = {  
		type = $TYPE$  
		is_completed = no  
		region = { $STATE$.region = this }  
	}  
}
**Supported Scopes**: none  
**Supported Targets**: country  

## every_country_in_eastern_europe
ai_can_incorporate_state = {  
	OR = {  
		is_homeland_of_country_cultures = root  
		"years_to_incorporate(root)" <= define:NAI|INCORPORATE_STATE_MAX_YEARS  
	}  
}
**Supported Scopes**: none  
**Supported Targets**: country  

## every_country_in_england_old
target_is_our_or_fellow_subject = {  
	OR = {  
		is_subject_of = root  
		AND = {  
			root = { is_subject = yes }  
			is_subject_of = root.overlord  
		}  
	}  
}
**Supported Scopes**: none  
**Supported Targets**: country  

## every_country_in_equatorial_africa
ai_is_regional_objective_state = {  
	any_scope_regional_objective = {  
		type = $TYPE$  
		is_completed = no  
		region = { $STATE$.region = this }  
	}  
}
**Supported Scopes**: none  
**Supported Targets**: country  

## every_country_in_ethiopia_old
target_is_our_or_fellow_subject = {  
	OR = {  
		is_subject_of = root  
		AND = {  
			root = { is_subject = yes }  
			is_subject_of = root.overlord  
		}  
	}  
}
**Supported Scopes**: none  
**Supported Targets**: country  

## every_country_in_europe
**Supported Scopes**: none  
**Supported Targets**: country  

## every_country_in_ezochi
target_is_our_or_fellow_subject = {  
	OR = {  
		is_subject_of = root  
		AND = {  
			root = { is_subject = yes }  
			is_subject_of = root.overlord  
		}  
	}  
}
**Supported Scopes**: none  
**Supported Targets**: country  

## every_country_in_finland_old
target_is_our_or_fellow_subject = {  
	OR = {  
		is_subject_of = root  
		AND = {  
			root = { is_subject = yes }  
			is_subject_of = root.overlord  
		}  
	}  
}
**Supported Scopes**: none  
**Supported Targets**: country  

## every_country_in_france
ai_is_regional_objective_state = {  
	any_scope_regional_objective = {  
		type = $TYPE$  
		is_completed = no  
		region = { $STATE$.region = this }  
	}  
}
**Supported Scopes**: none  
**Supported Targets**: country  

## every_country_in_france_old
**Supported Scopes**: none  
**Supported Targets**: country  

## every_country_in_french_natural_borders
country_is_taikunate = {  
    custom_tooltip = {  
        text = has_taikunate_tt  
        any_active_law = {  
            has_amendment = amendment_type:amendment_taikunate  
        }  
    }  
}
**Supported Scopes**: none  
**Supported Targets**: country  

## every_country_in_german_confederation
is_in_civil_war = {  
	custom_tooltip = {  
		text = is_in_civil_war_tt  
		any_enemy_in_diplo_play = {  
			NOT = { this = ROOT }  
			country_definition = root.country_definition  
		}  
	}  
}
**Supported Scopes**: none  
**Supported Targets**: country  

## every_country_in_gran_colombia
target_is_our_or_fellow_subject = {  
	OR = {  
		is_subject_of = root  
		AND = {  
			root = { is_subject = yes }  
			is_subject_of = root.overlord  
		}  
	}  
}
**Supported Scopes**: none  
**Supported Targets**: country  

## every_country_in_great_game_region
**Supported Scopes**: none  
**Supported Targets**: country  

## every_country_in_great_plains
target_is_our_or_fellow_subject = {  
	OR = {  
		is_subject_of = root  
		AND = {  
			root = { is_subject = yes }  
			is_subject_of = root.overlord  
		}  
	}  
}
**Supported Scopes**: none  
**Supported Targets**: country  

## every_country_in_great_plains_old
ai_can_incorporate_state = {  
	OR = {  
		is_homeland_of_country_cultures = root  
		"years_to_incorporate(root)" <= define:NAI|INCORPORATE_STATE_MAX_YEARS  
	}  
}
**Supported Scopes**: none  
**Supported Targets**: country  

## every_country_in_great_rift_valley
target_is_our_or_fellow_subject = {  
	OR = {  
		is_subject_of = root  
		AND = {  
			root = { is_subject = yes }  
			is_subject_of = root.overlord  
		}  
	}  
}
**Supported Scopes**: none  
**Supported Targets**: country  

## every_country_in_greater_afghanistan
spanish_clothes_pop_trigger = {  
	exists = scope:pop  
	scope:pop = {  
		exists = home_country  
		home_country = {  
			is_subject = no  
			country_has_primary_culture = cu:spanish  
		}  
	}  
}
**Supported Scopes**: none  
**Supported Targets**: country  

## every_country_in_greater_bulgaria
ai_is_regional_objective_state = {  
	any_scope_regional_objective = {  
		type = $TYPE$  
		is_completed = no  
		region = { $STATE$.region = this }  
	}  
}
**Supported Scopes**: none  
**Supported Targets**: country  

## every_country_in_greater_canada
ai_can_incorporate_state = {  
	OR = {  
		is_homeland_of_country_cultures = root  
		"years_to_incorporate(root)" <= define:NAI|INCORPORATE_STATE_MAX_YEARS  
	}  
}
**Supported Scopes**: none  
**Supported Targets**: country  

## every_country_in_greater_croatia
ai_is_regional_objective_state = {  
	any_scope_regional_objective = {  
		type = $TYPE$  
		is_completed = no  
		region = { $STATE$.region = this }  
	}  
}
**Supported Scopes**: none  
**Supported Targets**: country  

## every_country_in_greater_germany
ai_can_incorporate_state = {  
	OR = {  
		is_homeland_of_country_cultures = root  
		"years_to_incorporate(root)" <= define:NAI|INCORPORATE_STATE_MAX_YEARS  
	}  
}
**Supported Scopes**: none  
**Supported Targets**: country  

## every_country_in_greater_khorasan
ai_is_regional_objective_state = {  
	any_scope_regional_objective = {  
		type = $TYPE$  
		is_completed = no  
		region = { $STATE$.region = this }  
	}  
}
**Supported Scopes**: none  
**Supported Targets**: country  

## every_country_in_greater_persia
target_is_our_or_fellow_subject = {  
	OR = {  
		is_subject_of = root  
		AND = {  
			root = { is_subject = yes }  
			is_subject_of = root.overlord  
		}  
	}  
}
**Supported Scopes**: none  
**Supported Targets**: country  

## every_country_in_greater_romania
ai_is_regional_objective_state = {  
	any_scope_regional_objective = {  
		type = $TYPE$  
		is_completed = no  
		region = { $STATE$.region = this }  
	}  
}
**Supported Scopes**: none  
**Supported Targets**: country  

## every_country_in_gujarat_bombay_line
È§ØÙö
**Supported Scopes**: none  
**Supported Targets**: country  

## every_country_in_han_homelands
**Supported Scopes**: none  
**Supported Targets**: country  

## every_country_in_himalayas
**Supported Scopes**: none  
**Supported Targets**: country  

## every_country_in_himalayas_old
**Supported Scopes**: none  
**Supported Targets**: country  

## every_country_in_historic_byzantium
target_is_our_or_fellow_subject = {  
	OR = {  
		is_subject_of = root  
		AND = {  
			root = { is_subject = yes }  
			is_subject_of = root.overlord  
		}  
	}  
}
**Supported Scopes**: none  
**Supported Targets**: country  

## every_country_in_home_islands
ai_can_incorporate_state = {  
	OR = {  
		is_homeland_of_country_cultures = root  
		"years_to_incorporate(root)" <= define:NAI|INCORPORATE_STATE_MAX_YEARS  
	}  
}
**Supported Scopes**: none  
**Supported Targets**: country  

## every_country_in_honshu
ai_is_regional_objective_state = {  
	any_scope_regional_objective = {  
		type = $TYPE$  
		is_completed = no  
		region = { $STATE$.region = this }  
	}  
}
**Supported Scopes**: none  
**Supported Targets**: country  

## every_country_in_hungary
ai_is_regional_objective_state = {  
	any_scope_regional_objective = {  
		type = $TYPE$  
		is_completed = no  
		region = { $STATE$.region = this }  
	}  
}
**Supported Scopes**: none  
**Supported Targets**: country  

## every_country_in_iberia_old
ai_is_regional_objective_state = {  
	any_scope_regional_objective = {  
		type = $TYPE$  
		is_completed = no  
		region = { $STATE$.region = this }  
	}  
}
**Supported Scopes**: none  
**Supported Targets**: country  

## every_country_in_iceland
ai_can_incorporate_state = {  
	OR = {  
		is_homeland_of_country_cultures = root  
		"years_to_incorporate(root)" <= define:NAI|INCORPORATE_STATE_MAX_YEARS  
	}  
}
**Supported Scopes**: none  
**Supported Targets**: country  

## every_country_in_india
ai_can_incorporate_state = {  
	OR = {  
		is_homeland_of_country_cultures = root  
		"years_to_incorporate(root)" <= define:NAI|INCORPORATE_STATE_MAX_YEARS  
	}  
}
**Supported Scopes**: none  
**Supported Targets**: country  

## every_country_in_indian_frontier
ai_can_incorporate_state = {  
	OR = {  
		is_homeland_of_country_cultures = root  
		"years_to_incorporate(root)" <= define:NAI|INCORPORATE_STATE_MAX_YEARS  
	}  
}
**Supported Scopes**: none  
**Supported Targets**: country  

## every_country_in_indochina
**Supported Scopes**: none  
**Supported Targets**: country  

## every_country_in_indonesia
ai_is_regional_objective_state = {  
	any_scope_regional_objective = {  
		type = $TYPE$  
		is_completed = no  
		region = { $STATE$.region = this }  
	}  
}
**Supported Scopes**: none  
**Supported Targets**: country  

## every_country_in_italy_old
**Supported Scopes**: none  
**Supported Targets**: country  

## every_country_in_japan
ai_can_incorporate_state = {  
	OR = {  
		is_homeland_of_country_cultures = root  
		"years_to_incorporate(root)" <= define:NAI|INCORPORATE_STATE_MAX_YEARS  
	}  
}
**Supported Scopes**: none  
**Supported Targets**: country  

## every_country_in_japan_old
**Supported Scopes**: none  
**Supported Targets**: country  

## every_country_in_korea
ai_can_incorporate_state = {  
	OR = {  
		is_homeland_of_country_cultures = root  
		"years_to_incorporate(root)" <= define:NAI|INCORPORATE_STATE_MAX_YEARS  
	}  
}
**Supported Scopes**: none  
**Supported Targets**: country  

## every_country_in_krakatoa_tsunami_zone
È§ØÙö
**Supported Scopes**: none  
**Supported Targets**: country  

## every_country_in_la_plata
ai_is_regional_objective_state = {  
	any_scope_regional_objective = {  
		type = $TYPE$  
		is_completed = no  
		region = { $STATE$.region = this }  
	}  
}
**Supported Scopes**: none  
**Supported Targets**: country  

## every_country_in_latin_america
ai_is_regional_objective_state = {  
	any_scope_regional_objective = {  
		type = $TYPE$  
		is_completed = no  
		region = { $STATE$.region = this }  
	}  
}
**Supported Scopes**: none  
**Supported Targets**: country  

## every_country_in_lesser_germany
**Supported Scopes**: none  
**Supported Targets**: country  

## every_country_in_madras_old
**Supported Scopes**: none  
**Supported Targets**: country  

## every_country_in_manchuria_old
**Supported Scopes**: none  
**Supported Targets**: country  

## every_country_in_megali_greece
ai_can_incorporate_state = {  
	OR = {  
		is_homeland_of_country_cultures = root  
		"years_to_incorporate(root)" <= define:NAI|INCORPORATE_STATE_MAX_YEARS  
	}  
}
**Supported Scopes**: none  
**Supported Targets**: country  

## every_country_in_mexico_old
ai_can_incorporate_state = {  
	OR = {  
		is_homeland_of_country_cultures = root  
		"years_to_incorporate(root)" <= define:NAI|INCORPORATE_STATE_MAX_YEARS  
	}  
}
**Supported Scopes**: none  
**Supported Targets**: country  

## every_country_in_middle_east
ai_is_regional_objective_state = {  
	any_scope_regional_objective = {  
		type = $TYPE$  
		is_completed = no  
		region = { $STATE$.region = this }  
	}  
}
**Supported Scopes**: none  
**Supported Targets**: country  

## every_country_in_mozambique
ai_is_regional_objective_state = {  
	any_scope_regional_objective = {  
		type = $TYPE$  
		is_completed = no  
		region = { $STATE$.region = this }  
	}  
}
**Supported Scopes**: none  
**Supported Targets**: country  

## every_country_in_near_east
ai_is_regional_objective_state = {  
	any_scope_regional_objective = {  
		type = $TYPE$  
		is_completed = no  
		region = { $STATE$.region = this }  
	}  
}
**Supported Scopes**: none  
**Supported Targets**: country  

## every_country_in_new_england_old
target_is_our_or_fellow_subject = {  
	OR = {  
		is_subject_of = root  
		AND = {  
			root = { is_subject = yes }  
			is_subject_of = root.overlord  
		}  
	}  
}
**Supported Scopes**: none  
**Supported Targets**: country  

## every_country_in_new_world
ai_can_incorporate_state = {  
	OR = {  
		is_homeland_of_country_cultures = root  
		"years_to_incorporate(root)" <= define:NAI|INCORPORATE_STATE_MAX_YEARS  
	}  
}
**Supported Scopes**: none  
**Supported Targets**: country  

## every_country_in_new_zealand
target_is_our_or_fellow_subject = {  
	OR = {  
		is_subject_of = root  
		AND = {  
			root = { is_subject = yes }  
			is_subject_of = root.overlord  
		}  
	}  
}
**Supported Scopes**: none  
**Supported Targets**: country  

## every_country_in_niger_old
**Supported Scopes**: none  
**Supported Targets**: country  

## every_country_in_nile_basin
ai_can_incorporate_state = {  
	OR = {  
		is_homeland_of_country_cultures = root  
		"years_to_incorporate(root)" <= define:NAI|INCORPORATE_STATE_MAX_YEARS  
	}  
}
**Supported Scopes**: none  
**Supported Targets**: country  

## every_country_in_north_africa
**Supported Scopes**: none  
**Supported Targets**: country  

## every_country_in_north_africa_egypt
**Supported Scopes**: none  
**Supported Targets**: country  

## every_country_in_north_africa_old
ai_is_regional_objective_state = {  
	any_scope_regional_objective = {  
		type = $TYPE$  
		is_completed = no  
		region = { $STATE$.region = this }  
	}  
}
**Supported Scopes**: none  
**Supported Targets**: country  

## every_country_in_north_america
ai_is_regional_objective_state = {  
	any_scope_regional_objective = {  
		type = $TYPE$  
		is_completed = no  
		region = { $STATE$.region = this }  
	}  
}
**Supported Scopes**: none  
**Supported Targets**: country  

## every_country_in_north_andes
ai_can_incorporate_state = {  
	OR = {  
		is_homeland_of_country_cultures = root  
		"years_to_incorporate(root)" <= define:NAI|INCORPORATE_STATE_MAX_YEARS  
	}  
}
**Supported Scopes**: none  
**Supported Targets**: country  

## every_country_in_north_china
ai_is_regional_objective_state = {  
	any_scope_regional_objective = {  
		type = $TYPE$  
		is_completed = no  
		region = { $STATE$.region = this }  
	}  
}
**Supported Scopes**: none  
**Supported Targets**: country  

## every_country_in_north_germany_old
ai_can_incorporate_state = {  
	OR = {  
		is_homeland_of_country_cultures = root  
		"years_to_incorporate(root)" <= define:NAI|INCORPORATE_STATE_MAX_YEARS  
	}  
}
**Supported Scopes**: none  
**Supported Targets**: country  

## every_country_in_north_india
target_is_our_or_fellow_subject = {  
	OR = {  
		is_subject_of = root  
		AND = {  
			root = { is_subject = yes }  
			is_subject_of = root.overlord  
		}  
	}  
}
**Supported Scopes**: none  
**Supported Targets**: country  

## every_country_in_north_sea_old
ai_is_regional_objective_state = {  
	any_scope_regional_objective = {  
		type = $TYPE$  
		is_completed = no  
		region = { $STATE$.region = this }  
	}  
}
**Supported Scopes**: none  
**Supported Targets**: country  

## every_country_in_northeast_asia
ai_can_incorporate_state = {  
	OR = {  
		is_homeland_of_country_cultures = root  
		"years_to_incorporate(root)" <= define:NAI|INCORPORATE_STATE_MAX_YEARS  
	}  
}
**Supported Scopes**: none  
**Supported Targets**: country  

## every_country_in_northern_europe
ai_can_incorporate_state = {  
	OR = {  
		is_homeland_of_country_cultures = root  
		"years_to_incorporate(root)" <= define:NAI|INCORPORATE_STATE_MAX_YEARS  
	}  
}
**Supported Scopes**: none  
**Supported Targets**: country  

## every_country_in_northern_mexico
ai_is_regional_objective_state = {  
	any_scope_regional_objective = {  
		type = $TYPE$  
		is_completed = no  
		region = { $STATE$.region = this }  
	}  
}
**Supported Scopes**: none  
**Supported Targets**: country  

## every_country_in_occitania_old
ai_can_incorporate_state = {  
	OR = {  
		is_homeland_of_country_cultures = root  
		"years_to_incorporate(root)" <= define:NAI|INCORPORATE_STATE_MAX_YEARS  
	}  
}
**Supported Scopes**: none  
**Supported Targets**: country  

## every_country_in_oceania
**Supported Scopes**: none  
**Supported Targets**: country  

## every_country_in_old_world
target_is_our_or_fellow_subject = {  
	OR = {  
		is_subject_of = root  
		AND = {  
			root = { is_subject = yes }  
			is_subject_of = root.overlord  
		}  
	}  
}
**Supported Scopes**: none  
**Supported Targets**: country  

## every_country_in_pacific_coast
target_is_our_or_fellow_subject = {  
	OR = {  
		is_subject_of = root  
		AND = {  
			root = { is_subject = yes }  
			is_subject_of = root.overlord  
		}  
	}  
}
**Supported Scopes**: none  
**Supported Targets**: country  

## every_country_in_pacific_coast_old
ai_can_incorporate_state = {  
	OR = {  
		is_homeland_of_country_cultures = root  
		"years_to_incorporate(root)" <= define:NAI|INCORPORATE_STATE_MAX_YEARS  
	}  
}
**Supported Scopes**: none  
**Supported Targets**: country  

## every_country_in_persia_old
target_is_our_or_fellow_subject = {  
	OR = {  
		is_subject_of = root  
		AND = {  
			root = { is_subject = yes }  
			is_subject_of = root.overlord  
		}  
	}  
}
**Supported Scopes**: none  
**Supported Targets**: country  

## every_country_in_peru
**Supported Scopes**: none  
**Supported Targets**: country  

## every_country_in_philippines
**Supported Scopes**: none  
**Supported Targets**: country  

## every_country_in_poland_old
target_is_our_or_fellow_subject = {  
	OR = {  
		is_subject_of = root  
		AND = {  
			root = { is_subject = yes }  
			is_subject_of = root.overlord  
		}  
	}  
}
**Supported Scopes**: none  
**Supported Targets**: country  

## every_country_in_polar_seas
target_is_our_or_fellow_subject = {  
	OR = {  
		is_subject_of = root  
		AND = {  
			root = { is_subject = yes }  
			is_subject_of = root.overlord  
		}  
	}  
}
**Supported Scopes**: none  
**Supported Targets**: country  

## every_country_in_punjab_old
ai_can_incorporate_state = {  
	OR = {  
		is_homeland_of_country_cultures = root  
		"years_to_incorporate(root)" <= define:NAI|INCORPORATE_STATE_MAX_YEARS  
	}  
}
**Supported Scopes**: none  
**Supported Targets**: country  

## every_country_in_rhine_old
ai_can_incorporate_state = {  
	OR = {  
		is_homeland_of_country_cultures = root  
		"years_to_incorporate(root)" <= define:NAI|INCORPORATE_STATE_MAX_YEARS  
	}  
}
**Supported Scopes**: none  
**Supported Targets**: country  

## every_country_in_ring_of_fire
ai_is_regional_objective_state = {  
	any_scope_regional_objective = {  
		type = $TYPE$  
		is_completed = no  
		region = { $STATE$.region = this }  
	}  
}
**Supported Scopes**: none  
**Supported Targets**: country  

## every_country_in_russia
ai_can_incorporate_state = {  
	OR = {  
		is_homeland_of_country_cultures = root  
		"years_to_incorporate(root)" <= define:NAI|INCORPORATE_STATE_MAX_YEARS  
	}  
}
**Supported Scopes**: none  
**Supported Targets**: country  

## every_country_in_russia_old
ai_is_regional_objective_state = {  
	any_scope_regional_objective = {  
		type = $TYPE$  
		is_completed = no  
		region = { $STATE$.region = this }  
	}  
}
**Supported Scopes**: none  
**Supported Targets**: country  

## every_country_in_scandinavia
**Supported Scopes**: none  
**Supported Targets**: country  

## every_country_in_senegal_old
ai_is_regional_objective_state = {  
	any_scope_regional_objective = {  
		type = $TYPE$  
		is_completed = no  
		region = { $STATE$.region = this }  
	}  
}
**Supported Scopes**: none  
**Supported Targets**: country  

## every_country_in_siberia
ai_can_incorporate_state = {  
	OR = {  
		is_homeland_of_country_cultures = root  
		"years_to_incorporate(root)" <= define:NAI|INCORPORATE_STATE_MAX_YEARS  
	}  
}
**Supported Scopes**: none  
**Supported Targets**: country  

## every_country_in_south_africa
ai_can_incorporate_state = {  
	OR = {  
		is_homeland_of_country_cultures = root  
		"years_to_incorporate(root)" <= define:NAI|INCORPORATE_STATE_MAX_YEARS  
	}  
}
**Supported Scopes**: none  
**Supported Targets**: country  

## every_country_in_south_america
ai_is_regional_objective_state = {  
	any_scope_regional_objective = {  
		type = $TYPE$  
		is_completed = no  
		region = { $STATE$.region = this }  
	}  
}
**Supported Scopes**: none  
**Supported Targets**: country  

## every_country_in_south_china
target_is_our_or_fellow_subject = {  
	OR = {  
		is_subject_of = root  
		AND = {  
			root = { is_subject = yes }  
			is_subject_of = root.overlord  
		}  
	}  
}
**Supported Scopes**: none  
**Supported Targets**: country  

## every_country_in_south_east_asia
ai_is_regional_objective_state = {  
	any_scope_regional_objective = {  
		type = $TYPE$  
		is_completed = no  
		region = { $STATE$.region = this }  
	}  
}
**Supported Scopes**: none  
**Supported Targets**: country  

## every_country_in_south_germany_old
ai_can_incorporate_state = {  
	OR = {  
		is_homeland_of_country_cultures = root  
		"years_to_incorporate(root)" <= define:NAI|INCORPORATE_STATE_MAX_YEARS  
	}  
}
**Supported Scopes**: none  
**Supported Targets**: country  

## every_country_in_south_india
target_is_our_or_fellow_subject = {  
	OR = {  
		is_subject_of = root  
		AND = {  
			root = { is_subject = yes }  
			is_subject_of = root.overlord  
		}  
	}  
}
**Supported Scopes**: none  
**Supported Targets**: country  

## every_country_in_southern_africa
ai_is_regional_objective_state = {  
	any_scope_regional_objective = {  
		type = $TYPE$  
		is_completed = no  
		region = { $STATE$.region = this }  
	}  
}
**Supported Scopes**: none  
**Supported Targets**: country  

## every_country_in_southern_africa_old
°ÖÙö
**Supported Scopes**: none  
**Supported Targets**: country  

## every_country_in_southern_cone
**Supported Scopes**: none  
**Supported Targets**: country  

## every_country_in_southern_europe
ai_is_regional_objective_state = {  
	any_scope_regional_objective = {  
		type = $TYPE$  
		is_completed = no  
		region = { $STATE$.region = this }  
	}  
}
**Supported Scopes**: none  
**Supported Targets**: country  

## every_country_in_subsaharan_africa
**Supported Scopes**: none  
**Supported Targets**: country  

## every_country_in_the_midwest_old
**Supported Scopes**: none  
**Supported Targets**: country  

## every_country_in_transoxiana
target_is_our_or_fellow_subject = {  
	OR = {  
		is_subject_of = root  
		AND = {  
			root = { is_subject = yes }  
			is_subject_of = root.overlord  
		}  
	}  
}
**Supported Scopes**: none  
**Supported Targets**: country  

## every_country_in_tropical_seas
**Supported Scopes**: none  
**Supported Targets**: country  

## every_country_in_turkestan
ai_can_incorporate_state = {  
	OR = {  
		is_homeland_of_country_cultures = root  
		"years_to_incorporate(root)" <= define:NAI|INCORPORATE_STATE_MAX_YEARS  
	}  
}
**Supported Scopes**: none  
**Supported Targets**: country  

## every_country_in_urals_old
ai_is_regional_objective_state = {  
	any_scope_regional_objective = {  
		type = $TYPE$  
		is_completed = no  
		region = { $STATE$.region = this }  
	}  
}
**Supported Scopes**: none  
**Supported Targets**: country  

## every_country_in_west_africa
**Supported Scopes**: none  
**Supported Targets**: country  

## every_country_in_west_siberia_old
**Supported Scopes**: none  
**Supported Targets**: country  

## every_country_in_western_europe
target_is_our_or_fellow_subject = {  
	OR = {  
		is_subject_of = root  
		AND = {  
			root = { is_subject = yes }  
			is_subject_of = root.overlord  
		}  
	}  
}
**Supported Scopes**: none  
**Supported Targets**: country  

## every_country_in_wet_process_region
ai_is_regional_objective_state = {  
	any_scope_regional_objective = {  
		type = $TYPE$  
		is_completed = no  
		region = { $STATE$.region = this }  
	}  
}
**Supported Scopes**: none  
**Supported Targets**: country  

## every_country_in_yugoslavia
ai_is_regional_objective_state = {  
	any_scope_regional_objective = {  
		type = $TYPE$  
		is_completed = no  
		region = { $STATE$.region = this }  
	}  
}
**Supported Scopes**: none  
**Supported Targets**: country  

## every_country_in_zambezi_basin
ai_can_incorporate_state = {  
	OR = {  
		is_homeland_of_country_cultures = root  
		"years_to_incorporate(root)" <= define:NAI|INCORPORATE_STATE_MAX_YEARS  
	}  
}
**Supported Scopes**: none  
**Supported Targets**: country  

## every_country_in_zanj_old
ai_is_regional_objective_state = {  
	any_scope_regional_objective = {  
		type = $TYPE$  
		is_completed = no  
		region = { $STATE$.region = this }  
	}  
}
**Supported Scopes**: none  
**Supported Targets**: country  

## every_country_strategic_region
Iterate through all strategic regions containing states owned by the scoped country  
every_country_strategic_region = { limit = { <triggers> } <effects> }
**Supported Scopes**: country  
**Supported Targets**: strategic_region  

## every_decentralized_country
Iterate through all countries that are decentralized  
every_decentralized_country = { limit = { <triggers> } <effects> }
**Supported Scopes**: none  
**Supported Targets**: country  

## every_diplomatic_catalyst
Iterate through all diplomatic catalysts in the recent memory of a country  
every_diplomatic_catalyst = { limit = { <triggers> } <effects> }
**Supported Scopes**: country  
**Supported Targets**: diplomatic_catalyst  

## every_diplomatic_play
Iterate through all diplomatic plays globally  
every_diplomatic_play = { limit = { <triggers> } <effects> }
**Supported Scopes**: none  
**Supported Targets**: diplomatic_play  

## every_diplomatically_relevant_country
Iterate through all diplomatically relevant countries of a country scope  
every_diplomatically_relevant_country = { limit = { <triggers> } <effects> }
**Supported Scopes**: country  
**Supported Targets**: country  

## every_direct_subject
Any country directly below current in hierarchy  
every_direct_subject = { limit = { <triggers> } <effects> }
**Supported Scopes**: country  
**Supported Targets**: country  

## every_enemy_in_diplo_play
Iterate through all enemies of scope country in all diplomatic plays (includes wars)  
every_enemy_in_diplo_play = { limit = { <triggers> } <effects> }
**Supported Scopes**: country  
**Supported Targets**: country  

## every_enemy_in_war
Iterate through all enemies of scope country in all wars  
every_enemy_in_war = { limit = { <triggers> } <effects> }
**Supported Scopes**: country  
**Supported Targets**: country  

## every_harvest_condition
Iterate through all harvest conditions affecting a state, state region, strategic region, or country  
every_harvest_condition = { limit = { <triggers> } <effects> }
**Supported Scopes**: country, state, state_region, strategic_region  
**Supported Targets**: harvest_condition  

## every_in_global_list
Iterate through all items in global list. list = name or variable = name  
every_in_global_list = { limit = { <triggers> } <effects> }
**Supported Scopes**: none  

## every_in_hierarchy
Any country in current hierarchy, including current  
every_in_hierarchy = { limit = { <triggers> } <effects> }
**Supported Scopes**: country  
**Supported Targets**: country  

## every_in_list
Iterate through all items in list. list = name or variable = name  
every_in_list = { limit = { <triggers> } <effects> }
**Supported Scopes**: none  

## every_in_local_list
Iterate through all items in local list. list = name or variable = name  
every_in_local_list = { limit = { <triggers> } <effects> }
**Supported Scopes**: none  

## every_influenced_interest_group
Iterate through all interest groups influenced by a political movement  
every_influenced_interest_group = { limit = { <triggers> } <effects> }
**Supported Scopes**: political_movement  
**Supported Targets**: interest_group  

## every_interest_group
Iterate through all interest groups in a country  
every_interest_group = { limit = { <triggers> } <effects> }
**Supported Scopes**: country  
**Supported Targets**: interest_group  

## every_key_in_global_variable_map
Iterate through all keys in a global variable map.  
key_in_global_variable_map = {  
	variable = name  
	<...>  
}  
every_key_in_global_variable_map = { limit = { <triggers> } <effects> }
**Supported Scopes**: none  

## every_key_in_local_variable_map
Iterate through all keys in a local variable map.  
key_in_local_variable_map = {  
	variable = name  
	<...>  
}  
every_key_in_local_variable_map = { limit = { <triggers> } <effects> }
**Supported Scopes**: none  

## every_key_in_variable_map
Iterate through all keys in a variable map.  
key_in_variable_map = {  
	variable = name  
	<...>  
}  
every_key_in_variable_map = { limit = { <triggers> } <effects> }
**Supported Scopes**: none  

## every_law
Iterate through all laws in a country  
every_law = { limit = { <triggers> } <effects> }
**Supported Scopes**: country  
**Supported Targets**: law  

## every_lobby_member
Iterate through all interest group members of a lobby  
every_lobby_member = { limit = { <triggers> } <effects> }
**Supported Scopes**: political_lobby  
**Supported Targets**: interest_group  

## every_market
Iterate through all markets globally  
every_market = { limit = { <triggers> } <effects> }
**Supported Scopes**: none  
**Supported Targets**: market  

## every_market_goods
Iterate through all active (market) goods in a market  
every_market_goods = { limit = { <triggers> } <effects> }
**Supported Scopes**: market  
**Supported Targets**: market_goods  

## every_member
Iterate through all interest group members of a party  
every_member = { limit = { <triggers> } <effects> }
**Supported Scopes**: party  
**Supported Targets**: interest_group  

## every_military_formation
Iterate through all military formations currently present at input scope  
Supported scopes: country, front, hq  
every_military_formation = { limit = { <triggers> } <effects> }
**Supported Scopes**: country, front, hq  
**Supported Targets**: military_formation  

## every_neighbouring_state
Iterate through all states neighbouring a state region  
every_neighbouring_state = { limit = { <triggers> } <effects> }
**Supported Scopes**: country, state, state_region, strategic_region  
**Supported Targets**: state  

## every_overlord_or_above
Any country above current in hierarchy  
every_overlord_or_above = { limit = { <triggers> } <effects> }
**Supported Scopes**: country  
**Supported Targets**: country  

## every_owned_country
Iterate through all countries owned by the scoped company  
every_owned_country = { limit = { <triggers> } <effects> }
**Supported Scopes**: company  
**Supported Targets**: country  

## every_participant
Any of two participants of the diplomatic pact in a scope  
every_participant = { limit = { <triggers> } <effects> }
**Supported Scopes**: diplomatic_pact  
**Supported Targets**: country  

## every_political_lobby
Iterate through all political lobbies in a country or interest group  
every_political_lobby = { limit = { <triggers> } <effects> }
**Supported Scopes**: country, interest_group  
**Supported Targets**: political_lobby  

## every_political_movement
Iterate through all political movements in a country  
every_political_movement = { limit = { <triggers> } <effects> }
**Supported Scopes**: country  
**Supported Targets**: political_movement  

## every_possible_amendment_type
Iterate through amendment types that could be added to the scoped law  
every_possible_amendment_type = { limit = { <triggers> } <effects> }
**Supported Scopes**: law  
**Supported Targets**: amendment_type  

## every_potential_party
Iterate through all potential political parties in a country  
every_potential_party = { limit = { <triggers> } <effects> }
**Supported Scopes**: country  
**Supported Targets**: party  

## every_power_bloc
Iterate through all power blocs  
every_power_bloc = { limit = { <triggers> } <effects> }
**Supported Scopes**: none  
**Supported Targets**: power_bloc  

## every_power_bloc_member
Iterate through all members of the scoped power bloc including the leader  
every_power_bloc_member = { limit = { <triggers> } <effects> }
**Supported Scopes**: power_bloc  
**Supported Targets**: country  

## every_preferred_law
Iterate through all active and possible laws in an interest group's country, ordered by how much they prefer that law  
every_preferred_law = { limit = { <triggers> } <effects> }
**Supported Scopes**: interest_group  
**Supported Targets**: law  

## every_primary_culture
Primary cultures of the scoped country or country definition  
every_primary_culture = { limit = { <triggers> } <effects> }
**Supported Scopes**: country, country_definition  
**Supported Targets**: culture  

## every_province
Iterate through all Provinces in the scoped State  
every_province = { limit = { <triggers> } <effects> }
**Supported Scopes**: province  
**Supported Targets**: state  

## every_province_in_afghanistan
  
scope:target_state.region ?= capital.region   
can_reach_target_state = { TARGET_STATE = scope:target_state } 
**Supported Scopes**: none  
**Supported Targets**: province  

## every_province_in_africa
nordic_clothes_pop_trigger = {  
	scope:pop ?= {  
		culture = {  
			has_discrimination_trait = heritage_nordic  
		}  
	}  
}
**Supported Scopes**: none  
**Supported Targets**: province  

## every_province_in_allahabad_bombay_line
target_is_our_or_fellow_subject = {  
	OR = {  
		is_subject_of = root  
		AND = {  
			root = { is_subject = yes }  
			is_subject_of = root.overlord  
		}  
	}  
}
**Supported Scopes**: none  
**Supported Targets**: province  

## every_province_in_alpide_belt
machinists_clothes_pop_trigger = {  
     exists = scope:pop  
     scope:pop = {  
		is_pop_type = machinists  
     }  
}
**Supported Scopes**: none  
**Supported Targets**: province  

## every_province_in_amazon
  
scope:character ?= {   
culture = {   
has_discrimination_trait_group = language_group_slavic   
}   
} 
**Supported Scopes**: none  
**Supported Targets**: province  

## every_province_in_americas
gfx_military_mobilization_culture_is_east_asian = {  
  
	any_primary_culture = { has_culture_graphics = east_asian }  
  
}
**Supported Scopes**: none  
**Supported Targets**: province  

## every_province_in_anatolia_old
machinists_clothes_pop_trigger = {  
     exists = scope:pop  
     scope:pop = {  
		is_pop_type = machinists  
     }  
}
**Supported Scopes**: none  
**Supported Targets**: province  

## every_province_in_andean_federation
**Supported Scopes**: none  
**Supported Targets**: province  

## every_province_in_andes
itl_theme_trigger = {  
    OR = {  
        itl_portuguese_theme_trigger = yes  
        itl_spanish_theme_trigger = yes  
    }  
}
**Supported Scopes**: none  
**Supported Targets**: province  

## every_province_in_angola
ai_state_is_invalid_target = {  
	scope:target_country = { is_still_learning = yes } # Be nice to tutorial players  
}
**Supported Scopes**: none  
**Supported Targets**: province  

## every_province_in_arabia
is_distillery = {  
	OR = {  
		has_active_production_method = pm_pot_stills  
		has_active_production_method = pm_patent_stills  
	}  
}
**Supported Scopes**: none  
**Supported Targets**: province  

## every_province_in_arabic_old
capitalists_clothes_pop_trigger = {  
     exists = scope:pop  
     scope:pop = {  
		is_pop_type = capitalists  
     }  
}
**Supported Scopes**: none  
**Supported Targets**: province  

## every_province_in_aragon
ai_state_is_invalid_target = {  
	scope:target_country = { is_still_learning = yes } # Be nice to tutorial players  
}
**Supported Scopes**: none  
**Supported Targets**: province  

## every_province_in_arctic_russia_old
target_is_our_or_fellow_subject = {  
	OR = {  
		is_subject_of = root  
		AND = {  
			root = { is_subject = yes }  
			is_subject_of = root.overlord  
		}  
	}  
}
**Supported Scopes**: none  
**Supported Targets**: province  

## every_province_in_asia
armed_forces_clothes_trigger = {  
	exists = scope:character  
	scope:character = {  
		is_interest_group_type = ig_armed_forces  
	}  
}
**Supported Scopes**: none  
**Supported Targets**: province  

## every_province_in_atlantic_coast
  
has_strategic_adjacency = scope:target_state   
any_overlord_or_above = { this = scope:target_country } 
**Supported Scopes**: none  
**Supported Targets**: province  

## every_province_in_australasia
ai_state_is_invalid_target = {  
	scope:target_country = { is_still_learning = yes } # Be nice to tutorial players  
}
**Supported Scopes**: none  
**Supported Targets**: province  

## every_province_in_australia
nordic_clothes_pop_trigger = {  
	scope:pop ?= {  
		culture = {  
			has_discrimination_trait = heritage_nordic  
		}  
	}  
}
**Supported Scopes**: none  
**Supported Targets**: province  

## every_province_in_balkans
coa_def_turkic_trigger = {  
    any_primary_culture = {  
        has_discrimination_trait_group = language_group_turkic  
    }  
}
**Supported Scopes**: none  
**Supported Targets**: province  

## every_province_in_balkans_old
is_economic_objective_building = {  
	or = {  
		is_building_type = building_coal_mine  
		is_building_type = building_iron_mine  
	}  
}
**Supported Scopes**: none  
**Supported Targets**: province  

## every_province_in_baltic_old
is_economic_objective_building = {  
	or = {  
		is_building_type = building_coal_mine  
		is_building_type = building_iron_mine  
	}  
}
**Supported Scopes**: none  
**Supported Targets**: province  

## every_province_in_baltic_states_old
ai_can_incorporate_state = {  
	OR = {  
		is_homeland_of_country_cultures = root  
		"years_to_incorporate(root)" <= define:NAI|INCORPORATE_STATE_MAX_YEARS  
	}  
}
**Supported Scopes**: none  
**Supported Targets**: province  

## every_province_in_belarus_old
  
scope:target_state.region ?= capital.region   
can_reach_target_state = { TARGET_STATE = scope:target_state } 
**Supported Scopes**: none  
**Supported Targets**: province  

## every_province_in_bengal_old
has_addiction = {  
	OR = {  
		has_trait = alcoholic  
		has_trait = opium_addiction  
		has_trait = cocaine_addiction  
	}  
}
**Supported Scopes**: none  
**Supported Targets**: province  

## every_province_in_bolivia
  
exists = scope:actor   
scope:actor ?= { coa_undemocratic_monarchy_trigger = yes } 
**Supported Scopes**: none  
**Supported Targets**: province  

## every_province_in_bombay_madras_line
target_is_our_or_fellow_subject = {  
	OR = {  
		is_subject_of = root  
		AND = {  
			root = { is_subject = yes }  
			is_subject_of = root.overlord  
		}  
	}  
}
**Supported Scopes**: none  
**Supported Targets**: province  

## every_province_in_bombay_old
armed_forces_clothes_trigger = {  
	exists = scope:character  
	scope:character = {  
		is_interest_group_type = ig_armed_forces  
	}  
}
**Supported Scopes**: none  
**Supported Targets**: province  

## every_province_in_brazil
gfx_military_mobilization_culture_is_south_asian = {  
  
	any_primary_culture = { has_culture_graphics = south_asian }  
  
}
**Supported Scopes**: none  
**Supported Targets**: province  

## every_province_in_burma
country_is_colonial_or_company = {  
    OR = {  
        is_country_type = company  
        is_country_type = colonial  
    }  
}
**Supported Scopes**: none  
**Supported Targets**: province  

## every_province_in_canada
coa_def_turkic_trigger = {  
    any_primary_culture = {  
        has_discrimination_trait_group = language_group_turkic  
    }  
}
**Supported Scopes**: none  
**Supported Targets**: province  

## every_province_in_canada_old
capitalists_clothes_pop_trigger = {  
     exists = scope:pop  
     scope:pop = {  
		is_pop_type = capitalists  
     }  
}
**Supported Scopes**: none  
**Supported Targets**: province  

## every_province_in_caribbean_old
  
scope:character ?= {   
culture = {   
has_discrimination_trait_group = language_group_slavic   
}   
} 
**Supported Scopes**: none  
**Supported Targets**: province  

## every_province_in_castile
is_economic_objective_building = {  
	or = {  
		is_building_type = building_coal_mine  
		is_building_type = building_iron_mine  
	}  
}
**Supported Scopes**: none  
**Supported Targets**: province  

## every_province_in_caucasus_old
is_distillery = {  
	OR = {  
		has_active_production_method = pm_pot_stills  
		has_active_production_method = pm_patent_stills  
	}  
}
**Supported Scopes**: none  
**Supported Targets**: province  

## every_province_in_central_america
itl_theme_iberia_trigger = {  
    OR = {  
        itl_theme_spain_trigger = yes  
        itl_theme_portugal_trigger = yes  
    }  
}
**Supported Scopes**: none  
**Supported Targets**: province  

## every_province_in_central_america_old
ai_can_incorporate_state = {  
	OR = {  
		is_homeland_of_country_cultures = root  
		"years_to_incorporate(root)" <= define:NAI|INCORPORATE_STATE_MAX_YEARS  
	}  
}
**Supported Scopes**: none  
**Supported Targets**: province  

## every_province_in_central_asia
slavic_clothes_pop_trigger = {  
	scope:pop ?= {  
		culture = {  
			has_discrimination_trait_group = language_group_slavic  
		}  
	}  
}
**Supported Scopes**: none  
**Supported Targets**: province  

## every_province_in_central_asia_old
ai_state_is_invalid_target = {  
	scope:target_country = { is_still_learning = yes } # Be nice to tutorial players  
}
**Supported Scopes**: none  
**Supported Targets**: province  

## every_province_in_central_europe
secession_progress_high = {  
	any_civil_war = {  
		civil_war_progress >= 0.67  
		is_civil_war_type = secession  
	}  
}
**Supported Scopes**: none  
**Supported Targets**: province  

## every_province_in_central_india_old
ai_can_incorporate_state = {  
	OR = {  
		is_homeland_of_country_cultures = root  
		"years_to_incorporate(root)" <= define:NAI|INCORPORATE_STATE_MAX_YEARS  
	}  
}
**Supported Scopes**: none  
**Supported Targets**: province  

## every_province_in_china
  
scope:target_state.region ?= capital.region   
can_reach_target_state = { TARGET_STATE = scope:target_state } 
**Supported Scopes**: none  
**Supported Targets**: province  

## every_province_in_chorasmia
ideology_luddite_valid_trigger = {  
	OR = {  
		is_interest_group_type = ig_rural_folk  
		is_interest_group_type = ig_devout  
	}  
}
**Supported Scopes**: none  
**Supported Targets**: province  

## every_province_in_colonial_la_plata
**Supported Scopes**: none  
**Supported Targets**: province  

## every_province_in_colonial_new_grenada
**Supported Scopes**: none  
**Supported Targets**: province  

## every_province_in_colonial_new_spain
ai_is_regional_objective_state = {  
	any_scope_regional_objective = {  
		type = $TYPE$  
		is_completed = no  
		region = { $STATE$.region = this }  
	}  
}
**Supported Scopes**: none  
**Supported Targets**: province  

## every_province_in_colonial_peru
itl_theme_iberia_trigger = {  
    OR = {  
        itl_theme_spain_trigger = yes  
        itl_theme_portugal_trigger = yes  
    }  
}
**Supported Scopes**: none  
**Supported Targets**: province  

## every_province_in_congo_old
gfx_military_mobilization_culture_is_south_asian = {  
  
	any_primary_culture = { has_culture_graphics = south_asian }  
  
}
**Supported Scopes**: none  
**Supported Targets**: province  

## every_province_in_danubia_old
is_distillery = {  
	OR = {  
		has_active_production_method = pm_pot_stills  
		has_active_production_method = pm_patent_stills  
	}  
}
**Supported Scopes**: none  
**Supported Targets**: province  

## every_province_in_delhi_calcutta_line
ai_can_incorporate_state = {  
	OR = {  
		is_homeland_of_country_cultures = root  
		"years_to_incorporate(root)" <= define:NAI|INCORPORATE_STATE_MAX_YEARS  
	}  
}
**Supported Scopes**: none  
**Supported Targets**: province  

## every_province_in_dixie_old
ideology_luddite_valid_trigger = {  
	OR = {  
		is_interest_group_type = ig_rural_folk  
		is_interest_group_type = ig_devout  
	}  
}
**Supported Scopes**: none  
**Supported Targets**: province  

## every_province_in_dnieper_old
shopkeepers_clothes_pop_trigger = {  
     exists = scope:pop  
     scope:pop = {  
		is_pop_type = shopkeepers  
     }  
}
**Supported Scopes**: none  
**Supported Targets**: province  

## every_province_in_east_africa
coa_def_corporate_state_flag_trigger = {  
	exists = scope:actor  
	scope:actor ?= { coa_corporate_state_trigger = yes }  
}
**Supported Scopes**: none  
**Supported Targets**: province  

## every_province_in_east_asia
slavic_clothes_pop_trigger = {  
	scope:pop ?= {  
		culture = {  
			has_discrimination_trait_group = language_group_slavic  
		}  
	}  
}
**Supported Scopes**: none  
**Supported Targets**: province  

## every_province_in_east_sibera_old
country_is_colonial_or_company = {  
    OR = {  
        is_country_type = company  
        is_country_type = colonial  
    }  
}
**Supported Scopes**: none  
**Supported Targets**: province  

## every_province_in_eastern_europe
na_theme_austria_trigger = {  
    OR = {  
        c:AUS ?= this  
        c:KUK ?= this  
        was_formed_from = AUS  
    }  
}
**Supported Scopes**: none  
**Supported Targets**: province  

## every_province_in_england_old
coa_def_turkic_trigger = {  
    any_primary_culture = {  
        has_discrimination_trait_group = language_group_turkic  
    }  
}
**Supported Scopes**: none  
**Supported Targets**: province  

## every_province_in_equatorial_africa
**Supported Scopes**: none  
**Supported Targets**: province  

## every_province_in_ethiopia_old
character_is_daimyo = {  
    owner ?= {  
        country_has_primary_culture = cu:japanese  
    }  
    has_variable = daimyo_var  
}
**Supported Scopes**: none  
**Supported Targets**: province  

## every_province_in_europe
ideology_luddite_valid_trigger = {  
	OR = {  
		is_interest_group_type = ig_rural_folk  
		is_interest_group_type = ig_devout  
	}  
}
**Supported Scopes**: none  
**Supported Targets**: province  

## every_province_in_ezochi
  
scope:character ?= {   
culture = {   
has_discrimination_trait_group = language_group_slavic   
}   
} 
**Supported Scopes**: none  
**Supported Targets**: province  

## every_province_in_finland_old
coa_military_trigger = {  
	OR = {  
		has_government_type = gov_military_dictatorship  
		has_government_type = gov_junta  
	}  
}
**Supported Scopes**: none  
**Supported Targets**: province  

## every_province_in_france
shopkeepers_clothes_pop_trigger = {  
     exists = scope:pop  
     scope:pop = {  
		is_pop_type = shopkeepers  
     }  
}
**Supported Scopes**: none  
**Supported Targets**: province  

## every_province_in_france_old
aristocrats_clothes_pop_trigger = {  
     exists = scope:pop  
     scope:pop = {  
		is_pop_type = aristocrats  
     }  
}
**Supported Scopes**: none  
**Supported Targets**: province  

## every_province_in_french_natural_borders
ai_can_incorporate_state = {  
	OR = {  
		is_homeland_of_country_cultures = root  
		"years_to_incorporate(root)" <= define:NAI|INCORPORATE_STATE_MAX_YEARS  
	}  
}
**Supported Scopes**: none  
**Supported Targets**: province  

## every_province_in_german_confederation
ai_is_regional_objective_state = {  
	any_scope_regional_objective = {  
		type = $TYPE$  
		is_completed = no  
		region = { $STATE$.region = this }  
	}  
}
**Supported Scopes**: none  
**Supported Targets**: province  

## every_province_in_gran_colombia
coa_def_african_trigger = {  
    any_primary_culture = {  
        has_discrimination_trait_group = heritage_group_african  
    }  
}
**Supported Scopes**: none  
**Supported Targets**: province  

## every_province_in_great_game_region
target_is_our_or_fellow_subject = {  
	OR = {  
		is_subject_of = root  
		AND = {  
			root = { is_subject = yes }  
			is_subject_of = root.overlord  
		}  
	}  
}
**Supported Scopes**: none  
**Supported Targets**: province  

## every_province_in_great_plains
gfx_military_mobilization_culture_is_east_asian = {  
  
	any_primary_culture = { has_culture_graphics = east_asian }  
  
}
**Supported Scopes**: none  
**Supported Targets**: province  

## every_province_in_great_plains_old
country_is_colonial_or_company = {  
    OR = {  
        is_country_type = company  
        is_country_type = colonial  
    }  
}
**Supported Scopes**: none  
**Supported Targets**: province  

## every_province_in_great_rift_valley
ai_is_regional_objective_state = {  
	any_scope_regional_objective = {  
		type = $TYPE$  
		is_completed = no  
		region = { $STATE$.region = this }  
	}  
}
**Supported Scopes**: none  
**Supported Targets**: province  

## every_province_in_greater_afghanistan
target_is_our_or_fellow_subject = {  
	OR = {  
		is_subject_of = root  
		AND = {  
			root = { is_subject = yes }  
			is_subject_of = root.overlord  
		}  
	}  
}
**Supported Scopes**: none  
**Supported Targets**: province  

## every_province_in_greater_bulgaria
aristocrats_clothes_pop_trigger = {  
     exists = scope:pop  
     scope:pop = {  
		is_pop_type = aristocrats  
     }  
}
**Supported Scopes**: none  
**Supported Targets**: province  

## every_province_in_greater_canada
ideology_luddite_valid_trigger = {  
	OR = {  
		is_interest_group_type = ig_rural_folk  
		is_interest_group_type = ig_devout  
	}  
}
**Supported Scopes**: none  
**Supported Targets**: province  

## every_province_in_greater_croatia
bureaucrats_clothes_pop_trigger = {  
     exists = scope:pop  
     scope:pop = {  
		is_pop_type = bureaucrats  
     }  
}
**Supported Scopes**: none  
**Supported Targets**: province  

## every_province_in_greater_germany
capitalists_clothes_pop_trigger = {  
     exists = scope:pop  
     scope:pop = {  
		is_pop_type = capitalists  
     }  
}
**Supported Scopes**: none  
**Supported Targets**: province  

## every_province_in_greater_khorasan
coa_military_trigger = {  
	OR = {  
		has_government_type = gov_military_dictatorship  
		has_government_type = gov_junta  
	}  
}
**Supported Scopes**: none  
**Supported Targets**: province  

## every_province_in_greater_persia
india_decrease_random_princely_state_liberty_desire_10 = {  
	random_princely_state = {  
		add_liberty_desire = -10  
	}  
}
**Supported Scopes**: none  
**Supported Targets**: province  

## every_province_in_greater_romania
slavic_clothes_pop_trigger = {  
	scope:pop ?= {  
		culture = {  
			has_discrimination_trait_group = language_group_slavic  
		}  
	}  
}
**Supported Scopes**: none  
**Supported Targets**: province  

## every_province_in_gujarat_bombay_line
target_is_our_or_fellow_subject = {  
	OR = {  
		is_subject_of = root  
		AND = {  
			root = { is_subject = yes }  
			is_subject_of = root.overlord  
		}  
	}  
}
**Supported Scopes**: none  
**Supported Targets**: province  

## every_province_in_han_homelands
coa_def_catholic_trigger = {  
	exists = scope:target  
	scope:target ?= {  
		country_has_state_religion = rel:catholic  
	}  
}
**Supported Scopes**: none  
**Supported Targets**: province  

## every_province_in_himalayas
civil_war_is_liberal_revolution = {  
	is_civil_war_type = revolution  
	political_movement = {  
		movement_is_liberal = yes  
	}  
}
**Supported Scopes**: none  
**Supported Targets**: province  

## every_province_in_himalayas_old
india_decrease_random_princely_state_liberty_desire_10 = {  
	random_princely_state = {  
		add_liberty_desire = -10  
	}  
}
**Supported Scopes**: none  
**Supported Targets**: province  

## every_province_in_historic_byzantium
ai_is_regional_objective_state = {  
	any_scope_regional_objective = {  
		type = $TYPE$  
		is_completed = no  
		region = { $STATE$.region = this }  
	}  
}
**Supported Scopes**: none  
**Supported Targets**: province  

## every_province_in_home_islands
na_theme_austria_trigger = {  
    OR = {  
        c:AUS ?= this  
        c:KUK ?= this  
        was_formed_from = AUS  
    }  
}
**Supported Scopes**: none  
**Supported Targets**: province  

## every_province_in_honshu
gfx_military_mobilization_culture_is_east_asian = {  
  
	any_primary_culture = { has_culture_graphics = east_asian }  
  
}
**Supported Scopes**: none  
**Supported Targets**: province  

## every_province_in_hungary
coa_def_absolute_monarchy_flag_trigger = {  
	exists = scope:actor  
	scope:actor ?= { coa_absolute_monarchy_trigger = yes }  
}
**Supported Scopes**: none  
**Supported Targets**: province  

## every_province_in_iberia_old
civil_war_is_liberal_revolution = {  
	is_civil_war_type = revolution  
	political_movement = {  
		movement_is_liberal = yes  
	}  
}
**Supported Scopes**: none  
**Supported Targets**: province  

## every_province_in_iceland
has_government_building = {  
	OR = {  
		has_building = building_university  
		has_building = building_art_academy  
	}  
}
**Supported Scopes**: none  
**Supported Targets**: province  

## every_province_in_india
is_distillery = {  
	OR = {  
		has_active_production_method = pm_pot_stills  
		has_active_production_method = pm_patent_stills  
	}  
}
**Supported Scopes**: none  
**Supported Targets**: province  

## every_province_in_indian_frontier
secession_progress_high = {  
	any_civil_war = {  
		civil_war_progress >= 0.67  
		is_civil_war_type = secession  
	}  
}
**Supported Scopes**: none  
**Supported Targets**: province  

## every_province_in_indochina
coa_def_absolute_monarchy_flag_trigger = {  
	exists = scope:actor  
	scope:actor ?= { coa_absolute_monarchy_trigger = yes }  
}
**Supported Scopes**: none  
**Supported Targets**: province  

## every_province_in_indonesia
civil_war_is_liberal_revolution = {  
	is_civil_war_type = revolution  
	political_movement = {  
		movement_is_liberal = yes  
	}  
}
**Supported Scopes**: none  
**Supported Targets**: province  

## every_province_in_italy_old
is_distillery = {  
	OR = {  
		has_active_production_method = pm_pot_stills  
		has_active_production_method = pm_patent_stills  
	}  
}
**Supported Scopes**: none  
**Supported Targets**: province  

## every_province_in_japan
  
has_strategic_adjacency = scope:target_state   
any_overlord_or_above = { this = scope:target_country } 
**Supported Scopes**: none  
**Supported Targets**: province  

## every_province_in_japan_old
coa_def_corporate_state_flag_trigger = {  
	exists = scope:actor  
	scope:actor ?= { coa_corporate_state_trigger = yes }  
}
**Supported Scopes**: none  
**Supported Targets**: province  

## every_province_in_korea
  
exists = scope:actor   
scope:actor ?= { coa_undemocratic_monarchy_trigger = yes } 
**Supported Scopes**: none  
**Supported Targets**: province  

## every_province_in_krakatoa_tsunami_zone
ai_can_incorporate_state = {  
	OR = {  
		is_homeland_of_country_cultures = root  
		"years_to_incorporate(root)" <= define:NAI|INCORPORATE_STATE_MAX_YEARS  
	}  
}
**Supported Scopes**: none  
**Supported Targets**: province  

## every_province_in_la_plata
  
exists = scope:actor   
scope:actor ?= { coa_undemocratic_monarchy_trigger = yes } 
**Supported Scopes**: none  
**Supported Targets**: province  

## every_province_in_latin_america
coa_def_turkic_trigger = {  
    any_primary_culture = {  
        has_discrimination_trait_group = language_group_turkic  
    }  
}
**Supported Scopes**: none  
**Supported Targets**: province  

## every_province_in_lesser_germany
has_addiction = {  
	OR = {  
		has_trait = alcoholic  
		has_trait = opium_addiction  
		has_trait = cocaine_addiction  
	}  
}
**Supported Scopes**: none  
**Supported Targets**: province  

## every_province_in_madras_old
is_economic_objective_building = {  
	or = {  
		is_building_type = building_coal_mine  
		is_building_type = building_iron_mine  
	}  
}
**Supported Scopes**: none  
**Supported Targets**: province  

## every_province_in_manchuria_old
secession_progress_high = {  
	any_civil_war = {  
		civil_war_progress >= 0.67  
		is_civil_war_type = secession  
	}  
}
**Supported Scopes**: none  
**Supported Targets**: province  

## every_province_in_megali_greece
bureaucrats_clothes_pop_trigger = {  
     exists = scope:pop  
     scope:pop = {  
		is_pop_type = bureaucrats  
     }  
}
**Supported Scopes**: none  
**Supported Targets**: province  

## every_province_in_mexico_old
coa_def_catholic_trigger = {  
	exists = scope:target  
	scope:target ?= {  
		country_has_state_religion = rel:catholic  
	}  
}
**Supported Scopes**: none  
**Supported Targets**: province  

## every_province_in_middle_east
is_economic_objective_building = {  
	or = {  
		is_building_type = building_coal_mine  
		is_building_type = building_iron_mine  
	}  
}
**Supported Scopes**: none  
**Supported Targets**: province  

## every_province_in_mozambique
has_military_building = {  
	OR = {  
		has_building = building_barrack  
		has_building = building_naval_administration  
	}  
}
**Supported Scopes**: none  
**Supported Targets**: province  

## every_province_in_near_east
is_peasant_under_serfdom = {  
	is_pop_type = peasants  
	owner = {  
		has_law_or_variant = law_type:law_serfdom  
	}  
}
**Supported Scopes**: none  
**Supported Targets**: province  

## every_province_in_new_england_old
machinists_clothes_pop_trigger = {  
     exists = scope:pop  
     scope:pop = {  
		is_pop_type = machinists  
     }  
}
**Supported Scopes**: none  
**Supported Targets**: province  

## every_province_in_new_world
armed_forces_clothes_trigger = {  
	exists = scope:character  
	scope:character = {  
		is_interest_group_type = ig_armed_forces  
	}  
}
**Supported Scopes**: none  
**Supported Targets**: province  

## every_province_in_new_zealand
has_government_building = {  
	OR = {  
		has_building = building_university  
		has_building = building_art_academy  
	}  
}
**Supported Scopes**: none  
**Supported Targets**: province  

## every_province_in_niger_old
itl_theme_iberia_trigger = {  
    OR = {  
        itl_theme_spain_trigger = yes  
        itl_theme_portugal_trigger = yes  
    }  
}
**Supported Scopes**: none  
**Supported Targets**: province  

## every_province_in_nile_basin
gfx_military_mobilization_culture_is_south_asian = {  
  
	any_primary_culture = { has_culture_graphics = south_asian }  
  
}
**Supported Scopes**: none  
**Supported Targets**: province  

## every_province_in_north_africa
gfx_military_mobilization_culture_is_european = {  
  
	any_primary_culture = { has_culture_graphics = european }  
  
}
**Supported Scopes**: none  
**Supported Targets**: province  

## every_province_in_north_africa_egypt
ai_is_regional_objective_state = {  
	any_scope_regional_objective = {  
		type = $TYPE$  
		is_completed = no  
		region = { $STATE$.region = this }  
	}  
}
**Supported Scopes**: none  
**Supported Targets**: province  

## every_province_in_north_africa_old
  
exists = scope:actor   
scope:actor ?= { coa_undemocratic_monarchy_trigger = yes } 
**Supported Scopes**: none  
**Supported Targets**: province  

## every_province_in_north_america
country_is_colonial_or_company = {  
    OR = {  
        is_country_type = company  
        is_country_type = colonial  
    }  
}
**Supported Scopes**: none  
**Supported Targets**: province  

## every_province_in_north_andes
coa_military_trigger = {  
	OR = {  
		has_government_type = gov_military_dictatorship  
		has_government_type = gov_junta  
	}  
}
**Supported Scopes**: none  
**Supported Targets**: province  

## every_province_in_north_china
slavic_clothes_pop_trigger = {  
	scope:pop ?= {  
		culture = {  
			has_discrimination_trait_group = language_group_slavic  
		}  
	}  
}
**Supported Scopes**: none  
**Supported Targets**: province  

## every_province_in_north_germany_old
ai_is_regional_objective_state = {  
	any_scope_regional_objective = {  
		type = $TYPE$  
		is_completed = no  
		region = { $STATE$.region = this }  
	}  
}
**Supported Scopes**: none  
**Supported Targets**: province  

## every_province_in_north_india
coa_def_absolute_monarchy_flag_trigger = {  
	exists = scope:actor  
	scope:actor ?= { coa_absolute_monarchy_trigger = yes }  
}
**Supported Scopes**: none  
**Supported Targets**: province  

## every_province_in_north_sea_old
coa_def_absolute_monarchy_flag_trigger = {  
	exists = scope:actor  
	scope:actor ?= { coa_absolute_monarchy_trigger = yes }  
}
**Supported Scopes**: none  
**Supported Targets**: province  

## every_province_in_northeast_asia
india_decrease_random_princely_state_liberty_desire_10 = {  
	random_princely_state = {  
		add_liberty_desire = -10  
	}  
}
**Supported Scopes**: none  
**Supported Targets**: province  

## every_province_in_northern_europe
coa_def_catholic_trigger = {  
	exists = scope:target  
	scope:target ?= {  
		country_has_state_religion = rel:catholic  
	}  
}
**Supported Scopes**: none  
**Supported Targets**: province  

## every_province_in_northern_mexico
gfx_military_mobilization_culture_is_east_asian = {  
  
	any_primary_culture = { has_culture_graphics = east_asian }  
  
}
**Supported Scopes**: none  
**Supported Targets**: province  

## every_province_in_occitania_old
nordic_clothes_pop_trigger = {  
	scope:pop ?= {  
		culture = {  
			has_discrimination_trait = heritage_nordic  
		}  
	}  
}
**Supported Scopes**: none  
**Supported Targets**: province  

## every_province_in_oceania
has_addiction = {  
	OR = {  
		has_trait = alcoholic  
		has_trait = opium_addiction  
		has_trait = cocaine_addiction  
	}  
}
**Supported Scopes**: none  
**Supported Targets**: province  

## every_province_in_old_world
ai_state_is_invalid_target = {  
	scope:target_country = { is_still_learning = yes } # Be nice to tutorial players  
}
**Supported Scopes**: none  
**Supported Targets**: province  

## every_province_in_pacific_coast
coa_def_african_trigger = {  
    any_primary_culture = {  
        has_discrimination_trait_group = heritage_group_african  
    }  
}
**Supported Scopes**: none  
**Supported Targets**: province  

## every_province_in_pacific_coast_old
ai_is_regional_objective_state = {  
	any_scope_regional_objective = {  
		type = $TYPE$  
		is_completed = no  
		region = { $STATE$.region = this }  
	}  
}
**Supported Scopes**: none  
**Supported Targets**: province  

## every_province_in_persia_old
has_government_building = {  
	OR = {  
		has_building = building_university  
		has_building = building_art_academy  
	}  
}
**Supported Scopes**: none  
**Supported Targets**: province  

## every_province_in_peru
itl_theme_trigger = {  
    OR = {  
        itl_portuguese_theme_trigger = yes  
        itl_spanish_theme_trigger = yes  
    }  
}
**Supported Scopes**: none  
**Supported Targets**: province  

## every_province_in_philippines
gfx_military_mobilization_culture_is_south_asian = {  
  
	any_primary_culture = { has_culture_graphics = south_asian }  
  
}
**Supported Scopes**: none  
**Supported Targets**: province  

## every_province_in_poland_old
ai_state_is_invalid_target = {  
	scope:target_country = { is_still_learning = yes } # Be nice to tutorial players  
}
**Supported Scopes**: none  
**Supported Targets**: province  

## every_province_in_polar_seas
gfx_military_mobilization_culture_is_south_asian = {  
  
	any_primary_culture = { has_culture_graphics = south_asian }  
  
}
**Supported Scopes**: none  
**Supported Targets**: province  

## every_province_in_punjab_old
has_military_building = {  
	OR = {  
		has_building = building_barrack  
		has_building = building_naval_administration  
	}  
}
**Supported Scopes**: none  
**Supported Targets**: province  

## every_province_in_rhine_old
has_government_building = {  
	OR = {  
		has_building = building_university  
		has_building = building_art_academy  
	}  
}
**Supported Scopes**: none  
**Supported Targets**: province  

## every_province_in_ring_of_fire
capitalists_clothes_pop_trigger = {  
     exists = scope:pop  
     scope:pop = {  
		is_pop_type = capitalists  
     }  
}
**Supported Scopes**: none  
**Supported Targets**: province  

## every_province_in_russia
itl_theme_trigger = {  
    OR = {  
        itl_portuguese_theme_trigger = yes  
        itl_spanish_theme_trigger = yes  
    }  
}
**Supported Scopes**: none  
**Supported Targets**: province  

## every_province_in_russia_old
slavic_clothes_pop_trigger = {  
	scope:pop ?= {  
		culture = {  
			has_discrimination_trait_group = language_group_slavic  
		}  
	}  
}
**Supported Scopes**: none  
**Supported Targets**: province  

## every_province_in_scandinavia
devout_clothes_trigger = {  
	exists = scope:character  
	scope:character = {  
		is_interest_group_type = ig_devout  
	}  
}
**Supported Scopes**: none  
**Supported Targets**: province  

## every_province_in_senegal_old
  
scope:character ?= {   
culture = {   
has_discrimination_trait_group = language_group_slavic   
}   
} 
**Supported Scopes**: none  
**Supported Targets**: province  

## every_province_in_siberia
is_distillery = {  
	OR = {  
		has_active_production_method = pm_pot_stills  
		has_active_production_method = pm_patent_stills  
	}  
}
**Supported Scopes**: none  
**Supported Targets**: province  

## every_province_in_south_africa
capitalists_clothes_pop_trigger = {  
     exists = scope:pop  
     scope:pop = {  
		is_pop_type = capitalists  
     }  
}
**Supported Scopes**: none  
**Supported Targets**: province  

## every_province_in_south_america
coa_def_dictatorship_flag_trigger = {  
	exists = scope:actor  
	scope:actor ?= { coa_dictatorship_trigger = yes }  
}
**Supported Scopes**: none  
**Supported Targets**: province  

## every_province_in_south_china
shopkeepers_clothes_pop_trigger = {  
     exists = scope:pop  
     scope:pop = {  
		is_pop_type = shopkeepers  
     }  
}
**Supported Scopes**: none  
**Supported Targets**: province  

## every_province_in_south_east_asia
machinists_clothes_pop_trigger = {  
     exists = scope:pop  
     scope:pop = {  
		is_pop_type = machinists  
     }  
}
**Supported Scopes**: none  
**Supported Targets**: province  

## every_province_in_south_germany_old
ai_is_regional_objective_state = {  
	any_scope_regional_objective = {  
		type = $TYPE$  
		is_completed = no  
		region = { $STATE$.region = this }  
	}  
}
**Supported Scopes**: none  
**Supported Targets**: province  

## every_province_in_south_india
shopkeepers_clothes_pop_trigger = {  
     exists = scope:pop  
     scope:pop = {  
		is_pop_type = shopkeepers  
     }  
}
**Supported Scopes**: none  
**Supported Targets**: province  

## every_province_in_southern_africa
character_is_daimyo = {  
    owner ?= {  
        country_has_primary_culture = cu:japanese  
    }  
    has_variable = daimyo_var  
}
**Supported Scopes**: none  
**Supported Targets**: province  

## every_province_in_southern_africa_old
**Supported Scopes**: none  
**Supported Targets**: province  

## every_province_in_southern_cone
  
scope:target_state.region ?= capital.region   
can_reach_target_state = { TARGET_STATE = scope:target_state } 
**Supported Scopes**: none  
**Supported Targets**: province  

## every_province_in_southern_europe
country_is_colonial_or_company = {  
    OR = {  
        is_country_type = company  
        is_country_type = colonial  
    }  
}
**Supported Scopes**: none  
**Supported Targets**: province  

## every_province_in_subsaharan_africa
ai_is_regional_objective_state = {  
	any_scope_regional_objective = {  
		type = $TYPE$  
		is_completed = no  
		region = { $STATE$.region = this }  
	}  
}
**Supported Scopes**: none  
**Supported Targets**: province  

## every_province_in_the_midwest_old
coa_def_absolute_monarchy_flag_trigger = {  
	exists = scope:actor  
	scope:actor ?= { coa_absolute_monarchy_trigger = yes }  
}
**Supported Scopes**: none  
**Supported Targets**: province  

## every_province_in_transoxiana
coa_def_african_trigger = {  
    any_primary_culture = {  
        has_discrimination_trait_group = heritage_group_african  
    }  
}
**Supported Scopes**: none  
**Supported Targets**: province  

## every_province_in_tropical_seas
itl_theme_iberia_trigger = {  
    OR = {  
        itl_theme_spain_trigger = yes  
        itl_theme_portugal_trigger = yes  
    }  
}
**Supported Scopes**: none  
**Supported Targets**: province  

## every_province_in_turkestan
coa_def_turkic_trigger = {  
    any_primary_culture = {  
        has_discrimination_trait_group = language_group_turkic  
    }  
}
**Supported Scopes**: none  
**Supported Targets**: province  

## every_province_in_urals_old
coa_def_turkic_trigger = {  
    any_primary_culture = {  
        has_discrimination_trait_group = language_group_turkic  
    }  
}
**Supported Scopes**: none  
**Supported Targets**: province  

## every_province_in_west_africa
  
exists = scope:actor   
scope:actor ?= { coa_undemocratic_monarchy_trigger = yes } 
**Supported Scopes**: none  
**Supported Targets**: province  

## every_province_in_west_siberia_old
coa_def_absolute_monarchy_flag_trigger = {  
	exists = scope:actor  
	scope:actor ?= { coa_absolute_monarchy_trigger = yes }  
}
**Supported Scopes**: none  
**Supported Targets**: province  

## every_province_in_western_europe
  
scope:target_state.region ?= capital.region   
can_reach_target_state = { TARGET_STATE = scope:target_state } 
**Supported Scopes**: none  
**Supported Targets**: province  

## every_province_in_wet_process_region
target_is_our_or_fellow_subject = {  
	OR = {  
		is_subject_of = root  
		AND = {  
			root = { is_subject = yes }  
			is_subject_of = root.overlord  
		}  
	}  
}
**Supported Scopes**: none  
**Supported Targets**: province  

## every_province_in_yugoslavia
is_peasant_under_serfdom = {  
	is_pop_type = peasants  
	owner = {  
		has_law_or_variant = law_type:law_serfdom  
	}  
}
**Supported Scopes**: none  
**Supported Targets**: province  

## every_province_in_zambezi_basin
is_peasant_under_serfdom = {  
	is_pop_type = peasants  
	owner = {  
		has_law_or_variant = law_type:law_serfdom  
	}  
}
**Supported Scopes**: none  
**Supported Targets**: province  

## every_province_in_zanj_old
  
has_strategic_adjacency = scope:target_state   
any_overlord_or_above = { this = scope:target_country } 
**Supported Scopes**: none  
**Supported Targets**: province  

## every_releasable_state
Iterate through the states of the scoped country that would be released to scope:target_country_creation, for country creation war goals  
every_releasable_state = { limit = { <triggers> } <effects> }
**Supported Scopes**: country  
**Supported Targets**: state  

## every_rival_country
Any country that is being rivaled by the country in a scope  
every_rival_country = { limit = { <triggers> } <effects> }
**Supported Scopes**: country  
**Supported Targets**: country  

## every_rivaling_country
Any country that is rivaling the country in a scope  
every_rivaling_country = { limit = { <triggers> } <effects> }
**Supported Scopes**: country  
**Supported Targets**: country  

## every_scope_admiral
Iterate through all admirals in a: country, interestgroup, or military formation  
every_scope_admiral = { limit = { <triggers> } <effects> }
**Supported Scopes**: country, front, interest_group, military_formation  
**Supported Targets**: character  

## every_scope_ally
Iterate through all allies to a: country  
every_scope_ally = { limit = { <triggers> } <effects> }
**Supported Scopes**: country  
**Supported Targets**: country  

## every_scope_amendment
Iterate through amendments of the scoped law  
every_scope_amendment = { limit = { <triggers> } <effects> }
**Supported Scopes**: law  
**Supported Targets**: amendment  

## every_scope_army
Iterate through all armies currently present at input scope  
Supported scopes: country, front, hq  
every_scope_army = { limit = { <triggers> } <effects> }
**Supported Scopes**: country, front, hq  
**Supported Targets**: military_formation  

## every_scope_article
Iterate through articles of the scoped treaty  
every_scope_article = { limit = { <triggers> } <effects> }
**Supported Scopes**: treaty  
**Supported Targets**: treaty_article  

## every_scope_article_option
Iterate through article_options of the scoped treaty or treaty_options  
every_scope_article_option = { limit = { <triggers> } <effects> }
**Supported Scopes**: treaty_options, treaty  
**Supported Targets**: treaty_article_options  

## every_scope_building
Iterate through all buildings in a: state, country  
every_scope_building = { limit = { <triggers> } <effects> }
**Supported Scopes**: country, state  
**Supported Targets**: building  

## every_scope_character
Iterate through all characters in a: country, interestgroup, or front  
every_scope_character = { limit = { <triggers> } <effects> }
**Supported Scopes**: country, front, interest_group, military_formation  
**Supported Targets**: character  

## every_scope_country
Iterate through all countries with a presence in the supported scope (currently: market, strategic region)  
every_scope_country = { limit = { <triggers> } <effects> }
**Supported Scopes**: market, state_region, strategic_region  
**Supported Targets**: country  

## every_scope_culture
Iterate through all cultures in the scope  
every_scope_culture = { limit = { <triggers> } <effects> }
**Supported Scopes**: country, state  
**Supported Targets**: culture  

## every_scope_diplomatic_pact
Any diplomatic pact of the country in a scope  
every_scope_diplomatic_pact = { limit = { <triggers> } <effects> }
**Supported Scopes**: country  
**Supported Targets**: diplomatic_pact  

## every_scope_fleet
Iterate through all fleets currently present at input scope  
Supported scopes: country, hq  
every_scope_fleet = { limit = { <triggers> } <effects> }
**Supported Scopes**: country, hq  
**Supported Targets**: military_formation  

## every_scope_front
Iterate through all Fronts related to the scoped War  
every_scope_front = { limit = { <triggers> } <effects> }
**Supported Scopes**: war  
**Supported Targets**: front  

## every_scope_general
Iterate through all generals in a: country, interestgroup, front, or military formation  
every_scope_general = { limit = { <triggers> } <effects> }
**Supported Scopes**: country, front, interest_group, military_formation  
**Supported Targets**: character  

## every_scope_held_interest_marker
Iterate through all interest markers held by a country  
every_scope_held_interest_marker = { limit = { <triggers> } <effects> }
**Supported Scopes**: country  
**Supported Targets**: interest_marker  

## every_scope_homeland_state
Iterate through all states that are a homeland for the scoped culture, or a homeland of any primary culture of the scoped country  
every_scope_homeland_state = { limit = { <triggers> } <effects> }
**Supported Scopes**: country, culture  
**Supported Targets**: state  

## every_scope_initiator_ally
Iterate through all allies to an initiator in a: diplomatic play  
every_scope_initiator_ally = { limit = { <triggers> } <effects> }
**Supported Scopes**: diplomatic_play  
**Supported Targets**: country  

## every_scope_interest_marker
Iterate through all interest markers in a: country, strategic region, state region  
every_scope_interest_marker = { limit = { <triggers> } <effects> }
**Supported Scopes**: country, state_region, strategic_region  
**Supported Targets**: interest_marker  

## every_scope_je_involved
Iterate through all involved in a journal entry  
every_scope_je_involved = { limit = { <triggers> } <effects> }
**Supported Scopes**: journal_entry  
**Supported Targets**: country  

## every_scope_play_involved
Iterate through all involved in a: diplomatic play  
every_scope_play_involved = { limit = { <triggers> } <effects> }
**Supported Scopes**: diplomatic_play  
**Supported Targets**: country  

## every_scope_politician
Iterate through all politicians in a: country or interestgroup  
every_scope_politician = { limit = { <triggers> } <effects> }
**Supported Scopes**: country, front, interest_group, military_formation  
**Supported Targets**: character  

## every_scope_pop
Iterate through all pops in a: country, state, interest group, culture  
every_scope_pop = { limit = { <triggers> } <effects> }
**Supported Scopes**: country, culture, interest_group, state  
**Supported Targets**: pop  

## every_scope_regional_hqs
Iterate through regional HQs of the scoped company  
every_scope_regional_hqs = { limit = { <triggers> } <effects> }
**Supported Scopes**: company  
**Supported Targets**: building  

## every_scope_regional_objective
Iterate through the AI regional objectives of the scoped country, or the ones held in the scoped strategic region  
every_scope_regional_objective = { limit = { <triggers> } <effects> }
**Supported Scopes**: country, strategic_region  
**Supported Targets**: ai_regional_objective  

## every_scope_ship
Iterate through all ships in a country or military formation  
every_scope_ship = { limit = { <triggers> } <effects> }
**Supported Scopes**: country, military_formation  
**Supported Targets**: ship  

## every_scope_state
Iterate through all states including provinces from a: country, state_region, theater, front, or strait  
every_scope_state = { limit = { <triggers> } <effects> }
**Supported Scopes**: country, front, state_region, strait, strategic_region, theater  
**Supported Targets**: state  

## every_scope_strait
Iterate through all straits with a land endpoint in the scoped state or country  
every_scope_strait = { limit = { <triggers> } <effects> }
**Supported Scopes**: country, state  
**Supported Targets**: strait  

## every_scope_target_ally
Iterate through all allies to a target in a: diplomatic play  
every_scope_target_ally = { limit = { <triggers> } <effects> }
**Supported Scopes**: diplomatic_play  
**Supported Targets**: country  

## every_scope_theater
Iterate through all theaters in a: country  
every_scope_theater = { limit = { <triggers> } <effects> }
**Supported Scopes**: country  
**Supported Targets**: theater  

## every_scope_treaty
Iterate through in force treaties binding the scoped country  
every_scope_treaty = { limit = { <triggers> } <effects> }
**Supported Scopes**: country  
**Supported Targets**: treaty  

## every_scope_violate_sovereignty_interested_parties
Iterate through all countries that would be interested if country in scope has their sovereignty violated  
every_scope_violate_sovereignty_interested_parties = { limit = { <triggers> } <effects> }
**Supported Scopes**: country  
**Supported Targets**: country  

## every_scope_violate_sovereignty_wars
Iterate through all relevant wars if target country had their sovereignty violated by scoped country  
every_scope_violate_sovereignty_wars = { limit = { <triggers> } <effects> }
**Supported Scopes**: country  
**Supported Targets**: war  

## every_scope_war
Iterate through all wars related to the scope  
every_scope_war = { limit = { <triggers> } <effects> }
**Supported Scopes**: country  
**Supported Targets**: war  

## every_sea_node_adjacent_state
Iterate through all states that share a sea node with a state  
every_sea_node_adjacent_state = { limit = { <triggers> } <effects> }
**Supported Scopes**: state  
**Supported Targets**: state  

## every_state
Iterate through all states globally  
every_state = { limit = { <triggers> } <effects> }
**Supported Scopes**: none  
**Supported Targets**: state  

## every_state_in_afghanistan
coa_military_trigger = {  
	OR = {  
		has_government_type = gov_military_dictatorship  
		has_government_type = gov_junta  
	}  
}
**Supported Scopes**: none  
**Supported Targets**: state  

## every_state_in_africa
`¬¶Ùö
**Supported Scopes**: none  
**Supported Targets**: state  

## every_state_in_allahabad_bombay_line
has_military_building = {  
	OR = {  
		has_building = building_barrack  
		has_building = building_naval_administration  
	}  
}
**Supported Scopes**: none  
**Supported Targets**: state  

## every_state_in_alpide_belt
nordic_clothes_pop_trigger = {  
	scope:pop ?= {  
		culture = {  
			has_discrimination_trait = heritage_nordic  
		}  
	}  
}
**Supported Scopes**: none  
**Supported Targets**: state  

## every_state_in_amazon
à•ðÙö
**Supported Scopes**: none  
**Supported Targets**: state  

## every_state_in_americas
secession_progress_high = {  
	any_civil_war = {  
		civil_war_progress >= 0.67  
		is_civil_war_type = secession  
	}  
}
**Supported Scopes**: none  
**Supported Targets**: state  

## every_state_in_anatolia_old
bureaucrats_clothes_pop_trigger = {  
     exists = scope:pop  
     scope:pop = {  
		is_pop_type = bureaucrats  
     }  
}
**Supported Scopes**: none  
**Supported Targets**: state  

## every_state_in_andean_federation
  
has_strategic_adjacency = scope:target_state   
any_overlord_or_above = { this = scope:target_country } 
**Supported Scopes**: none  
**Supported Targets**: state  

## every_state_in_andes
clerks_clothes_pop_trigger = {  
     exists = scope:pop  
     scope:pop = {  
		is_pop_type = clerks  
     }  
}
**Supported Scopes**: none  
**Supported Targets**: state  

## every_state_in_angola
 ¾ðÙö
**Supported Scopes**: none  
**Supported Targets**: state  

## every_state_in_arabia
korean_clothes_trigger = {  
	exists = scope:character  
	scope:character = {  
		culture = cu:korean  
	}  
}
**Supported Scopes**: none  
**Supported Targets**: state  

## every_state_in_arabic_old
aristocrats_clothes_pop_trigger = {  
     exists = scope:pop  
     scope:pop = {  
		is_pop_type = aristocrats  
     }  
}
**Supported Scopes**: none  
**Supported Targets**: state  

## every_state_in_aragon
should_be_fully_naked_portrait_trigger = {  
	should_be_naked_trigger = yes  
	should_show_nudity = yes  
}
**Supported Scopes**: none  
**Supported Targets**: state  

## every_state_in_arctic_russia_old
coa_def_absolute_monarchy_flag_trigger = {  
	exists = scope:actor  
	scope:actor ?= { coa_absolute_monarchy_trigger = yes }  
}
**Supported Scopes**: none  
**Supported Targets**: state  

## every_state_in_asia
ruler_clothes_trigger = {  
	exists = scope:character  
	scope:character = {  
		is_ruler_of_own_country = yes  
	}  
}
**Supported Scopes**: none  
**Supported Targets**: state  

## every_state_in_atlantic_coast
  
scope:character ?= {   
culture = {   
has_discrimination_trait_group = language_group_slavic   
}   
} 
**Supported Scopes**: none  
**Supported Targets**: state  

## every_state_in_australasia
is_distillery = {  
	OR = {  
		has_active_production_method = pm_pot_stills  
		has_active_production_method = pm_patent_stills  
	}  
}
**Supported Scopes**: none  
**Supported Targets**: state  

## every_state_in_australia
machinists_clothes_pop_trigger = {  
     exists = scope:pop  
     scope:pop = {  
		is_pop_type = machinists  
     }  
}
**Supported Scopes**: none  
**Supported Targets**: state  

## every_state_in_balkans
coa_def_absolute_monarchy_flag_trigger = {  
	exists = scope:actor  
	scope:actor ?= { coa_absolute_monarchy_trigger = yes }  
}
**Supported Scopes**: none  
**Supported Targets**: state  

## every_state_in_balkans_old
armed_forces_clothes_trigger = {  
	exists = scope:character  
	scope:character = {  
		is_interest_group_type = ig_armed_forces  
	}  
}
**Supported Scopes**: none  
**Supported Targets**: state  

## every_state_in_baltic_old
has_addiction = {  
	OR = {  
		has_trait = alcoholic  
		has_trait = opium_addiction  
		has_trait = cocaine_addiction  
	}  
}
**Supported Scopes**: none  
**Supported Targets**: state  

## every_state_in_baltic_states_old
bureaucrats_clothes_pop_trigger = {  
     exists = scope:pop  
     scope:pop = {  
		is_pop_type = bureaucrats  
     }  
}
**Supported Scopes**: none  
**Supported Targets**: state  

## every_state_in_belarus_old
machinists_clothes_pop_trigger = {  
     exists = scope:pop  
     scope:pop = {  
		is_pop_type = machinists  
     }  
}
**Supported Scopes**: none  
**Supported Targets**: state  

## every_state_in_bengal_old
has_addiction = {  
	OR = {  
		has_trait = alcoholic  
		has_trait = opium_addiction  
		has_trait = cocaine_addiction  
	}  
}
**Supported Scopes**: none  
**Supported Targets**: state  

## every_state_in_bolivia
gfx_military_mobilization_culture_is_european = {  
  
	any_primary_culture = { has_culture_graphics = european }  
  
}
**Supported Scopes**: none  
**Supported Targets**: state  

## every_state_in_bombay_madras_line
has_addiction = {  
	OR = {  
		has_trait = alcoholic  
		has_trait = opium_addiction  
		has_trait = cocaine_addiction  
	}  
}
**Supported Scopes**: none  
**Supported Targets**: state  

## every_state_in_bombay_old
devout_clothes_trigger = {  
	exists = scope:character  
	scope:character = {  
		is_interest_group_type = ig_devout  
	}  
}
**Supported Scopes**: none  
**Supported Targets**: state  

## every_state_in_brazil
clergy_clothes_pop_trigger = {  
	exists = scope:pop  
     scope:pop = {  
		is_pop_type = clergymen  
     }  
}
**Supported Scopes**: none  
**Supported Targets**: state  

## every_state_in_burma
peasants_clothes_pop_trigger = {  
     exists = scope:pop  
     scope:pop = {  
		is_pop_type = peasants  
     }  
}
**Supported Scopes**: none  
**Supported Targets**: state  

## every_state_in_canada
soldier_clothes_pop_trigger = {  
     exists = scope:pop  
     scope:pop = {  
		is_pop_type = soldiers  
     }  
}
**Supported Scopes**: none  
**Supported Targets**: state  

## every_state_in_canada_old
nordic_clothes_pop_trigger = {  
	scope:pop ?= {  
		culture = {  
			has_discrimination_trait = heritage_nordic  
		}  
	}  
}
**Supported Scopes**: none  
**Supported Targets**: state  

## every_state_in_caribbean_old
  
has_strategic_adjacency = scope:target_state   
any_overlord_or_above = { this = scope:target_country } 
**Supported Scopes**: none  
**Supported Targets**: state  

## every_state_in_castile
armed_forces_clothes_trigger = {  
	exists = scope:character  
	scope:character = {  
		is_interest_group_type = ig_armed_forces  
	}  
}
**Supported Scopes**: none  
**Supported Targets**: state  

## every_state_in_caucasus_old
has_military_building = {  
	OR = {  
		has_building = building_barrack  
		has_building = building_naval_administration  
	}  
}
**Supported Scopes**: none  
**Supported Targets**: state  

## every_state_in_central_america
itl_theme_trigger = {  
    OR = {  
        itl_portuguese_theme_trigger = yes  
        itl_spanish_theme_trigger = yes  
    }  
}
**Supported Scopes**: none  
**Supported Targets**: state  

## every_state_in_central_america_old
character_is_daimyo = {  
    owner ?= {  
        country_has_primary_culture = cu:japanese  
    }  
    has_variable = daimyo_var  
}
**Supported Scopes**: none  
**Supported Targets**: state  

## every_state_in_central_asia
capitalists_clothes_pop_trigger = {  
     exists = scope:pop  
     scope:pop = {  
		is_pop_type = capitalists  
     }  
}
**Supported Scopes**: none  
**Supported Targets**: state  

## every_state_in_central_asia_old
india_decrease_random_princely_state_liberty_desire_10 = {  
	random_princely_state = {  
		add_liberty_desire = -10  
	}  
}
**Supported Scopes**: none  
**Supported Targets**: state  

## every_state_in_central_europe
coa_def_african_trigger = {  
    any_primary_culture = {  
        has_discrimination_trait_group = heritage_group_african  
    }  
}
**Supported Scopes**: none  
**Supported Targets**: state  

## every_state_in_central_india_old
has_government_building = {  
	OR = {  
		has_building = building_university  
		has_building = building_art_academy  
	}  
}
**Supported Scopes**: none  
**Supported Targets**: state  

## every_state_in_china
korean_clothes_trigger = {  
	exists = scope:character  
	scope:character = {  
		culture = cu:korean  
	}  
}
**Supported Scopes**: none  
**Supported Targets**: state  

## every_state_in_chorasmia
country_is_colonial_or_company = {  
    OR = {  
        is_country_type = company  
        is_country_type = colonial  
    }  
}
**Supported Scopes**: none  
**Supported Targets**: state  

## every_state_in_colonial_la_plata
  
exists = scope:actor   
scope:actor ?= { coa_undemocratic_monarchy_trigger = yes } 
**Supported Scopes**: none  
**Supported Targets**: state  

## every_state_in_colonial_new_grenada
gfx_military_mobilization_culture_is_south_asian = {  
  
	any_primary_culture = { has_culture_graphics = south_asian }  
  
}
**Supported Scopes**: none  
**Supported Targets**: state  

## every_state_in_colonial_new_spain
itl_theme_iberia_trigger = {  
    OR = {  
        itl_theme_spain_trigger = yes  
        itl_theme_portugal_trigger = yes  
    }  
}
**Supported Scopes**: none  
**Supported Targets**: state  

## every_state_in_colonial_peru
na_theme_austria_trigger = {  
    OR = {  
        c:AUS ?= this  
        c:KUK ?= this  
        was_formed_from = AUS  
    }  
}
**Supported Scopes**: none  
**Supported Targets**: state  

## every_state_in_congo_old
na_theme_austria_trigger = {  
    OR = {  
        c:AUS ?= this  
        c:KUK ?= this  
        was_formed_from = AUS  
    }  
}
**Supported Scopes**: none  
**Supported Targets**: state  

## every_state_in_danubia_old
armed_forces_clothes_trigger = {  
	exists = scope:character  
	scope:character = {  
		is_interest_group_type = ig_armed_forces  
	}  
}
**Supported Scopes**: none  
**Supported Targets**: state  

## every_state_in_delhi_calcutta_line
is_economic_objective_building = {  
	or = {  
		is_building_type = building_coal_mine  
		is_building_type = building_iron_mine  
	}  
}
**Supported Scopes**: none  
**Supported Targets**: state  

## every_state_in_dixie_old
coa_def_dictatorship_flag_trigger = {  
	exists = scope:actor  
	scope:actor ?= { coa_dictatorship_trigger = yes }  
}
**Supported Scopes**: none  
**Supported Targets**: state  

## every_state_in_dnieper_old
capitalists_clothes_pop_trigger = {  
     exists = scope:pop  
     scope:pop = {  
		is_pop_type = capitalists  
     }  
}
**Supported Scopes**: none  
**Supported Targets**: state  

## every_state_in_east_africa
secession_progress_high = {  
	any_civil_war = {  
		civil_war_progress >= 0.67  
		is_civil_war_type = secession  
	}  
}
**Supported Scopes**: none  
**Supported Targets**: state  

## every_state_in_east_asia
capitalists_clothes_pop_trigger = {  
     exists = scope:pop  
     scope:pop = {  
		is_pop_type = capitalists  
     }  
}
**Supported Scopes**: none  
**Supported Targets**: state  

## every_state_in_east_sibera_old
coa_military_trigger = {  
	OR = {  
		has_government_type = gov_military_dictatorship  
		has_government_type = gov_junta  
	}  
}
**Supported Scopes**: none  
**Supported Targets**: state  

## every_state_in_eastern_europe
gfx_military_mobilization_culture_is_european = {  
  
	any_primary_culture = { has_culture_graphics = european }  
  
}
**Supported Scopes**: none  
**Supported Targets**: state  

## every_state_in_england_old
coa_def_corporate_state_flag_trigger = {  
	exists = scope:actor  
	scope:actor ?= { coa_corporate_state_trigger = yes }  
}
**Supported Scopes**: none  
**Supported Targets**: state  

## every_state_in_equatorial_africa
  
scope:character ?= {   
culture = {   
has_discrimination_trait_group = language_group_slavic   
}   
} 
**Supported Scopes**: none  
**Supported Targets**: state  

## every_state_in_ethiopia_old
secession_progress_high = {  
	any_civil_war = {  
		civil_war_progress >= 0.67  
		is_civil_war_type = secession  
	}  
}
**Supported Scopes**: none  
**Supported Targets**: state  

## every_state_in_europe
laborers_clothes_pop_trigger = {  
     exists = scope:pop  
     scope:pop = {  
		is_pop_type = laborers  
     }  
}
**Supported Scopes**: none  
**Supported Targets**: state  

## every_state_in_ezochi
clerks_clothes_pop_trigger = {  
     exists = scope:pop  
     scope:pop = {  
		is_pop_type = clerks  
     }  
}
**Supported Scopes**: none  
**Supported Targets**: state  

## every_state_in_finland_old
civil_war_is_liberal_revolution = {  
	is_civil_war_type = revolution  
	political_movement = {  
		movement_is_liberal = yes  
	}  
}
**Supported Scopes**: none  
**Supported Targets**: state  

## every_state_in_france
 ¾ðÙö
**Supported Scopes**: none  
**Supported Targets**: state  

## every_state_in_france_old
  
scope:target_state.region ?= capital.region   
can_reach_target_state = { TARGET_STATE = scope:target_state } 
**Supported Scopes**: none  
**Supported Targets**: state  

## every_state_in_french_natural_borders
  
scope:target_state.region ?= capital.region   
can_reach_target_state = { TARGET_STATE = scope:target_state } 
**Supported Scopes**: none  
**Supported Targets**: state  

## every_state_in_german_confederation
aristocrats_clothes_pop_trigger = {  
     exists = scope:pop  
     scope:pop = {  
		is_pop_type = aristocrats  
     }  
}
**Supported Scopes**: none  
**Supported Targets**: state  

## every_state_in_gran_colombia
character_is_daimyo = {  
    owner ?= {  
        country_has_primary_culture = cu:japanese  
    }  
    has_variable = daimyo_var  
}
**Supported Scopes**: none  
**Supported Targets**: state  

## every_state_in_great_game_region
bureaucrats_clothes_pop_trigger = {  
     exists = scope:pop  
     scope:pop = {  
		is_pop_type = bureaucrats  
     }  
}
**Supported Scopes**: none  
**Supported Targets**: state  

## every_state_in_great_plains
character_is_daimyo = {  
    owner ?= {  
        country_has_primary_culture = cu:japanese  
    }  
    has_variable = daimyo_var  
}
**Supported Scopes**: none  
**Supported Targets**: state  

## every_state_in_great_plains_old
  
scope:target_state.region ?= capital.region   
can_reach_target_state = { TARGET_STATE = scope:target_state } 
**Supported Scopes**: none  
**Supported Targets**: state  

## every_state_in_great_rift_valley
shopkeepers_clothes_pop_trigger = {  
     exists = scope:pop  
     scope:pop = {  
		is_pop_type = shopkeepers  
     }  
}
**Supported Scopes**: none  
**Supported Targets**: state  

## every_state_in_greater_afghanistan
aristocrats_clothes_pop_trigger = {  
     exists = scope:pop  
     scope:pop = {  
		is_pop_type = aristocrats  
     }  
}
**Supported Scopes**: none  
**Supported Targets**: state  

## every_state_in_greater_bulgaria
civil_war_is_liberal_revolution = {  
	is_civil_war_type = revolution  
	political_movement = {  
		movement_is_liberal = yes  
	}  
}
**Supported Scopes**: none  
**Supported Targets**: state  

## every_state_in_greater_canada
coa_def_dictatorship_flag_trigger = {  
	exists = scope:actor  
	scope:actor ?= { coa_dictatorship_trigger = yes }  
}
**Supported Scopes**: none  
**Supported Targets**: state  

## every_state_in_greater_croatia
nordic_clothes_pop_trigger = {  
	scope:pop ?= {  
		culture = {  
			has_discrimination_trait = heritage_nordic  
		}  
	}  
}
**Supported Scopes**: none  
**Supported Targets**: state  

## every_state_in_greater_germany
lenient_ai_behavior_trigger = {  
	has_game_rule = lenient_ai_behavior  
	scope:target_country = { is_player = yes }  
}
**Supported Scopes**: none  
**Supported Targets**: state  

## every_state_in_greater_khorasan
civil_war_is_liberal_revolution = {  
	is_civil_war_type = revolution  
	political_movement = {  
		movement_is_liberal = yes  
	}  
}
**Supported Scopes**: none  
**Supported Targets**: state  

## every_state_in_greater_persia
lenient_ai_behavior_trigger = {  
	has_game_rule = lenient_ai_behavior  
	scope:target_country = { is_player = yes }  
}
**Supported Scopes**: none  
**Supported Targets**: state  

## every_state_in_greater_romania
capitalists_clothes_pop_trigger = {  
     exists = scope:pop  
     scope:pop = {  
		is_pop_type = capitalists  
     }  
}
**Supported Scopes**: none  
**Supported Targets**: state  

## every_state_in_gujarat_bombay_line
armed_forces_clothes_trigger = {  
	exists = scope:character  
	scope:character = {  
		is_interest_group_type = ig_armed_forces  
	}  
}
**Supported Scopes**: none  
**Supported Targets**: state  

## every_state_in_han_homelands
  
scope:character ?= {   
culture = {   
has_discrimination_trait_group = language_group_slavic   
}   
} 
**Supported Scopes**: none  
**Supported Targets**: state  

## every_state_in_himalayas
bureaucrats_clothes_pop_trigger = {  
     exists = scope:pop  
     scope:pop = {  
		is_pop_type = bureaucrats  
     }  
}
**Supported Scopes**: none  
**Supported Targets**: state  

## every_state_in_himalayas_old
lenient_ai_behavior_trigger = {  
	has_game_rule = lenient_ai_behavior  
	scope:target_country = { is_player = yes }  
}
**Supported Scopes**: none  
**Supported Targets**: state  

## every_state_in_historic_byzantium
machinists_clothes_pop_trigger = {  
     exists = scope:pop  
     scope:pop = {  
		is_pop_type = machinists  
     }  
}
**Supported Scopes**: none  
**Supported Targets**: state  

## every_state_in_home_islands
gfx_military_mobilization_culture_is_south_asian = {  
  
	any_primary_culture = { has_culture_graphics = south_asian }  
  
}
**Supported Scopes**: none  
**Supported Targets**: state  

## every_state_in_honshu
clergy_clothes_pop_trigger = {  
	exists = scope:pop  
     scope:pop = {  
		is_pop_type = clergymen  
     }  
}
**Supported Scopes**: none  
**Supported Targets**: state  

## every_state_in_hungary
country_is_colonial_or_company = {  
    OR = {  
        is_country_type = company  
        is_country_type = colonial  
    }  
}
**Supported Scopes**: none  
**Supported Targets**: state  

## every_state_in_iberia_old
country_is_colonial_or_company = {  
    OR = {  
        is_country_type = company  
        is_country_type = colonial  
    }  
}
**Supported Scopes**: none  
**Supported Targets**: state  

## every_state_in_iceland
india_decrease_random_princely_state_liberty_desire_10 = {  
	random_princely_state = {  
		add_liberty_desire = -10  
	}  
}
**Supported Scopes**: none  
**Supported Targets**: state  

## every_state_in_india
should_be_fully_naked_portrait_trigger = {  
	should_be_naked_trigger = yes  
	should_show_nudity = yes  
}
**Supported Scopes**: none  
**Supported Targets**: state  

## every_state_in_indian_frontier
gfx_military_mobilization_culture_is_east_asian = {  
  
	any_primary_culture = { has_culture_graphics = east_asian }  
  
}
**Supported Scopes**: none  
**Supported Targets**: state  

## every_state_in_indochina
coa_def_turkic_trigger = {  
    any_primary_culture = {  
        has_discrimination_trait_group = language_group_turkic  
    }  
}
**Supported Scopes**: none  
**Supported Targets**: state  

## every_state_in_indonesia
country_is_colonial_or_company = {  
    OR = {  
        is_country_type = company  
        is_country_type = colonial  
    }  
}
**Supported Scopes**: none  
**Supported Targets**: state  

## every_state_in_italy_old
lenient_ai_behavior_trigger = {  
	has_game_rule = lenient_ai_behavior  
	scope:target_country = { is_player = yes }  
}
**Supported Scopes**: none  
**Supported Targets**: state  

## every_state_in_japan
academics_clothes_pop_trigger = {  
     exists = scope:pop  
     scope:pop = {  
		is_pop_type = academics  
     }  
}
**Supported Scopes**: none  
**Supported Targets**: state  

## every_state_in_japan_old
coa_def_african_trigger = {  
    any_primary_culture = {  
        has_discrimination_trait_group = heritage_group_african  
    }  
}
**Supported Scopes**: none  
**Supported Targets**: state  

## every_state_in_korea
farmers_clothes_pop_trigger = {  
     exists = scope:pop  
     scope:pop = {  
		is_pop_type = farmers  
     }  
}
**Supported Scopes**: none  
**Supported Targets**: state  

## every_state_in_krakatoa_tsunami_zone
lenient_ai_behavior_trigger = {  
	has_game_rule = lenient_ai_behavior  
	scope:target_country = { is_player = yes }  
}
**Supported Scopes**: none  
**Supported Targets**: state  

## every_state_in_la_plata
  
has_strategic_adjacency = scope:target_state   
any_overlord_or_above = { this = scope:target_country } 
**Supported Scopes**: none  
**Supported Targets**: state  

## every_state_in_latin_america
coa_def_african_trigger = {  
    any_primary_culture = {  
        has_discrimination_trait_group = heritage_group_african  
    }  
}
**Supported Scopes**: none  
**Supported Targets**: state  

## every_state_in_lesser_germany
ai_state_is_invalid_target = {  
	scope:target_country = { is_still_learning = yes } # Be nice to tutorial players  
}
**Supported Scopes**: none  
**Supported Targets**: state  

## every_state_in_madras_old
armed_forces_clothes_trigger = {  
	exists = scope:character  
	scope:character = {  
		is_interest_group_type = ig_armed_forces  
	}  
}
**Supported Scopes**: none  
**Supported Targets**: state  

## every_state_in_manchuria_old
coa_def_catholic_trigger = {  
	exists = scope:target  
	scope:target ?= {  
		country_has_state_religion = rel:catholic  
	}  
}
**Supported Scopes**: none  
**Supported Targets**: state  

## every_state_in_megali_greece
  
scope:target_state.region ?= capital.region   
can_reach_target_state = { TARGET_STATE = scope:target_state } 
**Supported Scopes**: none  
**Supported Targets**: state  

## every_state_in_mexico_old
coa_def_turkic_trigger = {  
    any_primary_culture = {  
        has_discrimination_trait_group = language_group_turkic  
    }  
}
**Supported Scopes**: none  
**Supported Targets**: state  

## every_state_in_middle_east
has_military_building = {  
	OR = {  
		has_building = building_barrack  
		has_building = building_naval_administration  
	}  
}
**Supported Scopes**: none  
**Supported Targets**: state  

## every_state_in_mozambique
has_addiction = {  
	OR = {  
		has_trait = alcoholic  
		has_trait = opium_addiction  
		has_trait = cocaine_addiction  
	}  
}
**Supported Scopes**: none  
**Supported Targets**: state  

## every_state_in_near_east
devout_clothes_trigger = {  
	exists = scope:character  
	scope:character = {  
		is_interest_group_type = ig_devout  
	}  
}
**Supported Scopes**: none  
**Supported Targets**: state  

## every_state_in_new_england_old
aristocrats_clothes_pop_trigger = {  
     exists = scope:pop  
     scope:pop = {  
		is_pop_type = aristocrats  
     }  
}
**Supported Scopes**: none  
**Supported Targets**: state  

## every_state_in_new_world
is_peasant_under_serfdom = {  
	is_pop_type = peasants  
	owner = {  
		has_law_or_variant = law_type:law_serfdom  
	}  
}
**Supported Scopes**: none  
**Supported Targets**: state  

## every_state_in_new_zealand
india_decrease_random_princely_state_liberty_desire_10 = {  
	random_princely_state = {  
		add_liberty_desire = -10  
	}  
}
**Supported Scopes**: none  
**Supported Targets**: state  

## every_state_in_niger_old
itl_theme_trigger = {  
    OR = {  
        itl_portuguese_theme_trigger = yes  
        itl_spanish_theme_trigger = yes  
    }  
}
**Supported Scopes**: none  
**Supported Targets**: state  

## every_state_in_nile_basin
gfx_military_mobilization_culture_is_south_asian = {  
  
	any_primary_culture = { has_culture_graphics = south_asian }  
  
}
**Supported Scopes**: none  
**Supported Targets**: state  

## every_state_in_north_africa
itl_theme_iberia_trigger = {  
    OR = {  
        itl_theme_spain_trigger = yes  
        itl_theme_portugal_trigger = yes  
    }  
}
**Supported Scopes**: none  
**Supported Targets**: state  

## every_state_in_north_africa_egypt
india_decrease_random_princely_state_liberty_desire_10 = {  
	random_princely_state = {  
		add_liberty_desire = -10  
	}  
}
**Supported Scopes**: none  
**Supported Targets**: state  

## every_state_in_north_africa_old
coa_def_catholic_trigger = {  
	exists = scope:target  
	scope:target ?= {  
		country_has_state_religion = rel:catholic  
	}  
}
**Supported Scopes**: none  
**Supported Targets**: state  

## every_state_in_north_america
coa_def_absolute_monarchy_flag_trigger = {  
	exists = scope:actor  
	scope:actor ?= { coa_absolute_monarchy_trigger = yes }  
}
**Supported Scopes**: none  
**Supported Targets**: state  

## every_state_in_north_andes
country_is_colonial_or_company = {  
    OR = {  
        is_country_type = company  
        is_country_type = colonial  
    }  
}
**Supported Scopes**: none  
**Supported Targets**: state  

## every_state_in_north_china
machinists_clothes_pop_trigger = {  
     exists = scope:pop  
     scope:pop = {  
		is_pop_type = machinists  
     }  
}
**Supported Scopes**: none  
**Supported Targets**: state  

## every_state_in_north_germany_old
devout_clothes_trigger = {  
	exists = scope:character  
	scope:character = {  
		is_interest_group_type = ig_devout  
	}  
}
**Supported Scopes**: none  
**Supported Targets**: state  

## every_state_in_north_india
country_is_colonial_or_company = {  
    OR = {  
        is_country_type = company  
        is_country_type = colonial  
    }  
}
**Supported Scopes**: none  
**Supported Targets**: state  

## every_state_in_north_sea_old
ideology_luddite_valid_trigger = {  
	OR = {  
		is_interest_group_type = ig_rural_folk  
		is_interest_group_type = ig_devout  
	}  
}
**Supported Scopes**: none  
**Supported Targets**: state  

## every_state_in_northeast_asia
capitalists_clothes_pop_trigger = {  
     exists = scope:pop  
     scope:pop = {  
		is_pop_type = capitalists  
     }  
}
**Supported Scopes**: none  
**Supported Targets**: state  

## every_state_in_northern_europe
gfx_military_mobilization_culture_is_east_asian = {  
  
	any_primary_culture = { has_culture_graphics = east_asian }  
  
}
**Supported Scopes**: none  
**Supported Targets**: state  

## every_state_in_northern_mexico
character_is_daimyo = {  
    owner ?= {  
        country_has_primary_culture = cu:japanese  
    }  
    has_variable = daimyo_var  
}
**Supported Scopes**: none  
**Supported Targets**: state  

## every_state_in_occitania_old
shopkeepers_clothes_pop_trigger = {  
     exists = scope:pop  
     scope:pop = {  
		is_pop_type = shopkeepers  
     }  
}
**Supported Scopes**: none  
**Supported Targets**: state  

## every_state_in_oceania
is_economic_objective_building = {  
	or = {  
		is_building_type = building_coal_mine  
		is_building_type = building_iron_mine  
	}  
}
**Supported Scopes**: none  
**Supported Targets**: state  

## every_state_in_old_world
has_military_building = {  
	OR = {  
		has_building = building_barrack  
		has_building = building_naval_administration  
	}  
}
**Supported Scopes**: none  
**Supported Targets**: state  

## every_state_in_pacific_coast
coa_def_corporate_state_flag_trigger = {  
	exists = scope:actor  
	scope:actor ?= { coa_corporate_state_trigger = yes }  
}
**Supported Scopes**: none  
**Supported Targets**: state  

## every_state_in_pacific_coast_old
bureaucrats_clothes_pop_trigger = {  
     exists = scope:pop  
     scope:pop = {  
		is_pop_type = bureaucrats  
     }  
}
**Supported Scopes**: none  
**Supported Targets**: state  

## every_state_in_persia_old
nordic_clothes_pop_trigger = {  
	scope:pop ?= {  
		culture = {  
			has_discrimination_trait = heritage_nordic  
		}  
	}  
}
**Supported Scopes**: none  
**Supported Targets**: state  

## every_state_in_peru
à•ðÙö
**Supported Scopes**: none  
**Supported Targets**: state  

## every_state_in_philippines
itl_theme_iberia_trigger = {  
    OR = {  
        itl_theme_spain_trigger = yes  
        itl_theme_portugal_trigger = yes  
    }  
}
**Supported Scopes**: none  
**Supported Targets**: state  

## every_state_in_poland_old
has_military_building = {  
	OR = {  
		has_building = building_barrack  
		has_building = building_naval_administration  
	}  
}
**Supported Scopes**: none  
**Supported Targets**: state  

## every_state_in_polar_seas
gfx_military_mobilization_culture_is_east_asian = {  
  
	any_primary_culture = { has_culture_graphics = east_asian }  
  
}
**Supported Scopes**: none  
**Supported Targets**: state  

## every_state_in_punjab_old
is_peasant_under_serfdom = {  
	is_pop_type = peasants  
	owner = {  
		has_law_or_variant = law_type:law_serfdom  
	}  
}
**Supported Scopes**: none  
**Supported Targets**: state  

## every_state_in_rhine_old
slavic_clothes_pop_trigger = {  
	scope:pop ?= {  
		culture = {  
			has_discrimination_trait_group = language_group_slavic  
		}  
	}  
}
**Supported Scopes**: none  
**Supported Targets**: state  

## every_state_in_ring_of_fire
has_government_building = {  
	OR = {  
		has_building = building_university  
		has_building = building_art_academy  
	}  
}
**Supported Scopes**: none  
**Supported Targets**: state  

## every_state_in_russia
`¬¶Ùö
**Supported Scopes**: none  
**Supported Targets**: state  

## every_state_in_russia_old
has_government_building = {  
	OR = {  
		has_building = building_university  
		has_building = building_art_academy  
	}  
}
**Supported Scopes**: none  
**Supported Targets**: state  

## every_state_in_scandinavia
is_economic_objective_building = {  
	or = {  
		is_building_type = building_coal_mine  
		is_building_type = building_iron_mine  
	}  
}
**Supported Scopes**: none  
**Supported Targets**: state  

## every_state_in_senegal_old
gfx_military_mobilization_culture_is_east_asian = {  
  
	any_primary_culture = { has_culture_graphics = east_asian }  
  
}
**Supported Scopes**: none  
**Supported Targets**: state  

## every_state_in_siberia
lenient_ai_behavior_trigger = {  
	has_game_rule = lenient_ai_behavior  
	scope:target_country = { is_player = yes }  
}
**Supported Scopes**: none  
**Supported Targets**: state  

## every_state_in_south_africa
has_government_building = {  
	OR = {  
		has_building = building_university  
		has_building = building_art_academy  
	}  
}
**Supported Scopes**: none  
**Supported Targets**: state  

## every_state_in_south_america
coa_def_corporate_state_flag_trigger = {  
	exists = scope:actor  
	scope:actor ?= { coa_corporate_state_trigger = yes }  
}
**Supported Scopes**: none  
**Supported Targets**: state  

## every_state_in_south_china
bureaucrats_clothes_pop_trigger = {  
     exists = scope:pop  
     scope:pop = {  
		is_pop_type = bureaucrats  
     }  
}
**Supported Scopes**: none  
**Supported Targets**: state  

## every_state_in_south_east_asia
shopkeepers_clothes_pop_trigger = {  
     exists = scope:pop  
     scope:pop = {  
		is_pop_type = shopkeepers  
     }  
}
**Supported Scopes**: none  
**Supported Targets**: state  

## every_state_in_south_germany_old
has_addiction = {  
	OR = {  
		has_trait = alcoholic  
		has_trait = opium_addiction  
		has_trait = cocaine_addiction  
	}  
}
**Supported Scopes**: none  
**Supported Targets**: state  

## every_state_in_south_india
machinists_clothes_pop_trigger = {  
     exists = scope:pop  
     scope:pop = {  
		is_pop_type = machinists  
     }  
}
**Supported Scopes**: none  
**Supported Targets**: state  

## every_state_in_southern_africa
coa_def_catholic_trigger = {  
	exists = scope:target  
	scope:target ?= {  
		country_has_state_religion = rel:catholic  
	}  
}
**Supported Scopes**: none  
**Supported Targets**: state  

## every_state_in_southern_africa_old
gfx_military_mobilization_culture_is_european = {  
  
	any_primary_culture = { has_culture_graphics = european }  
  
}
**Supported Scopes**: none  
**Supported Targets**: state  

## every_state_in_southern_cone
aristocrats_clothes_pop_trigger = {  
     exists = scope:pop  
     scope:pop = {  
		is_pop_type = aristocrats  
     }  
}
**Supported Scopes**: none  
**Supported Targets**: state  

## every_state_in_southern_europe
coa_military_trigger = {  
	OR = {  
		has_government_type = gov_military_dictatorship  
		has_government_type = gov_junta  
	}  
}
**Supported Scopes**: none  
**Supported Targets**: state  

## every_state_in_subsaharan_africa
shopkeepers_clothes_pop_trigger = {  
     exists = scope:pop  
     scope:pop = {  
		is_pop_type = shopkeepers  
     }  
}
**Supported Scopes**: none  
**Supported Targets**: state  

## every_state_in_the_midwest_old
coa_military_trigger = {  
	OR = {  
		has_government_type = gov_military_dictatorship  
		has_government_type = gov_junta  
	}  
}
**Supported Scopes**: none  
**Supported Targets**: state  

## every_state_in_transoxiana
coa_def_corporate_state_flag_trigger = {  
	exists = scope:actor  
	scope:actor ?= { coa_corporate_state_trigger = yes }  
}
**Supported Scopes**: none  
**Supported Targets**: state  

## every_state_in_tropical_seas
itl_theme_trigger = {  
    OR = {  
        itl_portuguese_theme_trigger = yes  
        itl_spanish_theme_trigger = yes  
    }  
}
**Supported Scopes**: none  
**Supported Targets**: state  

## every_state_in_turkestan
coa_def_african_trigger = {  
    any_primary_culture = {  
        has_discrimination_trait_group = heritage_group_african  
    }  
}
**Supported Scopes**: none  
**Supported Targets**: state  

## every_state_in_urals_old
ideology_luddite_valid_trigger = {  
	OR = {  
		is_interest_group_type = ig_rural_folk  
		is_interest_group_type = ig_devout  
	}  
}
**Supported Scopes**: none  
**Supported Targets**: state  

## every_state_in_west_africa
  
has_strategic_adjacency = scope:target_state   
any_overlord_or_above = { this = scope:target_country } 
**Supported Scopes**: none  
**Supported Targets**: state  

## every_state_in_west_siberia_old
coa_def_dictatorship_flag_trigger = {  
	exists = scope:actor  
	scope:actor ?= { coa_dictatorship_trigger = yes }  
}
**Supported Scopes**: none  
**Supported Targets**: state  

## every_state_in_western_europe
bureaucrats_clothes_pop_trigger = {  
     exists = scope:pop  
     scope:pop = {  
		is_pop_type = bureaucrats  
     }  
}
**Supported Scopes**: none  
**Supported Targets**: state  

## every_state_in_wet_process_region
devout_clothes_trigger = {  
	exists = scope:character  
	scope:character = {  
		is_interest_group_type = ig_devout  
	}  
}
**Supported Scopes**: none  
**Supported Targets**: state  

## every_state_in_yugoslavia
is_peasant_under_serfdom = {  
	is_pop_type = peasants  
	owner = {  
		has_law_or_variant = law_type:law_serfdom  
	}  
}
**Supported Scopes**: none  
**Supported Targets**: state  

## every_state_in_zambezi_basin
armed_forces_clothes_trigger = {  
	exists = scope:character  
	scope:character = {  
		is_interest_group_type = ig_armed_forces  
	}  
}
**Supported Scopes**: none  
**Supported Targets**: state  

## every_state_in_zanj_old
  
scope:character ?= {   
culture = {   
has_discrimination_trait_group = language_group_slavic   
}   
} 
**Supported Scopes**: none  
**Supported Targets**: state  

## every_state_region
Iterate through all state regions  
every_state_region = { limit = { <triggers> } <effects> }
**Supported Scopes**: none  
**Supported Targets**: state_region  

## every_state_region_in_afghanistan
**Supported Scopes**: none  
**Supported Targets**: state_region  

## every_state_region_in_africa
target_is_our_or_fellow_subject = {  
	OR = {  
		is_subject_of = root  
		AND = {  
			root = { is_subject = yes }  
			is_subject_of = root.overlord  
		}  
	}  
}
**Supported Scopes**: none  
**Supported Targets**: state_region  

## every_state_region_in_allahabad_bombay_line
ai_can_incorporate_state = {  
	OR = {  
		is_homeland_of_country_cultures = root  
		"years_to_incorporate(root)" <= define:NAI|INCORPORATE_STATE_MAX_YEARS  
	}  
}
**Supported Scopes**: none  
**Supported Targets**: state_region  

## every_state_region_in_alpide_belt
**Supported Scopes**: none  
**Supported Targets**: state_region  

## every_state_region_in_amazon
target_is_our_or_fellow_subject = {  
	OR = {  
		is_subject_of = root  
		AND = {  
			root = { is_subject = yes }  
			is_subject_of = root.overlord  
		}  
	}  
}
**Supported Scopes**: none  
**Supported Targets**: state_region  

## every_state_region_in_americas
target_is_our_or_fellow_subject = {  
	OR = {  
		is_subject_of = root  
		AND = {  
			root = { is_subject = yes }  
			is_subject_of = root.overlord  
		}  
	}  
}
**Supported Scopes**: none  
**Supported Targets**: state_region  

## every_state_region_in_anatolia_old
target_is_our_or_fellow_subject = {  
	OR = {  
		is_subject_of = root  
		AND = {  
			root = { is_subject = yes }  
			is_subject_of = root.overlord  
		}  
	}  
}
**Supported Scopes**: none  
**Supported Targets**: state_region  

## every_state_region_in_andean_federation
ai_can_incorporate_state = {  
	OR = {  
		is_homeland_of_country_cultures = root  
		"years_to_incorporate(root)" <= define:NAI|INCORPORATE_STATE_MAX_YEARS  
	}  
}
**Supported Scopes**: none  
**Supported Targets**: state_region  

## every_state_region_in_andes
ai_can_incorporate_state = {  
	OR = {  
		is_homeland_of_country_cultures = root  
		"years_to_incorporate(root)" <= define:NAI|INCORPORATE_STATE_MAX_YEARS  
	}  
}
**Supported Scopes**: none  
**Supported Targets**: state_region  

## every_state_region_in_angola
**Supported Scopes**: none  
**Supported Targets**: state_region  

## every_state_region_in_arabia
ai_is_regional_objective_state = {  
	any_scope_regional_objective = {  
		type = $TYPE$  
		is_completed = no  
		region = { $STATE$.region = this }  
	}  
}
**Supported Scopes**: none  
**Supported Targets**: state_region  

## every_state_region_in_arabic_old
target_is_our_or_fellow_subject = {  
	OR = {  
		is_subject_of = root  
		AND = {  
			root = { is_subject = yes }  
			is_subject_of = root.overlord  
		}  
	}  
}
**Supported Scopes**: none  
**Supported Targets**: state_region  

## every_state_region_in_aragon
target_is_our_or_fellow_subject = {  
	OR = {  
		is_subject_of = root  
		AND = {  
			root = { is_subject = yes }  
			is_subject_of = root.overlord  
		}  
	}  
}
**Supported Scopes**: none  
**Supported Targets**: state_region  

## every_state_region_in_arctic_russia_old
ai_can_incorporate_state = {  
	OR = {  
		is_homeland_of_country_cultures = root  
		"years_to_incorporate(root)" <= define:NAI|INCORPORATE_STATE_MAX_YEARS  
	}  
}
**Supported Scopes**: none  
**Supported Targets**: state_region  

## every_state_region_in_asia
**Supported Scopes**: none  
**Supported Targets**: state_region  

## every_state_region_in_atlantic_coast
ai_can_incorporate_state = {  
	OR = {  
		is_homeland_of_country_cultures = root  
		"years_to_incorporate(root)" <= define:NAI|INCORPORATE_STATE_MAX_YEARS  
	}  
}
**Supported Scopes**: none  
**Supported Targets**: state_region  

## every_state_region_in_australasia
**Supported Scopes**: none  
**Supported Targets**: state_region  

## every_state_region_in_australia
**Supported Scopes**: none  
**Supported Targets**: state_region  

## every_state_region_in_balkans
**Supported Scopes**: none  
**Supported Targets**: state_region  

## every_state_region_in_balkans_old
**Supported Scopes**: none  
**Supported Targets**: state_region  

## every_state_region_in_baltic_old
ai_can_incorporate_state = {  
	OR = {  
		is_homeland_of_country_cultures = root  
		"years_to_incorporate(root)" <= define:NAI|INCORPORATE_STATE_MAX_YEARS  
	}  
}
**Supported Scopes**: none  
**Supported Targets**: state_region  

## every_state_region_in_baltic_states_old
**Supported Scopes**: none  
**Supported Targets**: state_region  

## every_state_region_in_belarus_old
target_is_our_or_fellow_subject = {  
	OR = {  
		is_subject_of = root  
		AND = {  
			root = { is_subject = yes }  
			is_subject_of = root.overlord  
		}  
	}  
}
**Supported Scopes**: none  
**Supported Targets**: state_region  

## every_state_region_in_bengal_old
target_is_our_or_fellow_subject = {  
	OR = {  
		is_subject_of = root  
		AND = {  
			root = { is_subject = yes }  
			is_subject_of = root.overlord  
		}  
	}  
}
**Supported Scopes**: none  
**Supported Targets**: state_region  

## every_state_region_in_bolivia
**Supported Scopes**: none  
**Supported Targets**: state_region  

## every_state_region_in_bombay_madras_line
**Supported Scopes**: none  
**Supported Targets**: state_region  

## every_state_region_in_bombay_old
ai_can_incorporate_state = {  
	OR = {  
		is_homeland_of_country_cultures = root  
		"years_to_incorporate(root)" <= define:NAI|INCORPORATE_STATE_MAX_YEARS  
	}  
}
**Supported Scopes**: none  
**Supported Targets**: state_region  

## every_state_region_in_brazil
target_is_our_or_fellow_subject = {  
	OR = {  
		is_subject_of = root  
		AND = {  
			root = { is_subject = yes }  
			is_subject_of = root.overlord  
		}  
	}  
}
**Supported Scopes**: none  
**Supported Targets**: state_region  

## every_state_region_in_burma
ai_can_incorporate_state = {  
	OR = {  
		is_homeland_of_country_cultures = root  
		"years_to_incorporate(root)" <= define:NAI|INCORPORATE_STATE_MAX_YEARS  
	}  
}
**Supported Scopes**: none  
**Supported Targets**: state_region  

## every_state_region_in_canada
ai_is_regional_objective_state = {  
	any_scope_regional_objective = {  
		type = $TYPE$  
		is_completed = no  
		region = { $STATE$.region = this }  
	}  
}
**Supported Scopes**: none  
**Supported Targets**: state_region  

## every_state_region_in_canada_old
ai_is_regional_objective_state = {  
	any_scope_regional_objective = {  
		type = $TYPE$  
		is_completed = no  
		region = { $STATE$.region = this }  
	}  
}
**Supported Scopes**: none  
**Supported Targets**: state_region  

## every_state_region_in_caribbean_old
**Supported Scopes**: none  
**Supported Targets**: state_region  

## every_state_region_in_castile
ai_can_incorporate_state = {  
	OR = {  
		is_homeland_of_country_cultures = root  
		"years_to_incorporate(root)" <= define:NAI|INCORPORATE_STATE_MAX_YEARS  
	}  
}
**Supported Scopes**: none  
**Supported Targets**: state_region  

## every_state_region_in_caucasus_old
ai_is_regional_objective_state = {  
	any_scope_regional_objective = {  
		type = $TYPE$  
		is_completed = no  
		region = { $STATE$.region = this }  
	}  
}
**Supported Scopes**: none  
**Supported Targets**: state_region  

## every_state_region_in_central_america
target_is_our_or_fellow_subject = {  
	OR = {  
		is_subject_of = root  
		AND = {  
			root = { is_subject = yes }  
			is_subject_of = root.overlord  
		}  
	}  
}
**Supported Scopes**: none  
**Supported Targets**: state_region  

## every_state_region_in_central_america_old
ai_is_regional_objective_state = {  
	any_scope_regional_objective = {  
		type = $TYPE$  
		is_completed = no  
		region = { $STATE$.region = this }  
	}  
}
**Supported Scopes**: none  
**Supported Targets**: state_region  

## every_state_region_in_central_asia
**Supported Scopes**: none  
**Supported Targets**: state_region  

## every_state_region_in_central_asia_old
ai_is_regional_objective_state = {  
	any_scope_regional_objective = {  
		type = $TYPE$  
		is_completed = no  
		region = { $STATE$.region = this }  
	}  
}
**Supported Scopes**: none  
**Supported Targets**: state_region  

## every_state_region_in_central_europe
ai_can_incorporate_state = {  
	OR = {  
		is_homeland_of_country_cultures = root  
		"years_to_incorporate(root)" <= define:NAI|INCORPORATE_STATE_MAX_YEARS  
	}  
}
**Supported Scopes**: none  
**Supported Targets**: state_region  

## every_state_region_in_central_india_old
target_is_our_or_fellow_subject = {  
	OR = {  
		is_subject_of = root  
		AND = {  
			root = { is_subject = yes }  
			is_subject_of = root.overlord  
		}  
	}  
}
**Supported Scopes**: none  
**Supported Targets**: state_region  

## every_state_region_in_china
**Supported Scopes**: none  
**Supported Targets**: state_region  

## every_state_region_in_chorasmia
**Supported Scopes**: none  
**Supported Targets**: state_region  

## every_state_region_in_colonial_la_plata
ai_can_incorporate_state = {  
	OR = {  
		is_homeland_of_country_cultures = root  
		"years_to_incorporate(root)" <= define:NAI|INCORPORATE_STATE_MAX_YEARS  
	}  
}
**Supported Scopes**: none  
**Supported Targets**: state_region  

## every_state_region_in_colonial_new_grenada
ai_is_regional_objective_state = {  
	any_scope_regional_objective = {  
		type = $TYPE$  
		is_completed = no  
		region = { $STATE$.region = this }  
	}  
}
**Supported Scopes**: none  
**Supported Targets**: state_region  

## every_state_region_in_colonial_new_spain
**Supported Scopes**: none  
**Supported Targets**: state_region  

## every_state_region_in_colonial_peru
target_is_our_or_fellow_subject = {  
	OR = {  
		is_subject_of = root  
		AND = {  
			root = { is_subject = yes }  
			is_subject_of = root.overlord  
		}  
	}  
}
**Supported Scopes**: none  
**Supported Targets**: state_region  

## every_state_region_in_congo_old
**Supported Scopes**: none  
**Supported Targets**: state_region  

## every_state_region_in_danubia_old
target_is_our_or_fellow_subject = {  
	OR = {  
		is_subject_of = root  
		AND = {  
			root = { is_subject = yes }  
			is_subject_of = root.overlord  
		}  
	}  
}
**Supported Scopes**: none  
**Supported Targets**: state_region  

## every_state_region_in_delhi_calcutta_line
target_is_our_or_fellow_subject = {  
	OR = {  
		is_subject_of = root  
		AND = {  
			root = { is_subject = yes }  
			is_subject_of = root.overlord  
		}  
	}  
}
**Supported Scopes**: none  
**Supported Targets**: state_region  

## every_state_region_in_dixie_old
target_is_our_or_fellow_subject = {  
	OR = {  
		is_subject_of = root  
		AND = {  
			root = { is_subject = yes }  
			is_subject_of = root.overlord  
		}  
	}  
}
**Supported Scopes**: none  
**Supported Targets**: state_region  

## every_state_region_in_dnieper_old
ai_can_incorporate_state = {  
	OR = {  
		is_homeland_of_country_cultures = root  
		"years_to_incorporate(root)" <= define:NAI|INCORPORATE_STATE_MAX_YEARS  
	}  
}
**Supported Scopes**: none  
**Supported Targets**: state_region  

## every_state_region_in_east_africa
**Supported Scopes**: none  
**Supported Targets**: state_region  

## every_state_region_in_east_asia
ai_can_incorporate_state = {  
	OR = {  
		is_homeland_of_country_cultures = root  
		"years_to_incorporate(root)" <= define:NAI|INCORPORATE_STATE_MAX_YEARS  
	}  
}
**Supported Scopes**: none  
**Supported Targets**: state_region  

## every_state_region_in_east_sibera_old
target_is_our_or_fellow_subject = {  
	OR = {  
		is_subject_of = root  
		AND = {  
			root = { is_subject = yes }  
			is_subject_of = root.overlord  
		}  
	}  
}
**Supported Scopes**: none  
**Supported Targets**: state_region  

## every_state_region_in_eastern_europe
**Supported Scopes**: none  
**Supported Targets**: state_region  

## every_state_region_in_england_old
ai_is_regional_objective_state = {  
	any_scope_regional_objective = {  
		type = $TYPE$  
		is_completed = no  
		region = { $STATE$.region = this }  
	}  
}
**Supported Scopes**: none  
**Supported Targets**: state_region  

## every_state_region_in_equatorial_africa
ai_can_incorporate_state = {  
	OR = {  
		is_homeland_of_country_cultures = root  
		"years_to_incorporate(root)" <= define:NAI|INCORPORATE_STATE_MAX_YEARS  
	}  
}
**Supported Scopes**: none  
**Supported Targets**: state_region  

## every_state_region_in_ethiopia_old
ai_is_regional_objective_state = {  
	any_scope_regional_objective = {  
		type = $TYPE$  
		is_completed = no  
		region = { $STATE$.region = this }  
	}  
}
**Supported Scopes**: none  
**Supported Targets**: state_region  

## every_state_region_in_europe
ai_can_incorporate_state = {  
	OR = {  
		is_homeland_of_country_cultures = root  
		"years_to_incorporate(root)" <= define:NAI|INCORPORATE_STATE_MAX_YEARS  
	}  
}
**Supported Scopes**: none  
**Supported Targets**: state_region  

## every_state_region_in_ezochi
ai_is_regional_objective_state = {  
	any_scope_regional_objective = {  
		type = $TYPE$  
		is_completed = no  
		region = { $STATE$.region = this }  
	}  
}
**Supported Scopes**: none  
**Supported Targets**: state_region  

## every_state_region_in_finland_old
ai_is_regional_objective_state = {  
	any_scope_regional_objective = {  
		type = $TYPE$  
		is_completed = no  
		region = { $STATE$.region = this }  
	}  
}
**Supported Scopes**: none  
**Supported Targets**: state_region  

## every_state_region_in_france
ai_can_incorporate_state = {  
	OR = {  
		is_homeland_of_country_cultures = root  
		"years_to_incorporate(root)" <= define:NAI|INCORPORATE_STATE_MAX_YEARS  
	}  
}
**Supported Scopes**: none  
**Supported Targets**: state_region  

## every_state_region_in_france_old
ai_can_incorporate_state = {  
	OR = {  
		is_homeland_of_country_cultures = root  
		"years_to_incorporate(root)" <= define:NAI|INCORPORATE_STATE_MAX_YEARS  
	}  
}
**Supported Scopes**: none  
**Supported Targets**: state_region  

## every_state_region_in_french_natural_borders
**Supported Scopes**: none  
**Supported Targets**: state_region  

## every_state_region_in_german_confederation
**Supported Scopes**: none  
**Supported Targets**: state_region  

## every_state_region_in_gran_colombia
ai_is_regional_objective_state = {  
	any_scope_regional_objective = {  
		type = $TYPE$  
		is_completed = no  
		region = { $STATE$.region = this }  
	}  
}
**Supported Scopes**: none  
**Supported Targets**: state_region  

## every_state_region_in_great_game_region
ai_is_regional_objective_state = {  
	any_scope_regional_objective = {  
		type = $TYPE$  
		is_completed = no  
		region = { $STATE$.region = this }  
	}  
}
**Supported Scopes**: none  
**Supported Targets**: state_region  

## every_state_region_in_great_plains
**Supported Scopes**: none  
**Supported Targets**: state_region  

## every_state_region_in_great_plains_old
**Supported Scopes**: none  
**Supported Targets**: state_region  

## every_state_region_in_great_rift_valley
ai_can_incorporate_state = {  
	OR = {  
		is_homeland_of_country_cultures = root  
		"years_to_incorporate(root)" <= define:NAI|INCORPORATE_STATE_MAX_YEARS  
	}  
}
**Supported Scopes**: none  
**Supported Targets**: state_region  

## every_state_region_in_greater_afghanistan
ai_is_regional_objective_state = {  
	any_scope_regional_objective = {  
		type = $TYPE$  
		is_completed = no  
		region = { $STATE$.region = this }  
	}  
}
**Supported Scopes**: none  
**Supported Targets**: state_region  

## every_state_region_in_greater_bulgaria
target_is_our_or_fellow_subject = {  
	OR = {  
		is_subject_of = root  
		AND = {  
			root = { is_subject = yes }  
			is_subject_of = root.overlord  
		}  
	}  
}
**Supported Scopes**: none  
**Supported Targets**: state_region  

## every_state_region_in_greater_canada
**Supported Scopes**: none  
**Supported Targets**: state_region  

## every_state_region_in_greater_croatia
target_is_our_or_fellow_subject = {  
	OR = {  
		is_subject_of = root  
		AND = {  
			root = { is_subject = yes }  
			is_subject_of = root.overlord  
		}  
	}  
}
**Supported Scopes**: none  
**Supported Targets**: state_region  

## every_state_region_in_greater_germany
**Supported Scopes**: none  
**Supported Targets**: state_region  

## every_state_region_in_greater_khorasan
**Supported Scopes**: none  
**Supported Targets**: state_region  

## every_state_region_in_greater_persia
**Supported Scopes**: none  
**Supported Targets**: state_region  

## every_state_region_in_greater_romania
ai_can_incorporate_state = {  
	OR = {  
		is_homeland_of_country_cultures = root  
		"years_to_incorporate(root)" <= define:NAI|INCORPORATE_STATE_MAX_YEARS  
	}  
}
**Supported Scopes**: none  
**Supported Targets**: state_region  

## every_state_region_in_gujarat_bombay_line
**Supported Scopes**: none  
**Supported Targets**: state_region  

## every_state_region_in_han_homelands
ai_can_incorporate_state = {  
	OR = {  
		is_homeland_of_country_cultures = root  
		"years_to_incorporate(root)" <= define:NAI|INCORPORATE_STATE_MAX_YEARS  
	}  
}
**Supported Scopes**: none  
**Supported Targets**: state_region  

## every_state_region_in_himalayas
ai_is_regional_objective_state = {  
	any_scope_regional_objective = {  
		type = $TYPE$  
		is_completed = no  
		region = { $STATE$.region = this }  
	}  
}
**Supported Scopes**: none  
**Supported Targets**: state_region  

## every_state_region_in_himalayas_old
ai_is_regional_objective_state = {  
	any_scope_regional_objective = {  
		type = $TYPE$  
		is_completed = no  
		region = { $STATE$.region = this }  
	}  
}
**Supported Scopes**: none  
**Supported Targets**: state_region  

## every_state_region_in_historic_byzantium
**Supported Scopes**: none  
**Supported Targets**: state_region  

## every_state_region_in_home_islands
target_is_our_or_fellow_subject = {  
	OR = {  
		is_subject_of = root  
		AND = {  
			root = { is_subject = yes }  
			is_subject_of = root.overlord  
		}  
	}  
}
**Supported Scopes**: none  
**Supported Targets**: state_region  

## every_state_region_in_honshu
**Supported Scopes**: none  
**Supported Targets**: state_region  

## every_state_region_in_hungary
**Supported Scopes**: none  
**Supported Targets**: state_region  

## every_state_region_in_iberia_old
**Supported Scopes**: none  
**Supported Targets**: state_region  

## every_state_region_in_iceland
target_is_our_or_fellow_subject = {  
	OR = {  
		is_subject_of = root  
		AND = {  
			root = { is_subject = yes }  
			is_subject_of = root.overlord  
		}  
	}  
}
**Supported Scopes**: none  
**Supported Targets**: state_region  

## every_state_region_in_india
**Supported Scopes**: none  
**Supported Targets**: state_region  

## every_state_region_in_indian_frontier
ai_is_regional_objective_state = {  
	any_scope_regional_objective = {  
		type = $TYPE$  
		is_completed = no  
		region = { $STATE$.region = this }  
	}  
}
**Supported Scopes**: none  
**Supported Targets**: state_region  

## every_state_region_in_indochina
ai_can_incorporate_state = {  
	OR = {  
		is_homeland_of_country_cultures = root  
		"years_to_incorporate(root)" <= define:NAI|INCORPORATE_STATE_MAX_YEARS  
	}  
}
**Supported Scopes**: none  
**Supported Targets**: state_region  

## every_state_region_in_indonesia
**Supported Scopes**: none  
**Supported Targets**: state_region  

## every_state_region_in_italy_old
ai_can_incorporate_state = {  
	OR = {  
		is_homeland_of_country_cultures = root  
		"years_to_incorporate(root)" <= define:NAI|INCORPORATE_STATE_MAX_YEARS  
	}  
}
**Supported Scopes**: none  
**Supported Targets**: state_region  

## every_state_region_in_japan
target_is_our_or_fellow_subject = {  
	OR = {  
		is_subject_of = root  
		AND = {  
			root = { is_subject = yes }  
			is_subject_of = root.overlord  
		}  
	}  
}
**Supported Scopes**: none  
**Supported Targets**: state_region  

## every_state_region_in_japan_old
ai_is_regional_objective_state = {  
	any_scope_regional_objective = {  
		type = $TYPE$  
		is_completed = no  
		region = { $STATE$.region = this }  
	}  
}
**Supported Scopes**: none  
**Supported Targets**: state_region  

## every_state_region_in_korea
target_is_our_or_fellow_subject = {  
	OR = {  
		is_subject_of = root  
		AND = {  
			root = { is_subject = yes }  
			is_subject_of = root.overlord  
		}  
	}  
}
**Supported Scopes**: none  
**Supported Targets**: state_region  

## every_state_region_in_krakatoa_tsunami_zone
ai_is_regional_objective_state = {  
	any_scope_regional_objective = {  
		type = $TYPE$  
		is_completed = no  
		region = { $STATE$.region = this }  
	}  
}
**Supported Scopes**: none  
**Supported Targets**: state_region  

## every_state_region_in_la_plata
**Supported Scopes**: none  
**Supported Targets**: state_region  

## every_state_region_in_latin_america
ai_can_incorporate_state = {  
	OR = {  
		is_homeland_of_country_cultures = root  
		"years_to_incorporate(root)" <= define:NAI|INCORPORATE_STATE_MAX_YEARS  
	}  
}
**Supported Scopes**: none  
**Supported Targets**: state_region  

## every_state_region_in_lesser_germany
ai_is_regional_objective_state = {  
	any_scope_regional_objective = {  
		type = $TYPE$  
		is_completed = no  
		region = { $STATE$.region = this }  
	}  
}
**Supported Scopes**: none  
**Supported Targets**: state_region  

## every_state_region_in_madras_old
ai_is_regional_objective_state = {  
	any_scope_regional_objective = {  
		type = $TYPE$  
		is_completed = no  
		region = { $STATE$.region = this }  
	}  
}
**Supported Scopes**: none  
**Supported Targets**: state_region  

## every_state_region_in_manchuria_old
ai_is_regional_objective_state = {  
	any_scope_regional_objective = {  
		type = $TYPE$  
		is_completed = no  
		region = { $STATE$.region = this }  
	}  
}
**Supported Scopes**: none  
**Supported Targets**: state_region  

## every_state_region_in_megali_greece
target_is_our_or_fellow_subject = {  
	OR = {  
		is_subject_of = root  
		AND = {  
			root = { is_subject = yes }  
			is_subject_of = root.overlord  
		}  
	}  
}
**Supported Scopes**: none  
**Supported Targets**: state_region  

## every_state_region_in_mexico_old
**Supported Scopes**: none  
**Supported Targets**: state_region  

## every_state_region_in_middle_east
ai_can_incorporate_state = {  
	OR = {  
		is_homeland_of_country_cultures = root  
		"years_to_incorporate(root)" <= define:NAI|INCORPORATE_STATE_MAX_YEARS  
	}  
}
**Supported Scopes**: none  
**Supported Targets**: state_region  

## every_state_region_in_mozambique
ai_can_incorporate_state = {  
	OR = {  
		is_homeland_of_country_cultures = root  
		"years_to_incorporate(root)" <= define:NAI|INCORPORATE_STATE_MAX_YEARS  
	}  
}
**Supported Scopes**: none  
**Supported Targets**: state_region  

## every_state_region_in_near_east
**Supported Scopes**: none  
**Supported Targets**: state_region  

## every_state_region_in_new_england_old
**Supported Scopes**: none  
**Supported Targets**: state_region  

## every_state_region_in_new_world
ai_is_regional_objective_state = {  
	any_scope_regional_objective = {  
		type = $TYPE$  
		is_completed = no  
		region = { $STATE$.region = this }  
	}  
}
**Supported Scopes**: none  
**Supported Targets**: state_region  

## every_state_region_in_new_zealand
ai_can_incorporate_state = {  
	OR = {  
		is_homeland_of_country_cultures = root  
		"years_to_incorporate(root)" <= define:NAI|INCORPORATE_STATE_MAX_YEARS  
	}  
}
**Supported Scopes**: none  
**Supported Targets**: state_region  

## every_state_region_in_niger_old
ai_can_incorporate_state = {  
	OR = {  
		is_homeland_of_country_cultures = root  
		"years_to_incorporate(root)" <= define:NAI|INCORPORATE_STATE_MAX_YEARS  
	}  
}
**Supported Scopes**: none  
**Supported Targets**: state_region  

## every_state_region_in_nile_basin
**Supported Scopes**: none  
**Supported Targets**: state_region  

## every_state_region_in_north_africa
target_is_our_or_fellow_subject = {  
	OR = {  
		is_subject_of = root  
		AND = {  
			root = { is_subject = yes }  
			is_subject_of = root.overlord  
		}  
	}  
}
**Supported Scopes**: none  
**Supported Targets**: state_region  

## every_state_region_in_north_africa_egypt
target_is_our_or_fellow_subject = {  
	OR = {  
		is_subject_of = root  
		AND = {  
			root = { is_subject = yes }  
			is_subject_of = root.overlord  
		}  
	}  
}
**Supported Scopes**: none  
**Supported Targets**: state_region  

## every_state_region_in_north_africa_old
**Supported Scopes**: none  
**Supported Targets**: state_region  

## every_state_region_in_north_america
target_is_our_or_fellow_subject = {  
	OR = {  
		is_subject_of = root  
		AND = {  
			root = { is_subject = yes }  
			is_subject_of = root.overlord  
		}  
	}  
}
**Supported Scopes**: none  
**Supported Targets**: state_region  

## every_state_region_in_north_andes
**Supported Scopes**: none  
**Supported Targets**: state_region  

## every_state_region_in_north_china
**Supported Scopes**: none  
**Supported Targets**: state_region  

## every_state_region_in_north_germany_old
target_is_our_or_fellow_subject = {  
	OR = {  
		is_subject_of = root  
		AND = {  
			root = { is_subject = yes }  
			is_subject_of = root.overlord  
		}  
	}  
}
**Supported Scopes**: none  
**Supported Targets**: state_region  

## every_state_region_in_north_india
**Supported Scopes**: none  
**Supported Targets**: state_region  

## every_state_region_in_north_sea_old
**Supported Scopes**: none  
**Supported Targets**: state_region  

## every_state_region_in_northeast_asia
ai_is_regional_objective_state = {  
	any_scope_regional_objective = {  
		type = $TYPE$  
		is_completed = no  
		region = { $STATE$.region = this }  
	}  
}
**Supported Scopes**: none  
**Supported Targets**: state_region  

## every_state_region_in_northern_europe
target_is_our_or_fellow_subject = {  
	OR = {  
		is_subject_of = root  
		AND = {  
			root = { is_subject = yes }  
			is_subject_of = root.overlord  
		}  
	}  
}
**Supported Scopes**: none  
**Supported Targets**: state_region  

## every_state_region_in_northern_mexico
ai_can_incorporate_state = {  
	OR = {  
		is_homeland_of_country_cultures = root  
		"years_to_incorporate(root)" <= define:NAI|INCORPORATE_STATE_MAX_YEARS  
	}  
}
**Supported Scopes**: none  
**Supported Targets**: state_region  

## every_state_region_in_occitania_old
target_is_our_or_fellow_subject = {  
	OR = {  
		is_subject_of = root  
		AND = {  
			root = { is_subject = yes }  
			is_subject_of = root.overlord  
		}  
	}  
}
**Supported Scopes**: none  
**Supported Targets**: state_region  

## every_state_region_in_oceania
ai_can_incorporate_state = {  
	OR = {  
		is_homeland_of_country_cultures = root  
		"years_to_incorporate(root)" <= define:NAI|INCORPORATE_STATE_MAX_YEARS  
	}  
}
**Supported Scopes**: none  
**Supported Targets**: state_region  

## every_state_region_in_old_world
ai_can_incorporate_state = {  
	OR = {  
		is_homeland_of_country_cultures = root  
		"years_to_incorporate(root)" <= define:NAI|INCORPORATE_STATE_MAX_YEARS  
	}  
}
**Supported Scopes**: none  
**Supported Targets**: state_region  

## every_state_region_in_pacific_coast
**Supported Scopes**: none  
**Supported Targets**: state_region  

## every_state_region_in_pacific_coast_old
**Supported Scopes**: none  
**Supported Targets**: state_region  

## every_state_region_in_persia_old
ai_can_incorporate_state = {  
	OR = {  
		is_homeland_of_country_cultures = root  
		"years_to_incorporate(root)" <= define:NAI|INCORPORATE_STATE_MAX_YEARS  
	}  
}
**Supported Scopes**: none  
**Supported Targets**: state_region  

## every_state_region_in_peru
ai_is_regional_objective_state = {  
	any_scope_regional_objective = {  
		type = $TYPE$  
		is_completed = no  
		region = { $STATE$.region = this }  
	}  
}
**Supported Scopes**: none  
**Supported Targets**: state_region  

## every_state_region_in_philippines
ai_can_incorporate_state = {  
	OR = {  
		is_homeland_of_country_cultures = root  
		"years_to_incorporate(root)" <= define:NAI|INCORPORATE_STATE_MAX_YEARS  
	}  
}
**Supported Scopes**: none  
**Supported Targets**: state_region  

## every_state_region_in_poland_old
ai_is_regional_objective_state = {  
	any_scope_regional_objective = {  
		type = $TYPE$  
		is_completed = no  
		region = { $STATE$.region = this }  
	}  
}
**Supported Scopes**: none  
**Supported Targets**: state_region  

## every_state_region_in_polar_seas
**Supported Scopes**: none  
**Supported Targets**: state_region  

## every_state_region_in_punjab_old
**Supported Scopes**: none  
**Supported Targets**: state_region  

## every_state_region_in_rhine_old
target_is_our_or_fellow_subject = {  
	OR = {  
		is_subject_of = root  
		AND = {  
			root = { is_subject = yes }  
			is_subject_of = root.overlord  
		}  
	}  
}
**Supported Scopes**: none  
**Supported Targets**: state_region  

## every_state_region_in_ring_of_fire
**Supported Scopes**: none  
**Supported Targets**: state_region  

## every_state_region_in_russia
target_is_our_or_fellow_subject = {  
	OR = {  
		is_subject_of = root  
		AND = {  
			root = { is_subject = yes }  
			is_subject_of = root.overlord  
		}  
	}  
}
**Supported Scopes**: none  
**Supported Targets**: state_region  

## every_state_region_in_russia_old
**Supported Scopes**: none  
**Supported Targets**: state_region  

## every_state_region_in_scandinavia
ai_is_regional_objective_state = {  
	any_scope_regional_objective = {  
		type = $TYPE$  
		is_completed = no  
		region = { $STATE$.region = this }  
	}  
}
**Supported Scopes**: none  
**Supported Targets**: state_region  

## every_state_region_in_senegal_old
**Supported Scopes**: none  
**Supported Targets**: state_region  

## every_state_region_in_siberia
target_is_our_or_fellow_subject = {  
	OR = {  
		is_subject_of = root  
		AND = {  
			root = { is_subject = yes }  
			is_subject_of = root.overlord  
		}  
	}  
}
**Supported Scopes**: none  
**Supported Targets**: state_region  

## every_state_region_in_south_africa
**Supported Scopes**: none  
**Supported Targets**: state_region  

## every_state_region_in_south_america
target_is_our_or_fellow_subject = {  
	OR = {  
		is_subject_of = root  
		AND = {  
			root = { is_subject = yes }  
			is_subject_of = root.overlord  
		}  
	}  
}
**Supported Scopes**: none  
**Supported Targets**: state_region  

## every_state_region_in_south_china
ai_is_regional_objective_state = {  
	any_scope_regional_objective = {  
		type = $TYPE$  
		is_completed = no  
		region = { $STATE$.region = this }  
	}  
}
**Supported Scopes**: none  
**Supported Targets**: state_region  

## every_state_region_in_south_east_asia
**Supported Scopes**: none  
**Supported Targets**: state_region  

## every_state_region_in_south_germany_old
target_is_our_or_fellow_subject = {  
	OR = {  
		is_subject_of = root  
		AND = {  
			root = { is_subject = yes }  
			is_subject_of = root.overlord  
		}  
	}  
}
**Supported Scopes**: none  
**Supported Targets**: state_region  

## every_state_region_in_south_india
**Supported Scopes**: none  
**Supported Targets**: state_region  

## every_state_region_in_southern_africa
**Supported Scopes**: none  
**Supported Targets**: state_region  

## every_state_region_in_southern_africa_old
target_is_our_or_fellow_subject = {  
	OR = {  
		is_subject_of = root  
		AND = {  
			root = { is_subject = yes }  
			is_subject_of = root.overlord  
		}  
	}  
}
**Supported Scopes**: none  
**Supported Targets**: state_region  

## every_state_region_in_southern_cone
target_is_our_or_fellow_subject = {  
	OR = {  
		is_subject_of = root  
		AND = {  
			root = { is_subject = yes }  
			is_subject_of = root.overlord  
		}  
	}  
}
**Supported Scopes**: none  
**Supported Targets**: state_region  

## every_state_region_in_southern_europe
**Supported Scopes**: none  
**Supported Targets**: state_region  

## every_state_region_in_subsaharan_africa
target_is_our_or_fellow_subject = {  
	OR = {  
		is_subject_of = root  
		AND = {  
			root = { is_subject = yes }  
			is_subject_of = root.overlord  
		}  
	}  
}
**Supported Scopes**: none  
**Supported Targets**: state_region  

## every_state_region_in_the_midwest_old
target_is_our_or_fellow_subject = {  
	OR = {  
		is_subject_of = root  
		AND = {  
			root = { is_subject = yes }  
			is_subject_of = root.overlord  
		}  
	}  
}
**Supported Scopes**: none  
**Supported Targets**: state_region  

## every_state_region_in_transoxiana
ai_is_regional_objective_state = {  
	any_scope_regional_objective = {  
		type = $TYPE$  
		is_completed = no  
		region = { $STATE$.region = this }  
	}  
}
**Supported Scopes**: none  
**Supported Targets**: state_region  

## every_state_region_in_tropical_seas
ai_is_regional_objective_state = {  
	any_scope_regional_objective = {  
		type = $TYPE$  
		is_completed = no  
		region = { $STATE$.region = this }  
	}  
}
**Supported Scopes**: none  
**Supported Targets**: state_region  

## every_state_region_in_turkestan
ai_is_regional_objective_state = {  
	any_scope_regional_objective = {  
		type = $TYPE$  
		is_completed = no  
		region = { $STATE$.region = this }  
	}  
}
**Supported Scopes**: none  
**Supported Targets**: state_region  

## every_state_region_in_urals_old
**Supported Scopes**: none  
**Supported Targets**: state_region  

## every_state_region_in_west_africa
target_is_our_or_fellow_subject = {  
	OR = {  
		is_subject_of = root  
		AND = {  
			root = { is_subject = yes }  
			is_subject_of = root.overlord  
		}  
	}  
}
**Supported Scopes**: none  
**Supported Targets**: state_region  

## every_state_region_in_west_siberia_old
ai_is_regional_objective_state = {  
	any_scope_regional_objective = {  
		type = $TYPE$  
		is_completed = no  
		region = { $STATE$.region = this }  
	}  
}
**Supported Scopes**: none  
**Supported Targets**: state_region  

## every_state_region_in_western_europe
ai_is_regional_objective_state = {  
	any_scope_regional_objective = {  
		type = $TYPE$  
		is_completed = no  
		region = { $STATE$.region = this }  
	}  
}
**Supported Scopes**: none  
**Supported Targets**: state_region  

## every_state_region_in_wet_process_region
**Supported Scopes**: none  
**Supported Targets**: state_region  

## every_state_region_in_yugoslavia
target_is_our_or_fellow_subject = {  
	OR = {  
		is_subject_of = root  
		AND = {  
			root = { is_subject = yes }  
			is_subject_of = root.overlord  
		}  
	}  
}
**Supported Scopes**: none  
**Supported Targets**: state_region  

## every_state_region_in_zambezi_basin
**Supported Scopes**: none  
**Supported Targets**: state_region  

## every_state_region_in_zanj_old
ai_can_incorporate_state = {  
	OR = {  
		is_homeland_of_country_cultures = root  
		"years_to_incorporate(root)" <= define:NAI|INCORPORATE_STATE_MAX_YEARS  
	}  
}
**Supported Scopes**: none  
**Supported Targets**: state_region  

## every_strategic_objective
Iterate through all Strategic Objective states from the scoped Country  
every_strategic_objective = { limit = { <triggers> } <effects> }
**Supported Scopes**: country  
**Supported Targets**: state  

## every_strategic_region
Iterate through all strategic regions globally  
every_strategic_region = { limit = { <triggers> } <effects> }
**Supported Scopes**: none  
**Supported Targets**: strategic_region  

## every_strategic_region_in_afghanistan
ai_can_incorporate_state = {  
	OR = {  
		is_homeland_of_country_cultures = root  
		"years_to_incorporate(root)" <= define:NAI|INCORPORATE_STATE_MAX_YEARS  
	}  
}
**Supported Scopes**: none  
**Supported Targets**: strategic_region  

## every_strategic_region_in_africa
ai_is_regional_objective_state = {  
	any_scope_regional_objective = {  
		type = $TYPE$  
		is_completed = no  
		region = { $STATE$.region = this }  
	}  
}
**Supported Scopes**: none  
**Supported Targets**: strategic_region  

## every_strategic_region_in_allahabad_bombay_line
effect_native_conscription_11 = {  
	if = {  
		limit = { is_country_type = decentralized }  
		add_modifier = {  
			name = native_conscription_11  
			months = -1  
		}  
	}  
}
**Supported Scopes**: none  
**Supported Targets**: strategic_region  

## every_strategic_region_in_alpide_belt
target_is_our_or_fellow_subject = {  
	OR = {  
		is_subject_of = root  
		AND = {  
			root = { is_subject = yes }  
			is_subject_of = root.overlord  
		}  
	}  
}
**Supported Scopes**: none  
**Supported Targets**: strategic_region  

## every_strategic_region_in_amazon
ai_can_incorporate_state = {  
	OR = {  
		is_homeland_of_country_cultures = root  
		"years_to_incorporate(root)" <= define:NAI|INCORPORATE_STATE_MAX_YEARS  
	}  
}
**Supported Scopes**: none  
**Supported Targets**: strategic_region  

## every_strategic_region_in_americas
ai_can_incorporate_state = {  
	OR = {  
		is_homeland_of_country_cultures = root  
		"years_to_incorporate(root)" <= define:NAI|INCORPORATE_STATE_MAX_YEARS  
	}  
}
**Supported Scopes**: none  
**Supported Targets**: strategic_region  

## every_strategic_region_in_anatolia_old
**Supported Scopes**: none  
**Supported Targets**: strategic_region  

## every_strategic_region_in_andean_federation
native_american_clothes_pop_trigger = {  
	exists = scope:pop  
	scope:pop = {  
		culture = {  
			has_discrimination_trait_group = heritage_group_indigenous_american  
		}  
	}  
}
**Supported Scopes**: none  
**Supported Targets**: strategic_region  

## every_strategic_region_in_andes
target_is_our_or_fellow_subject = {  
	OR = {  
		is_subject_of = root  
		AND = {  
			root = { is_subject = yes }  
			is_subject_of = root.overlord  
		}  
	}  
}
**Supported Scopes**: none  
**Supported Targets**: strategic_region  

## every_strategic_region_in_angola
target_is_our_or_fellow_subject = {  
	OR = {  
		is_subject_of = root  
		AND = {  
			root = { is_subject = yes }  
			is_subject_of = root.overlord  
		}  
	}  
}
**Supported Scopes**: none  
**Supported Targets**: strategic_region  

## every_strategic_region_in_arabia
**Supported Scopes**: none  
**Supported Targets**: strategic_region  

## every_strategic_region_in_arabic_old
ai_can_incorporate_state = {  
	OR = {  
		is_homeland_of_country_cultures = root  
		"years_to_incorporate(root)" <= define:NAI|INCORPORATE_STATE_MAX_YEARS  
	}  
}
**Supported Scopes**: none  
**Supported Targets**: strategic_region  

## every_strategic_region_in_aragon
ai_can_incorporate_state = {  
	OR = {  
		is_homeland_of_country_cultures = root  
		"years_to_incorporate(root)" <= define:NAI|INCORPORATE_STATE_MAX_YEARS  
	}  
}
**Supported Scopes**: none  
**Supported Targets**: strategic_region  

## every_strategic_region_in_arctic_russia_old
°ÖÙö
**Supported Scopes**: none  
**Supported Targets**: strategic_region  

## every_strategic_region_in_asia
target_is_our_or_fellow_subject = {  
	OR = {  
		is_subject_of = root  
		AND = {  
			root = { is_subject = yes }  
			is_subject_of = root.overlord  
		}  
	}  
}
**Supported Scopes**: none  
**Supported Targets**: strategic_region  

## every_strategic_region_in_atlantic_coast
target_is_our_or_fellow_subject = {  
	OR = {  
		is_subject_of = root  
		AND = {  
			root = { is_subject = yes }  
			is_subject_of = root.overlord  
		}  
	}  
}
**Supported Scopes**: none  
**Supported Targets**: strategic_region  

## every_strategic_region_in_australasia
ai_is_regional_objective_state = {  
	any_scope_regional_objective = {  
		type = $TYPE$  
		is_completed = no  
		region = { $STATE$.region = this }  
	}  
}
**Supported Scopes**: none  
**Supported Targets**: strategic_region  

## every_strategic_region_in_australia
ai_is_regional_objective_state = {  
	any_scope_regional_objective = {  
		type = $TYPE$  
		is_completed = no  
		region = { $STATE$.region = this }  
	}  
}
**Supported Scopes**: none  
**Supported Targets**: strategic_region  

## every_strategic_region_in_balkans
ai_can_incorporate_state = {  
	OR = {  
		is_homeland_of_country_cultures = root  
		"years_to_incorporate(root)" <= define:NAI|INCORPORATE_STATE_MAX_YEARS  
	}  
}
**Supported Scopes**: none  
**Supported Targets**: strategic_region  

## every_strategic_region_in_balkans_old
ai_can_incorporate_state = {  
	OR = {  
		is_homeland_of_country_cultures = root  
		"years_to_incorporate(root)" <= define:NAI|INCORPORATE_STATE_MAX_YEARS  
	}  
}
**Supported Scopes**: none  
**Supported Targets**: strategic_region  

## every_strategic_region_in_baltic_old
target_is_our_or_fellow_subject = {  
	OR = {  
		is_subject_of = root  
		AND = {  
			root = { is_subject = yes }  
			is_subject_of = root.overlord  
		}  
	}  
}
**Supported Scopes**: none  
**Supported Targets**: strategic_region  

## every_strategic_region_in_baltic_states_old
°ÖÙö
**Supported Scopes**: none  
**Supported Targets**: strategic_region  

## every_strategic_region_in_belarus_old
ai_is_regional_objective_state = {  
	any_scope_regional_objective = {  
		type = $TYPE$  
		is_completed = no  
		region = { $STATE$.region = this }  
	}  
}
**Supported Scopes**: none  
**Supported Targets**: strategic_region  

## every_strategic_region_in_bengal_old
ai_can_incorporate_state = {  
	OR = {  
		is_homeland_of_country_cultures = root  
		"years_to_incorporate(root)" <= define:NAI|INCORPORATE_STATE_MAX_YEARS  
	}  
}
**Supported Scopes**: none  
**Supported Targets**: strategic_region  

## every_strategic_region_in_bolivia
ai_is_regional_objective_state = {  
	any_scope_regional_objective = {  
		type = $TYPE$  
		is_completed = no  
		region = { $STATE$.region = this }  
	}  
}
**Supported Scopes**: none  
**Supported Targets**: strategic_region  

## every_strategic_region_in_bombay_madras_line
È§ØÙö
**Supported Scopes**: none  
**Supported Targets**: strategic_region  

## every_strategic_region_in_bombay_old
**Supported Scopes**: none  
**Supported Targets**: strategic_region  

## every_strategic_region_in_brazil
ai_is_regional_objective_state = {  
	any_scope_regional_objective = {  
		type = $TYPE$  
		is_completed = no  
		region = { $STATE$.region = this }  
	}  
}
**Supported Scopes**: none  
**Supported Targets**: strategic_region  

## every_strategic_region_in_burma
ai_is_regional_objective_state = {  
	any_scope_regional_objective = {  
		type = $TYPE$  
		is_completed = no  
		region = { $STATE$.region = this }  
	}  
}
**Supported Scopes**: none  
**Supported Targets**: strategic_region  

## every_strategic_region_in_canada
ai_can_incorporate_state = {  
	OR = {  
		is_homeland_of_country_cultures = root  
		"years_to_incorporate(root)" <= define:NAI|INCORPORATE_STATE_MAX_YEARS  
	}  
}
**Supported Scopes**: none  
**Supported Targets**: strategic_region  

## every_strategic_region_in_canada_old
target_is_our_or_fellow_subject = {  
	OR = {  
		is_subject_of = root  
		AND = {  
			root = { is_subject = yes }  
			is_subject_of = root.overlord  
		}  
	}  
}
**Supported Scopes**: none  
**Supported Targets**: strategic_region  

## every_strategic_region_in_caribbean_old
ai_can_incorporate_state = {  
	OR = {  
		is_homeland_of_country_cultures = root  
		"years_to_incorporate(root)" <= define:NAI|INCORPORATE_STATE_MAX_YEARS  
	}  
}
**Supported Scopes**: none  
**Supported Targets**: strategic_region  

## every_strategic_region_in_castile
**Supported Scopes**: none  
**Supported Targets**: strategic_region  

## every_strategic_region_in_caucasus_old
ai_can_incorporate_state = {  
	OR = {  
		is_homeland_of_country_cultures = root  
		"years_to_incorporate(root)" <= define:NAI|INCORPORATE_STATE_MAX_YEARS  
	}  
}
**Supported Scopes**: none  
**Supported Targets**: strategic_region  

## every_strategic_region_in_central_america
**Supported Scopes**: none  
**Supported Targets**: strategic_region  

## every_strategic_region_in_central_america_old
È§ØÙö
**Supported Scopes**: none  
**Supported Targets**: strategic_region  

## every_strategic_region_in_central_asia
ai_can_incorporate_state = {  
	OR = {  
		is_homeland_of_country_cultures = root  
		"years_to_incorporate(root)" <= define:NAI|INCORPORATE_STATE_MAX_YEARS  
	}  
}
**Supported Scopes**: none  
**Supported Targets**: strategic_region  

## every_strategic_region_in_central_asia_old
ai_can_incorporate_state = {  
	OR = {  
		is_homeland_of_country_cultures = root  
		"years_to_incorporate(root)" <= define:NAI|INCORPORATE_STATE_MAX_YEARS  
	}  
}
**Supported Scopes**: none  
**Supported Targets**: strategic_region  

## every_strategic_region_in_central_europe
target_is_our_or_fellow_subject = {  
	OR = {  
		is_subject_of = root  
		AND = {  
			root = { is_subject = yes }  
			is_subject_of = root.overlord  
		}  
	}  
}
**Supported Scopes**: none  
**Supported Targets**: strategic_region  

## every_strategic_region_in_central_india_old
°ÖÙö
**Supported Scopes**: none  
**Supported Targets**: strategic_region  

## every_strategic_region_in_china
ai_can_incorporate_state = {  
	OR = {  
		is_homeland_of_country_cultures = root  
		"years_to_incorporate(root)" <= define:NAI|INCORPORATE_STATE_MAX_YEARS  
	}  
}
**Supported Scopes**: none  
**Supported Targets**: strategic_region  

## every_strategic_region_in_chorasmia
ai_can_incorporate_state = {  
	OR = {  
		is_homeland_of_country_cultures = root  
		"years_to_incorporate(root)" <= define:NAI|INCORPORATE_STATE_MAX_YEARS  
	}  
}
**Supported Scopes**: none  
**Supported Targets**: strategic_region  

## every_strategic_region_in_colonial_la_plata
indian_clothes_pop_trigger = {  
	exists = scope:pop  
	scope:pop = {  
		OR = {  
			culture = {  
				has_discrimination_trait_group = heritage_group_south_asian  
			}  
			religion = rel:sikh  
		}  
	}  
}
**Supported Scopes**: none  
**Supported Targets**: strategic_region  

## every_strategic_region_in_colonial_new_grenada
°ÖÙö
**Supported Scopes**: none  
**Supported Targets**: strategic_region  

## every_strategic_region_in_colonial_new_spain
coa_SWE_use_union_mark_flag_trigger = {  
	NOT = { exists = c:NOR }  
	scope:actor ?= {  
		any_scope_state = {  
			state_region = {  
				is_homeland = norwegian  
			}  
		}  
	}  
}
**Supported Scopes**: none  
**Supported Targets**: strategic_region  

## every_strategic_region_in_colonial_peru
**Supported Scopes**: none  
**Supported Targets**: strategic_region  

## every_strategic_region_in_congo_old
ai_can_incorporate_state = {  
	OR = {  
		is_homeland_of_country_cultures = root  
		"years_to_incorporate(root)" <= define:NAI|INCORPORATE_STATE_MAX_YEARS  
	}  
}
**Supported Scopes**: none  
**Supported Targets**: strategic_region  

## every_strategic_region_in_danubia_old
ai_is_regional_objective_state = {  
	any_scope_regional_objective = {  
		type = $TYPE$  
		is_completed = no  
		region = { $STATE$.region = this }  
	}  
}
**Supported Scopes**: none  
**Supported Targets**: strategic_region  

## every_strategic_region_in_delhi_calcutta_line
effect_native_conscription_7 = {  
	if = {  
		limit = { is_country_type = decentralized }  
		add_modifier = {  
			name = native_conscription_7  
			months = -1  
		}  
	}  
}
**Supported Scopes**: none  
**Supported Targets**: strategic_region  

## every_strategic_region_in_dixie_old
ai_is_regional_objective_state = {  
	any_scope_regional_objective = {  
		type = $TYPE$  
		is_completed = no  
		region = { $STATE$.region = this }  
	}  
}
**Supported Scopes**: none  
**Supported Targets**: strategic_region  

## every_strategic_region_in_dnieper_old
target_is_our_or_fellow_subject = {  
	OR = {  
		is_subject_of = root  
		AND = {  
			root = { is_subject = yes }  
			is_subject_of = root.overlord  
		}  
	}  
}
**Supported Scopes**: none  
**Supported Targets**: strategic_region  

## every_strategic_region_in_east_africa
ai_can_incorporate_state = {  
	OR = {  
		is_homeland_of_country_cultures = root  
		"years_to_incorporate(root)" <= define:NAI|INCORPORATE_STATE_MAX_YEARS  
	}  
}
**Supported Scopes**: none  
**Supported Targets**: strategic_region  

## every_strategic_region_in_east_asia
**Supported Scopes**: none  
**Supported Targets**: strategic_region  

## every_strategic_region_in_east_sibera_old
**Supported Scopes**: none  
**Supported Targets**: strategic_region  

## every_strategic_region_in_eastern_europe
ai_is_regional_objective_state = {  
	any_scope_regional_objective = {  
		type = $TYPE$  
		is_completed = no  
		region = { $STATE$.region = this }  
	}  
}
**Supported Scopes**: none  
**Supported Targets**: strategic_region  

## every_strategic_region_in_england_old
**Supported Scopes**: none  
**Supported Targets**: strategic_region  

## every_strategic_region_in_equatorial_africa
°ÖÙö
**Supported Scopes**: none  
**Supported Targets**: strategic_region  

## every_strategic_region_in_ethiopia_old
ai_can_incorporate_state = {  
	OR = {  
		is_homeland_of_country_cultures = root  
		"years_to_incorporate(root)" <= define:NAI|INCORPORATE_STATE_MAX_YEARS  
	}  
}
**Supported Scopes**: none  
**Supported Targets**: strategic_region  

## every_strategic_region_in_europe
target_is_our_or_fellow_subject = {  
	OR = {  
		is_subject_of = root  
		AND = {  
			root = { is_subject = yes }  
			is_subject_of = root.overlord  
		}  
	}  
}
**Supported Scopes**: none  
**Supported Targets**: strategic_region  

## every_strategic_region_in_ezochi
**Supported Scopes**: none  
**Supported Targets**: strategic_region  

## every_strategic_region_in_finland_old
**Supported Scopes**: none  
**Supported Targets**: strategic_region  

## every_strategic_region_in_france
target_is_our_or_fellow_subject = {  
	OR = {  
		is_subject_of = root  
		AND = {  
			root = { is_subject = yes }  
			is_subject_of = root.overlord  
		}  
	}  
}
**Supported Scopes**: none  
**Supported Targets**: strategic_region  

## every_strategic_region_in_france_old
target_is_our_or_fellow_subject = {  
	OR = {  
		is_subject_of = root  
		AND = {  
			root = { is_subject = yes }  
			is_subject_of = root.overlord  
		}  
	}  
}
**Supported Scopes**: none  
**Supported Targets**: strategic_region  

## every_strategic_region_in_french_natural_borders
  
OR = {   
is_interest_group_type = ig_devout   
is_interest_group_type = ig_rural_folk   
is_interest_group_type = ig_landowners   
is_interest_group_type = ig_armed_forces   
} 
**Supported Scopes**: none  
**Supported Targets**: strategic_region  

## every_strategic_region_in_german_confederation
  
custom_tooltip = {   
text = DIPLO_ACTION_RELATIONS_CORDIAL_OR_GREATER_NOT   
scope:target_country.relations:root < relations_threshold:cordial   
} 
**Supported Scopes**: none  
**Supported Targets**: strategic_region  

## every_strategic_region_in_gran_colombia
ai_can_incorporate_state = {  
	OR = {  
		is_homeland_of_country_cultures = root  
		"years_to_incorporate(root)" <= define:NAI|INCORPORATE_STATE_MAX_YEARS  
	}  
}
**Supported Scopes**: none  
**Supported Targets**: strategic_region  

## every_strategic_region_in_great_game_region
greek_clothes_trigger = {  
	exists = scope:character  
	scope:character = {  
		exists = home_country  
		home_country = {  
			country_has_primary_culture = cu:greek  
		}  
	}  
}
**Supported Scopes**: none  
**Supported Targets**: strategic_region  

## every_strategic_region_in_great_plains
ai_can_incorporate_state = {  
	OR = {  
		is_homeland_of_country_cultures = root  
		"years_to_incorporate(root)" <= define:NAI|INCORPORATE_STATE_MAX_YEARS  
	}  
}
**Supported Scopes**: none  
**Supported Targets**: strategic_region  

## every_strategic_region_in_great_plains_old
target_is_our_or_fellow_subject = {  
	OR = {  
		is_subject_of = root  
		AND = {  
			root = { is_subject = yes }  
			is_subject_of = root.overlord  
		}  
	}  
}
**Supported Scopes**: none  
**Supported Targets**: strategic_region  

## every_strategic_region_in_great_rift_valley
8¬ØÙö
**Supported Scopes**: none  
**Supported Targets**: strategic_region  

## every_strategic_region_in_greater_afghanistan
effect_native_conscription_4 = {  
	if = {  
		limit = { is_country_type = decentralized }  
		add_modifier = {  
			name = native_conscription_4  
			months = -1  
		}  
	}  
}
**Supported Scopes**: none  
**Supported Targets**: strategic_region  

## every_strategic_region_in_greater_bulgaria
**Supported Scopes**: none  
**Supported Targets**: strategic_region  

## every_strategic_region_in_greater_canada
ai_is_regional_objective_state = {  
	any_scope_regional_objective = {  
		type = $TYPE$  
		is_completed = no  
		region = { $STATE$.region = this }  
	}  
}
**Supported Scopes**: none  
**Supported Targets**: strategic_region  

## every_strategic_region_in_greater_croatia
**Supported Scopes**: none  
**Supported Targets**: strategic_region  

## every_strategic_region_in_greater_germany
ai_is_regional_objective_state = {  
	any_scope_regional_objective = {  
		type = $TYPE$  
		is_completed = no  
		region = { $STATE$.region = this }  
	}  
}
**Supported Scopes**: none  
**Supported Targets**: strategic_region  

## every_strategic_region_in_greater_khorasan
target_is_our_or_fellow_subject = {  
	OR = {  
		is_subject_of = root  
		AND = {  
			root = { is_subject = yes }  
			is_subject_of = root.overlord  
		}  
	}  
}
**Supported Scopes**: none  
**Supported Targets**: strategic_region  

## every_strategic_region_in_greater_persia
ai_can_incorporate_state = {  
	OR = {  
		is_homeland_of_country_cultures = root  
		"years_to_incorporate(root)" <= define:NAI|INCORPORATE_STATE_MAX_YEARS  
	}  
}
**Supported Scopes**: none  
**Supported Targets**: strategic_region  

## every_strategic_region_in_greater_romania
**Supported Scopes**: none  
**Supported Targets**: strategic_region  

## every_strategic_region_in_gujarat_bombay_line
generate_1_noble_name = {  
	create_character = {  
		noble = yes  
		culture = $CULTURE_1$  
		on_created = {  
			place_character_in_void = 3  
		}  
		save_scope_as = name_a_scope  
	}  
}
**Supported Scopes**: none  
**Supported Targets**: strategic_region  

## every_strategic_region_in_han_homelands
ai_is_regional_objective_state = {  
	any_scope_regional_objective = {  
		type = $TYPE$  
		is_completed = no  
		region = { $STATE$.region = this }  
	}  
}
**Supported Scopes**: none  
**Supported Targets**: strategic_region  

## every_strategic_region_in_himalayas
ai_can_incorporate_state = {  
	OR = {  
		is_homeland_of_country_cultures = root  
		"years_to_incorporate(root)" <= define:NAI|INCORPORATE_STATE_MAX_YEARS  
	}  
}
**Supported Scopes**: none  
**Supported Targets**: strategic_region  

## every_strategic_region_in_himalayas_old
ai_can_incorporate_state = {  
	OR = {  
		is_homeland_of_country_cultures = root  
		"years_to_incorporate(root)" <= define:NAI|INCORPORATE_STATE_MAX_YEARS  
	}  
}
**Supported Scopes**: none  
**Supported Targets**: strategic_region  

## every_strategic_region_in_historic_byzantium
gfx_military_unit_is_mechanized = {  
  
	scope:military_formation = {  
		any_combat_unit = {  
			has_unit_type = unit_type:combat_unit_type_mechanized_infantry  
		}  
	}  
  
}
**Supported Scopes**: none  
**Supported Targets**: strategic_region  

## every_strategic_region_in_home_islands
**Supported Scopes**: none  
**Supported Targets**: strategic_region  

## every_strategic_region_in_honshu
ai_can_incorporate_state = {  
	OR = {  
		is_homeland_of_country_cultures = root  
		"years_to_incorporate(root)" <= define:NAI|INCORPORATE_STATE_MAX_YEARS  
	}  
}
**Supported Scopes**: none  
**Supported Targets**: strategic_region  

## every_strategic_region_in_hungary
ai_can_incorporate_state = {  
	OR = {  
		is_homeland_of_country_cultures = root  
		"years_to_incorporate(root)" <= define:NAI|INCORPORATE_STATE_MAX_YEARS  
	}  
}
**Supported Scopes**: none  
**Supported Targets**: strategic_region  

## every_strategic_region_in_iberia_old
ai_can_incorporate_state = {  
	OR = {  
		is_homeland_of_country_cultures = root  
		"years_to_incorporate(root)" <= define:NAI|INCORPORATE_STATE_MAX_YEARS  
	}  
}
**Supported Scopes**: none  
**Supported Targets**: strategic_region  

## every_strategic_region_in_iceland
**Supported Scopes**: none  
**Supported Targets**: strategic_region  

## every_strategic_region_in_india
target_is_our_or_fellow_subject = {  
	OR = {  
		is_subject_of = root  
		AND = {  
			root = { is_subject = yes }  
			is_subject_of = root.overlord  
		}  
	}  
}
**Supported Scopes**: none  
**Supported Targets**: strategic_region  

## every_strategic_region_in_indian_frontier
**Supported Scopes**: none  
**Supported Targets**: strategic_region  

## every_strategic_region_in_indochina
target_is_our_or_fellow_subject = {  
	OR = {  
		is_subject_of = root  
		AND = {  
			root = { is_subject = yes }  
			is_subject_of = root.overlord  
		}  
	}  
}
**Supported Scopes**: none  
**Supported Targets**: strategic_region  

## every_strategic_region_in_indonesia
ai_can_incorporate_state = {  
	OR = {  
		is_homeland_of_country_cultures = root  
		"years_to_incorporate(root)" <= define:NAI|INCORPORATE_STATE_MAX_YEARS  
	}  
}
**Supported Scopes**: none  
**Supported Targets**: strategic_region  

## every_strategic_region_in_italy_old
target_is_our_or_fellow_subject = {  
	OR = {  
		is_subject_of = root  
		AND = {  
			root = { is_subject = yes }  
			is_subject_of = root.overlord  
		}  
	}  
}
**Supported Scopes**: none  
**Supported Targets**: strategic_region  

## every_strategic_region_in_japan
ai_is_regional_objective_state = {  
	any_scope_regional_objective = {  
		type = $TYPE$  
		is_completed = no  
		region = { $STATE$.region = this }  
	}  
}
**Supported Scopes**: none  
**Supported Targets**: strategic_region  

## every_strategic_region_in_japan_old
ai_can_incorporate_state = {  
	OR = {  
		is_homeland_of_country_cultures = root  
		"years_to_incorporate(root)" <= define:NAI|INCORPORATE_STATE_MAX_YEARS  
	}  
}
**Supported Scopes**: none  
**Supported Targets**: strategic_region  

## every_strategic_region_in_korea
ai_is_regional_objective_state = {  
	any_scope_regional_objective = {  
		type = $TYPE$  
		is_completed = no  
		region = { $STATE$.region = this }  
	}  
}
**Supported Scopes**: none  
**Supported Targets**: strategic_region  

## every_strategic_region_in_krakatoa_tsunami_zone
neg_option_3_effects = {  
    scope:ig = {  
        set_variable = { #to show in tooltip  
            name = desired_army_size  
            value = negotiate_app_increase  
        }  
    }  
}
**Supported Scopes**: none  
**Supported Targets**: strategic_region  

## every_strategic_region_in_la_plata
ai_can_incorporate_state = {  
	OR = {  
		is_homeland_of_country_cultures = root  
		"years_to_incorporate(root)" <= define:NAI|INCORPORATE_STATE_MAX_YEARS  
	}  
}
**Supported Scopes**: none  
**Supported Targets**: strategic_region  

## every_strategic_region_in_latin_america
**Supported Scopes**: none  
**Supported Targets**: strategic_region  

## every_strategic_region_in_lesser_germany
ai_can_incorporate_state = {  
	OR = {  
		is_homeland_of_country_cultures = root  
		"years_to_incorporate(root)" <= define:NAI|INCORPORATE_STATE_MAX_YEARS  
	}  
}
**Supported Scopes**: none  
**Supported Targets**: strategic_region  

## every_strategic_region_in_madras_old
target_is_our_or_fellow_subject = {  
	OR = {  
		is_subject_of = root  
		AND = {  
			root = { is_subject = yes }  
			is_subject_of = root.overlord  
		}  
	}  
}
**Supported Scopes**: none  
**Supported Targets**: strategic_region  

## every_strategic_region_in_manchuria_old
target_is_our_or_fellow_subject = {  
	OR = {  
		is_subject_of = root  
		AND = {  
			root = { is_subject = yes }  
			is_subject_of = root.overlord  
		}  
	}  
}
**Supported Scopes**: none  
**Supported Targets**: strategic_region  

## every_strategic_region_in_megali_greece
ai_is_regional_objective_state = {  
	any_scope_regional_objective = {  
		type = $TYPE$  
		is_completed = no  
		region = { $STATE$.region = this }  
	}  
}
**Supported Scopes**: none  
**Supported Targets**: strategic_region  

## every_strategic_region_in_mexico_old
target_is_our_or_fellow_subject = {  
	OR = {  
		is_subject_of = root  
		AND = {  
			root = { is_subject = yes }  
			is_subject_of = root.overlord  
		}  
	}  
}
**Supported Scopes**: none  
**Supported Targets**: strategic_region  

## every_strategic_region_in_middle_east
**Supported Scopes**: none  
**Supported Targets**: strategic_region  

## every_strategic_region_in_mozambique
**Supported Scopes**: none  
**Supported Targets**: strategic_region  

## every_strategic_region_in_near_east
ai_can_incorporate_state = {  
	OR = {  
		is_homeland_of_country_cultures = root  
		"years_to_incorporate(root)" <= define:NAI|INCORPORATE_STATE_MAX_YEARS  
	}  
}
**Supported Scopes**: none  
**Supported Targets**: strategic_region  

## every_strategic_region_in_new_england_old
ai_is_regional_objective_state = {  
	any_scope_regional_objective = {  
		type = $TYPE$  
		is_completed = no  
		region = { $STATE$.region = this }  
	}  
}
**Supported Scopes**: none  
**Supported Targets**: strategic_region  

## every_strategic_region_in_new_world
**Supported Scopes**: none  
**Supported Targets**: strategic_region  

## every_strategic_region_in_new_zealand
**Supported Scopes**: none  
**Supported Targets**: strategic_region  

## every_strategic_region_in_niger_old
target_is_our_or_fellow_subject = {  
	OR = {  
		is_subject_of = root  
		AND = {  
			root = { is_subject = yes }  
			is_subject_of = root.overlord  
		}  
	}  
}
**Supported Scopes**: none  
**Supported Targets**: strategic_region  

## every_strategic_region_in_nile_basin
target_is_our_or_fellow_subject = {  
	OR = {  
		is_subject_of = root  
		AND = {  
			root = { is_subject = yes }  
			is_subject_of = root.overlord  
		}  
	}  
}
**Supported Scopes**: none  
**Supported Targets**: strategic_region  

## every_strategic_region_in_north_africa
ai_can_incorporate_state = {  
	OR = {  
		is_homeland_of_country_cultures = root  
		"years_to_incorporate(root)" <= define:NAI|INCORPORATE_STATE_MAX_YEARS  
	}  
}
**Supported Scopes**: none  
**Supported Targets**: strategic_region  

## every_strategic_region_in_north_africa_egypt
°ÖÙö
**Supported Scopes**: none  
**Supported Targets**: strategic_region  

## every_strategic_region_in_north_africa_old
target_is_our_or_fellow_subject = {  
	OR = {  
		is_subject_of = root  
		AND = {  
			root = { is_subject = yes }  
			is_subject_of = root.overlord  
		}  
	}  
}
**Supported Scopes**: none  
**Supported Targets**: strategic_region  

## every_strategic_region_in_north_america
**Supported Scopes**: none  
**Supported Targets**: strategic_region  

## every_strategic_region_in_north_andes
target_is_our_or_fellow_subject = {  
	OR = {  
		is_subject_of = root  
		AND = {  
			root = { is_subject = yes }  
			is_subject_of = root.overlord  
		}  
	}  
}
**Supported Scopes**: none  
**Supported Targets**: strategic_region  

## every_strategic_region_in_north_china
ai_can_incorporate_state = {  
	OR = {  
		is_homeland_of_country_cultures = root  
		"years_to_incorporate(root)" <= define:NAI|INCORPORATE_STATE_MAX_YEARS  
	}  
}
**Supported Scopes**: none  
**Supported Targets**: strategic_region  

## every_strategic_region_in_north_germany_old
  
if = {   
limit = {   
NOT = {   
has_variable = keep_current_ruler_var   
}   
}   
get_ruler_for:parliamentary_elective = {   
set_character_as_ruler = yes   
}   
} 
**Supported Scopes**: none  
**Supported Targets**: strategic_region  

## every_strategic_region_in_north_india
ai_is_regional_objective_state = {  
	any_scope_regional_objective = {  
		type = $TYPE$  
		is_completed = no  
		region = { $STATE$.region = this }  
	}  
}
**Supported Scopes**: none  
**Supported Targets**: strategic_region  

## every_strategic_region_in_north_sea_old
target_is_our_or_fellow_subject = {  
	OR = {  
		is_subject_of = root  
		AND = {  
			root = { is_subject = yes }  
			is_subject_of = root.overlord  
		}  
	}  
}
**Supported Scopes**: none  
**Supported Targets**: strategic_region  

## every_strategic_region_in_northeast_asia
**Supported Scopes**: none  
**Supported Targets**: strategic_region  

## every_strategic_region_in_northern_europe
ai_is_regional_objective_state = {  
	any_scope_regional_objective = {  
		type = $TYPE$  
		is_completed = no  
		region = { $STATE$.region = this }  
	}  
}
**Supported Scopes**: none  
**Supported Targets**: strategic_region  

## every_strategic_region_in_northern_mexico
**Supported Scopes**: none  
**Supported Targets**: strategic_region  

## every_strategic_region_in_occitania_old
**Supported Scopes**: none  
**Supported Targets**: strategic_region  

## every_strategic_region_in_oceania
target_is_our_or_fellow_subject = {  
	OR = {  
		is_subject_of = root  
		AND = {  
			root = { is_subject = yes }  
			is_subject_of = root.overlord  
		}  
	}  
}
**Supported Scopes**: none  
**Supported Targets**: strategic_region  

## every_strategic_region_in_old_world
ai_is_regional_objective_state = {  
	any_scope_regional_objective = {  
		type = $TYPE$  
		is_completed = no  
		region = { $STATE$.region = this }  
	}  
}
**Supported Scopes**: none  
**Supported Targets**: strategic_region  

## every_strategic_region_in_pacific_coast
ai_can_incorporate_state = {  
	OR = {  
		is_homeland_of_country_cultures = root  
		"years_to_incorporate(root)" <= define:NAI|INCORPORATE_STATE_MAX_YEARS  
	}  
}
**Supported Scopes**: none  
**Supported Targets**: strategic_region  

## every_strategic_region_in_pacific_coast_old
neg_option_3_effects = {  
    scope:ig = {  
        set_variable = { #to show in tooltip  
            name = desired_army_size  
            value = negotiate_app_increase  
        }  
    }  
}
**Supported Scopes**: none  
**Supported Targets**: strategic_region  

## every_strategic_region_in_persia_old
**Supported Scopes**: none  
**Supported Targets**: strategic_region  

## every_strategic_region_in_peru
target_is_our_or_fellow_subject = {  
	OR = {  
		is_subject_of = root  
		AND = {  
			root = { is_subject = yes }  
			is_subject_of = root.overlord  
		}  
	}  
}
**Supported Scopes**: none  
**Supported Targets**: strategic_region  

## every_strategic_region_in_philippines
target_is_our_or_fellow_subject = {  
	OR = {  
		is_subject_of = root  
		AND = {  
			root = { is_subject = yes }  
			is_subject_of = root.overlord  
		}  
	}  
}
**Supported Scopes**: none  
**Supported Targets**: strategic_region  

## every_strategic_region_in_poland_old
**Supported Scopes**: none  
**Supported Targets**: strategic_region  

## every_strategic_region_in_polar_seas
ai_is_regional_objective_state = {  
	any_scope_regional_objective = {  
		type = $TYPE$  
		is_completed = no  
		region = { $STATE$.region = this }  
	}  
}
**Supported Scopes**: none  
**Supported Targets**: strategic_region  

## every_strategic_region_in_punjab_old
ai_is_regional_objective_state = {  
	any_scope_regional_objective = {  
		type = $TYPE$  
		is_completed = no  
		region = { $STATE$.region = this }  
	}  
}
**Supported Scopes**: none  
**Supported Targets**: strategic_region  

## every_strategic_region_in_rhine_old
ai_is_regional_objective_state = {  
	any_scope_regional_objective = {  
		type = $TYPE$  
		is_completed = no  
		region = { $STATE$.region = this }  
	}  
}
**Supported Scopes**: none  
**Supported Targets**: strategic_region  

## every_strategic_region_in_ring_of_fire
ai_can_incorporate_state = {  
	OR = {  
		is_homeland_of_country_cultures = root  
		"years_to_incorporate(root)" <= define:NAI|INCORPORATE_STATE_MAX_YEARS  
	}  
}
**Supported Scopes**: none  
**Supported Targets**: strategic_region  

## every_strategic_region_in_russia
**Supported Scopes**: none  
**Supported Targets**: strategic_region  

## every_strategic_region_in_russia_old
ai_can_incorporate_state = {  
	OR = {  
		is_homeland_of_country_cultures = root  
		"years_to_incorporate(root)" <= define:NAI|INCORPORATE_STATE_MAX_YEARS  
	}  
}
**Supported Scopes**: none  
**Supported Targets**: strategic_region  

## every_strategic_region_in_scandinavia
target_is_our_or_fellow_subject = {  
	OR = {  
		is_subject_of = root  
		AND = {  
			root = { is_subject = yes }  
			is_subject_of = root.overlord  
		}  
	}  
}
**Supported Scopes**: none  
**Supported Targets**: strategic_region  

## every_strategic_region_in_senegal_old
ai_can_incorporate_state = {  
	OR = {  
		is_homeland_of_country_cultures = root  
		"years_to_incorporate(root)" <= define:NAI|INCORPORATE_STATE_MAX_YEARS  
	}  
}
**Supported Scopes**: none  
**Supported Targets**: strategic_region  

## every_strategic_region_in_siberia
ai_is_regional_objective_state = {  
	any_scope_regional_objective = {  
		type = $TYPE$  
		is_completed = no  
		region = { $STATE$.region = this }  
	}  
}
**Supported Scopes**: none  
**Supported Targets**: strategic_region  

## every_strategic_region_in_south_africa
ai_is_regional_objective_state = {  
	any_scope_regional_objective = {  
		type = $TYPE$  
		is_completed = no  
		region = { $STATE$.region = this }  
	}  
}
**Supported Scopes**: none  
**Supported Targets**: strategic_region  

## every_strategic_region_in_south_america
**Supported Scopes**: none  
**Supported Targets**: strategic_region  

## every_strategic_region_in_south_china
**Supported Scopes**: none  
**Supported Targets**: strategic_region  

## every_strategic_region_in_south_east_asia
target_is_our_or_fellow_subject = {  
	OR = {  
		is_subject_of = root  
		AND = {  
			root = { is_subject = yes }  
			is_subject_of = root.overlord  
		}  
	}  
}
**Supported Scopes**: none  
**Supported Targets**: strategic_region  

## every_strategic_region_in_south_germany_old
°ÖÙö
**Supported Scopes**: none  
**Supported Targets**: strategic_region  

## every_strategic_region_in_south_india
ai_is_regional_objective_state = {  
	any_scope_regional_objective = {  
		type = $TYPE$  
		is_completed = no  
		region = { $STATE$.region = this }  
	}  
}
**Supported Scopes**: none  
**Supported Targets**: strategic_region  

## every_strategic_region_in_southern_africa
target_is_our_or_fellow_subject = {  
	OR = {  
		is_subject_of = root  
		AND = {  
			root = { is_subject = yes }  
			is_subject_of = root.overlord  
		}  
	}  
}
**Supported Scopes**: none  
**Supported Targets**: strategic_region  

## every_strategic_region_in_southern_africa_old
°ÖÙö
**Supported Scopes**: none  
**Supported Targets**: strategic_region  

## every_strategic_region_in_southern_cone
ai_can_incorporate_state = {  
	OR = {  
		is_homeland_of_country_cultures = root  
		"years_to_incorporate(root)" <= define:NAI|INCORPORATE_STATE_MAX_YEARS  
	}  
}
**Supported Scopes**: none  
**Supported Targets**: strategic_region  

## every_strategic_region_in_southern_europe
target_is_our_or_fellow_subject = {  
	OR = {  
		is_subject_of = root  
		AND = {  
			root = { is_subject = yes }  
			is_subject_of = root.overlord  
		}  
	}  
}
**Supported Scopes**: none  
**Supported Targets**: strategic_region  

## every_strategic_region_in_subsaharan_africa
8¬ØÙö
**Supported Scopes**: none  
**Supported Targets**: strategic_region  

## every_strategic_region_in_the_midwest_old
ai_can_incorporate_state = {  
	OR = {  
		is_homeland_of_country_cultures = root  
		"years_to_incorporate(root)" <= define:NAI|INCORPORATE_STATE_MAX_YEARS  
	}  
}
**Supported Scopes**: none  
**Supported Targets**: strategic_region  

## every_strategic_region_in_transoxiana
**Supported Scopes**: none  
**Supported Targets**: strategic_region  

## every_strategic_region_in_tropical_seas
target_is_our_or_fellow_subject = {  
	OR = {  
		is_subject_of = root  
		AND = {  
			root = { is_subject = yes }  
			is_subject_of = root.overlord  
		}  
	}  
}
**Supported Scopes**: none  
**Supported Targets**: strategic_region  

## every_strategic_region_in_turkestan
target_is_our_or_fellow_subject = {  
	OR = {  
		is_subject_of = root  
		AND = {  
			root = { is_subject = yes }  
			is_subject_of = root.overlord  
		}  
	}  
}
**Supported Scopes**: none  
**Supported Targets**: strategic_region  

## every_strategic_region_in_urals_old
ai_can_incorporate_state = {  
	OR = {  
		is_homeland_of_country_cultures = root  
		"years_to_incorporate(root)" <= define:NAI|INCORPORATE_STATE_MAX_YEARS  
	}  
}
**Supported Scopes**: none  
**Supported Targets**: strategic_region  

## every_strategic_region_in_west_africa
ai_is_regional_objective_state = {  
	any_scope_regional_objective = {  
		type = $TYPE$  
		is_completed = no  
		region = { $STATE$.region = this }  
	}  
}
**Supported Scopes**: none  
**Supported Targets**: strategic_region  

## every_strategic_region_in_west_siberia_old
target_is_our_or_fellow_subject = {  
	OR = {  
		is_subject_of = root  
		AND = {  
			root = { is_subject = yes }  
			is_subject_of = root.overlord  
		}  
	}  
}
**Supported Scopes**: none  
**Supported Targets**: strategic_region  

## every_strategic_region_in_western_europe
**Supported Scopes**: none  
**Supported Targets**: strategic_region  

## every_strategic_region_in_wet_process_region
generate_1_common_female_name = {  
	create_character = {  
		female = yes  
		culture = $CULTURE_1$  
		on_created = {  
			place_character_in_void = 3  
		}  
		save_scope_as = name_a_scope  
	}  
}
**Supported Scopes**: none  
**Supported Targets**: strategic_region  

## every_strategic_region_in_yugoslavia
ai_can_incorporate_state = {  
	OR = {  
		is_homeland_of_country_cultures = root  
		"years_to_incorporate(root)" <= define:NAI|INCORPORATE_STATE_MAX_YEARS  
	}  
}
**Supported Scopes**: none  
**Supported Targets**: strategic_region  

## every_strategic_region_in_zambezi_basin
ai_is_regional_objective_state = {  
	any_scope_regional_objective = {  
		type = $TYPE$  
		is_completed = no  
		region = { $STATE$.region = this }  
	}  
}
**Supported Scopes**: none  
**Supported Targets**: strategic_region  

## every_strategic_region_in_zanj_old
target_is_our_or_fellow_subject = {  
	OR = {  
		is_subject_of = root  
		AND = {  
			root = { is_subject = yes }  
			is_subject_of = root.overlord  
		}  
	}  
}
**Supported Scopes**: none  
**Supported Targets**: strategic_region  

## every_subject_of_subject
Any country below direct subjects in hierarchy  
every_subject_of_subject = { limit = { <triggers> } <effects> }
**Supported Scopes**: country  
**Supported Targets**: country  

## every_subject_or_below
Any country below current in hierarchy  
every_subject_or_below = { limit = { <triggers> } <effects> }
**Supported Scopes**: country  
**Supported Targets**: country  

## every_supporting_character
Iterate through all characters that support the scoped political movement  
every_supporting_character = { limit = { <triggers> } <effects> }
**Supported Scopes**: political_movement  
**Supported Targets**: character  

## every_treaty
Iterate through treaties (both in force and drafts)  
every_treaty = { limit = { <triggers> } <effects> }
**Supported Scopes**: none  
**Supported Targets**: treaty  

## every_valid_mass_migration_culture
Lists for cultures in the scoped country that are valid for mass migration  
every_valid_mass_migration_culture = { limit = { <triggers> } <effects> }
**Supported Scopes**: country  
**Supported Targets**: culture  

## every_war_participant
Iterate through all participants in a war  
every_war_participant = { limit = { <triggers> } <effects> }
**Supported Scopes**: war  
**Supported Targets**: country  

## execute_event_option
Execute effects of the specified event option in the specified event  
execute_event_option = { event = events.1 option = 0 }
**Supported Scopes**: none  

## exile_character
Exile a character to the exile pool  
exile_character = yes
**Supported Scopes**: character  

## finish_harvest_condition
Finish a harvest condition of type in the scoped state region  
finish_harvest_condition = <key>
**Supported Scopes**: state_region  

## finish_negotiation
Finishes the negotiation that has started for an interest group: finish_negotiation = yes/no
**Supported Scopes**: interest_group  

## force_resource_depletion
Forces a resource depletion in state  
force_resource_depletion = bg_gold_mining
**Supported Scopes**: state  

## force_resource_discovery
Forces a resource discovery in state  
force_resource_discovery = bg_gold_mining
**Supported Scopes**: state  

## free_character_from_void
Frees a character from the void, if set to no character is deleted instead  
free_character_from_void = yes
**Supported Scopes**: character  

## fully_mobilize_army
Fully mobilizes scope army  
fully_mobilize_army = yes
**Supported Scopes**: military_formation  

## hidden_effect
Enclosed effects are not shown in tooltips  
hidden_effect = { <more effects> }
**Supported Scopes**: none  

## if
Executes enclosed effects if limit criteria are met  
if = { limit = { <triggers> } <effects> }
**Supported Scopes**: none  

## improve_stance
Improves the stance of an IG on the currently enacting law by the given number of steps: improve_stance = value
**Supported Scopes**: interest_group  

## increase_autonomy
Change a country's subject type to a more autonomus one  
increase_autonomy = yes
**Supported Scopes**: country  

## join_power_bloc
Scoped country joins the power bloc of the target scoped country  
join_power_bloc = c:USA
**Supported Scopes**: country  
**Supported Targets**: country  

## join_revolution
Adds interest group to ongoing revolution  
join_revolution = yes/no
**Supported Scopes**: interest_group  

## join_war
Makes target join a scoped war in a specific side.  
join_war = { target = scope:target_country side = root }
**Supported Scopes**: war  

## kill_character
Kill a character  
kill_character = bool (yes - kill [by default], no - don't do anything)  
kill_character = {  
	hidden = bool (yes - without notification; no - show notification [by default])  
	value = bool (yes - kill [by default], no - don't do anything)  
}
**Supported Scopes**: character  

## kill_crew
Kills a given amount of a ship's crew  
kill_crew = 20
**Supported Scopes**: ship  

## kill_crew_percent
Kills a given percentage of a ship's crew  
kill_crew_percent = 0.2
**Supported Scopes**: ship  

## kill_population
Kills a number of individuals in the population in the scoped country.  
  
All parameters except percent are optional. Pop type and strata cannot be used at the same time.kill_population = {  
	value = <integer value>  
	culture = <scope/cu:key>  
	religion = <scope/rel:key>  
	interest_group = <scope/ig:key>  
	pop_type = <scope/pop_type:key>  
	strata = <key>  
}
**Supported Scopes**: country  

## kill_population_in_state
Kills a number of individuals in the population in the scoped state.  
  
All parameters except percent are optional. Pop type and strata cannot be used at the same time.kill_population = {  
	value = <integer value>  
	culture = <scope/cu:key>  
	religion = <scope/rel:key>  
	interest_group = <scope/ig:key>  
	pop_type = <scope/pop_type:key>  
	strata = <key>  
}
**Supported Scopes**: state  

## kill_population_percent
Kills a percentage of the population in the scoped country.  
  
All parameters except percent are optional. Pop type and strata cannot be used at the same time.kill_population_percent = {  
	percent = <decimal value>  
	culture = <scope/cu:key>  
	religion = <scope/rel:key>  
	interest_group = <scope/ig:key>  
	pop_type = <scope/pop_type:key>  
	strata = <key>  
}
**Supported Scopes**: country  

## kill_population_percent_in_state
Kills a percentage of the population in the scoped state.  
  
All parameters except percent are optional. Pop type and strata cannot be used at the same time.kill_population_percent = {  
	percent = <decimal value>  
	culture = <scope/cu:key>  
	religion = <scope/rel:key>  
	interest_group = <scope/ig:key>  
	pop_type = <scope/pop_type:key>  
	strata = <key>  
}
**Supported Scopes**: state  

## kill_ship
Destroys the scoped ship  
kill_ship = bool		# yes - destroy the ship [by default], no - don't do anything
**Supported Scopes**: ship  

## liberate_slaves
Frees all slaves in the country/state  
liberate_slaves = yes
**Supported Scopes**: country, state  

## liberate_slaves_in_incorporated_states
Frees all slaves in the country's incorporated states  
liberate_slaves_in_incorporated_states = yes
**Supported Scopes**: country  

## liberate_slaves_in_unincorporated_states
Frees all slaves in the country's unincorporated states  
liberate_slaves_in_unincorporated_states = yes
**Supported Scopes**: country  

## make_independent
Makes a country independent.  
make_independent = bool
**Supported Scopes**: country  

## mobilize_army
Mobilizes scope army  
mobilize_army = yes
**Supported Scopes**: military_formation  

## move_partial_pop
Moves the scoped pop to the specified state (they become unemployed)  
move_partial_pop = { state = s:STATE_TUSCANY.region_state:TUS }  
move_partial_pop = { state = s:STATE_TUSCANY.region_state:TUS population = 1000 }  
 move_partial_pop = { state = s:STATE_TUSCANY.region_state:TUS population_ratio = 0.2 }  
  
NOTE: VERY IMPORTANT! This effect _may_ change the pop type of the moved pop. This will happen under the following conditions:  
1. if the current pop type cannot be unemployed, the new pop type will be the default one  
2.if the current pop type is a slave type and the target state does not allow slavery, the new pop type will be the default one
**Supported Scopes**: pop  

## move_pop
Moves the scoped pop in its entirety to the specified state (they become unemployed)  
move_pop = s:STATE_TUSCANY.region_state:TUS  
NOTE: VERY IMPORTANT! This effect _may_ change the pop type of the moved pop. This will happen under the following conditions:  
1. if the current pop type cannot be unemployed, the new pop type will be the default one  
2.if the current pop type is a slave type and the target state does not allow slavery, the new pop type will be the default one
**Supported Scopes**: pop  
**Supported Targets**: state  

## ordered_active_law
Iterate through all active laws in a country  
ordered_active_law = {  
limit = { <triggers> }  
order_by = script_value  
position = int  
min = int  
max = script_value  
check_range_bounds = no # If you don't want an error logged if the list is smaller than the min/max  
<effects> }
**Supported Scopes**: country  
**Supported Targets**: law  

## ordered_active_party
Iterate through all active political parties in a country  
ordered_active_party = {  
limit = { <triggers> }  
order_by = script_value  
position = int  
min = int  
max = script_value  
check_range_bounds = no # If you don't want an error logged if the list is smaller than the min/max  
<effects> }
**Supported Scopes**: country  
**Supported Targets**: party  

## ordered_character
Iterate through all characters globally  
ordered_character = {  
limit = { <triggers> }  
order_by = script_value  
position = int  
min = int  
max = script_value  
check_range_bounds = no # If you don't want an error logged if the list is smaller than the min/max  
<effects> }
**Supported Scopes**: none  
**Supported Targets**: character  

## ordered_character_in_exile_pool
Iterate through characters in the exile pool  
ordered_character_in_exile_pool = {  
limit = { <triggers> }  
order_by = script_value  
position = int  
min = int  
max = script_value  
check_range_bounds = no # If you don't want an error logged if the list is smaller than the min/max  
<effects> }
**Supported Scopes**: none  
**Supported Targets**: character  

## ordered_character_in_void
Iterate through characters in the void  
ordered_character_in_void = {  
limit = { <triggers> }  
order_by = script_value  
position = int  
min = int  
max = script_value  
check_range_bounds = no # If you don't want an error logged if the list is smaller than the min/max  
<effects> }
**Supported Scopes**: none  
**Supported Targets**: character  

## ordered_character_role
Iterate through all roles of the scoped character  
ordered_character_role = {  
limit = { <triggers> }  
order_by = script_value  
position = int  
min = int  
max = script_value  
check_range_bounds = no # If you don't want an error logged if the list is smaller than the min/max  
<effects> }
**Supported Scopes**: character  
**Supported Targets**: character_role  

## ordered_civil_war
Iterate through all civil wars related to the scoped country  
ordered_civil_war = {  
limit = { <triggers> }  
order_by = script_value  
position = int  
min = int  
max = script_value  
check_range_bounds = no # If you don't want an error logged if the list is smaller than the min/max  
<effects> }
**Supported Scopes**: country  
**Supported Targets**: civil_war  

## ordered_cobelligerent_in_diplo_play
Iterate through all co-belligerents of scope country in all diplomatic plays (includes wars)  
ordered_cobelligerent_in_diplo_play = {  
limit = { <triggers> }  
order_by = script_value  
position = int  
min = int  
max = script_value  
check_range_bounds = no # If you don't want an error logged if the list is smaller than the min/max  
<effects> }
**Supported Scopes**: country  
**Supported Targets**: country  

## ordered_cobelligerent_in_war
Iterate through all co-belligerents of scope country in all wars  
ordered_cobelligerent_in_war = {  
limit = { <triggers> }  
order_by = script_value  
position = int  
min = int  
max = script_value  
check_range_bounds = no # If you don't want an error logged if the list is smaller than the min/max  
<effects> }
**Supported Scopes**: country  
**Supported Targets**: country  

## ordered_combat_unit
Iterate through all combat units of input scope  
Supported scopes: building, military formation, front, battle  
ordered_combat_unit = {  
limit = { <triggers> }  
order_by = script_value  
position = int  
min = int  
max = script_value  
check_range_bounds = no # If you don't want an error logged if the list is smaller than the min/max  
<effects> }
**Supported Scopes**: battle, building, front, hq, military_formation  
**Supported Targets**: new_combat_unit  

## ordered_company
Iterate through all companies in a country  
ordered_company = {  
limit = { <triggers> }  
order_by = script_value  
position = int  
min = int  
max = script_value  
check_range_bounds = no # If you don't want an error logged if the list is smaller than the min/max  
<effects> }
**Supported Scopes**: country  
**Supported Targets**: company  

## ordered_container
Iterate through all script containers globally. Optional filters: tag = <tag> / tags = { <tag> ... } (all listed tags) and parent = <scope>  
ordered_container = {  
limit = { <triggers> }  
order_by = script_value  
position = int  
min = int  
max = script_value  
check_range_bounds = no # If you don't want an error logged if the list is smaller than the min/max  
<effects> }
**Supported Scopes**: none  
**Supported Targets**: container  

## ordered_country
Iterate through all countries globally  
ordered_country = {  
limit = { <triggers> }  
order_by = script_value  
position = int  
min = int  
max = script_value  
check_range_bounds = no # If you don't want an error logged if the list is smaller than the min/max  
<effects> }
**Supported Scopes**: none  
**Supported Targets**: country  

## ordered_country_in_afghanistan
ai_country_is_valid_colonization_target = {  
	OR = {  
		is_country_type = unrecognized  
		is_country_type = decentralized # Could be useful for the rare cases this is used outside of AI strategies  
	}  
	OR = {  
		is_subject = no  
		top_overlord ?= {  
			is_country_type = unrecognized  
		}  
	}  
}
**Supported Scopes**: none  
**Supported Targets**: country  

## ordered_country_in_africa
ai_is_regional_objective_protect_target = {  
	any_scope_regional_objective = {  
		type = aro:ai_regional_objective_protect_country  
		is_completed = no  
		region = {  
			root = {  
				"root.variable_map(aro_protect_country_map|prev)" ?= { this = $TARGET$ }  
			}  
		}  
	}  
}
**Supported Scopes**: none  
**Supported Targets**: country  

## ordered_country_in_allahabad_bombay_line
ai_is_regional_objective_protect_target = {  
	any_scope_regional_objective = {  
		type = aro:ai_regional_objective_protect_country  
		is_completed = no  
		region = {  
			root = {  
				"root.variable_map(aro_protect_country_map|prev)" ?= { this = $TARGET$ }  
			}  
		}  
	}  
}
**Supported Scopes**: none  
**Supported Targets**: country  

## ordered_country_in_alpide_belt
ai_is_regional_objective_protect_target = {  
	any_scope_regional_objective = {  
		type = aro:ai_regional_objective_protect_country  
		is_completed = no  
		region = {  
			root = {  
				"root.variable_map(aro_protect_country_map|prev)" ?= { this = $TARGET$ }  
			}  
		}  
	}  
}
**Supported Scopes**: none  
**Supported Targets**: country  

## ordered_country_in_amazon
ai_country_is_valid_colonization_target = {  
	OR = {  
		is_country_type = unrecognized  
		is_country_type = decentralized # Could be useful for the rare cases this is used outside of AI strategies  
	}  
	OR = {  
		is_subject = no  
		top_overlord ?= {  
			is_country_type = unrecognized  
		}  
	}  
}
**Supported Scopes**: none  
**Supported Targets**: country  

## ordered_country_in_americas
ai_country_is_valid_colonization_target = {  
	OR = {  
		is_country_type = unrecognized  
		is_country_type = decentralized # Could be useful for the rare cases this is used outside of AI strategies  
	}  
	OR = {  
		is_subject = no  
		top_overlord ?= {  
			is_country_type = unrecognized  
		}  
	}  
}
**Supported Scopes**: none  
**Supported Targets**: country  

## ordered_country_in_anatolia_old
has_treaty_defensive_pact_with = {  
	custom_description = {  
		text = has_treaty_defensive_pact_with_trigger  
		subject = this # Country  
		object = $TARGET$ # Country  
  
		any_scope_treaty = {  
			binds = $TARGET$  
			any_scope_article = {  
				has_type = defensive_pact  
			}  
		}  
	}  
}
**Supported Scopes**: none  
**Supported Targets**: country  

## ordered_country_in_andean_federation
ai_is_regional_objective_protect_target = {  
	any_scope_regional_objective = {  
		type = aro:ai_regional_objective_protect_country  
		is_completed = no  
		region = {  
			root = {  
				"root.variable_map(aro_protect_country_map|prev)" ?= { this = $TARGET$ }  
			}  
		}  
	}  
}
**Supported Scopes**: none  
**Supported Targets**: country  

## ordered_country_in_andes
ai_is_regional_objective_subjugate_target = {  
	any_scope_regional_objective = {  
		type = aro:ai_regional_objective_subjugate_country  
		is_completed = no  
		region = {  
			root = {  
				"root.variable_map(aro_subjugate_country_map|prev)" ?= { this = $TARGET$ }  
			}  
		}  
	}  
}
**Supported Scopes**: none  
**Supported Targets**: country  

## ordered_country_in_angola
ai_is_regional_objective_subjugate_target = {  
	any_scope_regional_objective = {  
		type = aro:ai_regional_objective_subjugate_country  
		is_completed = no  
		region = {  
			root = {  
				"root.variable_map(aro_subjugate_country_map|prev)" ?= { this = $TARGET$ }  
			}  
		}  
	}  
}
**Supported Scopes**: none  
**Supported Targets**: country  

## ordered_country_in_arabia
ai_is_regional_objective_protect_target = {  
	any_scope_regional_objective = {  
		type = aro:ai_regional_objective_protect_country  
		is_completed = no  
		region = {  
			root = {  
				"root.variable_map(aro_protect_country_map|prev)" ?= { this = $TARGET$ }  
			}  
		}  
	}  
}
**Supported Scopes**: none  
**Supported Targets**: country  

## ordered_country_in_arabic_old
ai_country_is_valid_colonization_target = {  
	OR = {  
		is_country_type = unrecognized  
		is_country_type = decentralized # Could be useful for the rare cases this is used outside of AI strategies  
	}  
	OR = {  
		is_subject = no  
		top_overlord ?= {  
			is_country_type = unrecognized  
		}  
	}  
}
**Supported Scopes**: none  
**Supported Targets**: country  

## ordered_country_in_aragon
ai_country_is_valid_colonization_target = {  
	OR = {  
		is_country_type = unrecognized  
		is_country_type = decentralized # Could be useful for the rare cases this is used outside of AI strategies  
	}  
	OR = {  
		is_subject = no  
		top_overlord ?= {  
			is_country_type = unrecognized  
		}  
	}  
}
**Supported Scopes**: none  
**Supported Targets**: country  

## ordered_country_in_arctic_russia_old
ai_is_regional_objective_protect_target = {  
	any_scope_regional_objective = {  
		type = aro:ai_regional_objective_protect_country  
		is_completed = no  
		region = {  
			root = {  
				"root.variable_map(aro_protect_country_map|prev)" ?= { this = $TARGET$ }  
			}  
		}  
	}  
}
**Supported Scopes**: none  
**Supported Targets**: country  

## ordered_country_in_asia
ai_country_is_valid_colonization_target = {  
	OR = {  
		is_country_type = unrecognized  
		is_country_type = decentralized # Could be useful for the rare cases this is used outside of AI strategies  
	}  
	OR = {  
		is_subject = no  
		top_overlord ?= {  
			is_country_type = unrecognized  
		}  
	}  
}
**Supported Scopes**: none  
**Supported Targets**: country  

## ordered_country_in_atlantic_coast
ai_is_regional_objective_protect_target = {  
	any_scope_regional_objective = {  
		type = aro:ai_regional_objective_protect_country  
		is_completed = no  
		region = {  
			root = {  
				"root.variable_map(aro_protect_country_map|prev)" ?= { this = $TARGET$ }  
			}  
		}  
	}  
}
**Supported Scopes**: none  
**Supported Targets**: country  

## ordered_country_in_australasia
ai_country_is_valid_colonization_target = {  
	OR = {  
		is_country_type = unrecognized  
		is_country_type = decentralized # Could be useful for the rare cases this is used outside of AI strategies  
	}  
	OR = {  
		is_subject = no  
		top_overlord ?= {  
			is_country_type = unrecognized  
		}  
	}  
}
**Supported Scopes**: none  
**Supported Targets**: country  

## ordered_country_in_australia
ai_is_regional_objective_subjugate_target = {  
	any_scope_regional_objective = {  
		type = aro:ai_regional_objective_subjugate_country  
		is_completed = no  
		region = {  
			root = {  
				"root.variable_map(aro_subjugate_country_map|prev)" ?= { this = $TARGET$ }  
			}  
		}  
	}  
}
**Supported Scopes**: none  
**Supported Targets**: country  

## ordered_country_in_balkans
ai_is_regional_objective_subjugate_target = {  
	any_scope_regional_objective = {  
		type = aro:ai_regional_objective_subjugate_country  
		is_completed = no  
		region = {  
			root = {  
				"root.variable_map(aro_subjugate_country_map|prev)" ?= { this = $TARGET$ }  
			}  
		}  
	}  
}
**Supported Scopes**: none  
**Supported Targets**: country  

## ordered_country_in_balkans_old
has_treaty_defensive_pact_with = {  
	custom_description = {  
		text = has_treaty_defensive_pact_with_trigger  
		subject = this # Country  
		object = $TARGET$ # Country  
  
		any_scope_treaty = {  
			binds = $TARGET$  
			any_scope_article = {  
				has_type = defensive_pact  
			}  
		}  
	}  
}
**Supported Scopes**: none  
**Supported Targets**: country  

## ordered_country_in_baltic_old
ai_is_regional_objective_protect_target = {  
	any_scope_regional_objective = {  
		type = aro:ai_regional_objective_protect_country  
		is_completed = no  
		region = {  
			root = {  
				"root.variable_map(aro_protect_country_map|prev)" ?= { this = $TARGET$ }  
			}  
		}  
	}  
}
**Supported Scopes**: none  
**Supported Targets**: country  

## ordered_country_in_baltic_states_old
ai_country_is_valid_colonization_target = {  
	OR = {  
		is_country_type = unrecognized  
		is_country_type = decentralized # Could be useful for the rare cases this is used outside of AI strategies  
	}  
	OR = {  
		is_subject = no  
		top_overlord ?= {  
			is_country_type = unrecognized  
		}  
	}  
}
**Supported Scopes**: none  
**Supported Targets**: country  

## ordered_country_in_belarus_old
has_treaty_defensive_pact_with = {  
	custom_description = {  
		text = has_treaty_defensive_pact_with_trigger  
		subject = this # Country  
		object = $TARGET$ # Country  
  
		any_scope_treaty = {  
			binds = $TARGET$  
			any_scope_article = {  
				has_type = defensive_pact  
			}  
		}  
	}  
}
**Supported Scopes**: none  
**Supported Targets**: country  

## ordered_country_in_bengal_old
ai_is_regional_objective_subjugate_target = {  
	any_scope_regional_objective = {  
		type = aro:ai_regional_objective_subjugate_country  
		is_completed = no  
		region = {  
			root = {  
				"root.variable_map(aro_subjugate_country_map|prev)" ?= { this = $TARGET$ }  
			}  
		}  
	}  
}
**Supported Scopes**: none  
**Supported Targets**: country  

## ordered_country_in_bolivia
ai_is_regional_objective_subjugate_target = {  
	any_scope_regional_objective = {  
		type = aro:ai_regional_objective_subjugate_country  
		is_completed = no  
		region = {  
			root = {  
				"root.variable_map(aro_subjugate_country_map|prev)" ?= { this = $TARGET$ }  
			}  
		}  
	}  
}
**Supported Scopes**: none  
**Supported Targets**: country  

## ordered_country_in_bombay_madras_line
ai_country_is_valid_colonization_target = {  
	OR = {  
		is_country_type = unrecognized  
		is_country_type = decentralized # Could be useful for the rare cases this is used outside of AI strategies  
	}  
	OR = {  
		is_subject = no  
		top_overlord ?= {  
			is_country_type = unrecognized  
		}  
	}  
}
**Supported Scopes**: none  
**Supported Targets**: country  

## ordered_country_in_bombay_old
ai_is_regional_objective_subjugate_target = {  
	any_scope_regional_objective = {  
		type = aro:ai_regional_objective_subjugate_country  
		is_completed = no  
		region = {  
			root = {  
				"root.variable_map(aro_subjugate_country_map|prev)" ?= { this = $TARGET$ }  
			}  
		}  
	}  
}
**Supported Scopes**: none  
**Supported Targets**: country  

## ordered_country_in_brazil
has_treaty_defensive_pact_with = {  
	custom_description = {  
		text = has_treaty_defensive_pact_with_trigger  
		subject = this # Country  
		object = $TARGET$ # Country  
  
		any_scope_treaty = {  
			binds = $TARGET$  
			any_scope_article = {  
				has_type = defensive_pact  
			}  
		}  
	}  
}
**Supported Scopes**: none  
**Supported Targets**: country  

## ordered_country_in_burma
ai_is_regional_objective_protect_target = {  
	any_scope_regional_objective = {  
		type = aro:ai_regional_objective_protect_country  
		is_completed = no  
		region = {  
			root = {  
				"root.variable_map(aro_protect_country_map|prev)" ?= { this = $TARGET$ }  
			}  
		}  
	}  
}
**Supported Scopes**: none  
**Supported Targets**: country  

## ordered_country_in_canada
has_treaty_defensive_pact_with = {  
	custom_description = {  
		text = has_treaty_defensive_pact_with_trigger  
		subject = this # Country  
		object = $TARGET$ # Country  
  
		any_scope_treaty = {  
			binds = $TARGET$  
			any_scope_article = {  
				has_type = defensive_pact  
			}  
		}  
	}  
}
**Supported Scopes**: none  
**Supported Targets**: country  

## ordered_country_in_canada_old
ai_is_regional_objective_protect_target = {  
	any_scope_regional_objective = {  
		type = aro:ai_regional_objective_protect_country  
		is_completed = no  
		region = {  
			root = {  
				"root.variable_map(aro_protect_country_map|prev)" ?= { this = $TARGET$ }  
			}  
		}  
	}  
}
**Supported Scopes**: none  
**Supported Targets**: country  

## ordered_country_in_caribbean_old
ai_is_regional_objective_protect_target = {  
	any_scope_regional_objective = {  
		type = aro:ai_regional_objective_protect_country  
		is_completed = no  
		region = {  
			root = {  
				"root.variable_map(aro_protect_country_map|prev)" ?= { this = $TARGET$ }  
			}  
		}  
	}  
}
**Supported Scopes**: none  
**Supported Targets**: country  

## ordered_country_in_castile
ai_is_regional_objective_protect_target = {  
	any_scope_regional_objective = {  
		type = aro:ai_regional_objective_protect_country  
		is_completed = no  
		region = {  
			root = {  
				"root.variable_map(aro_protect_country_map|prev)" ?= { this = $TARGET$ }  
			}  
		}  
	}  
}
**Supported Scopes**: none  
**Supported Targets**: country  

## ordered_country_in_caucasus_old
ai_country_is_valid_colonization_target = {  
	OR = {  
		is_country_type = unrecognized  
		is_country_type = decentralized # Could be useful for the rare cases this is used outside of AI strategies  
	}  
	OR = {  
		is_subject = no  
		top_overlord ?= {  
			is_country_type = unrecognized  
		}  
	}  
}
**Supported Scopes**: none  
**Supported Targets**: country  

## ordered_country_in_central_america
ai_country_is_valid_colonization_target = {  
	OR = {  
		is_country_type = unrecognized  
		is_country_type = decentralized # Could be useful for the rare cases this is used outside of AI strategies  
	}  
	OR = {  
		is_subject = no  
		top_overlord ?= {  
			is_country_type = unrecognized  
		}  
	}  
}
**Supported Scopes**: none  
**Supported Targets**: country  

## ordered_country_in_central_america_old
ai_is_regional_objective_protect_target = {  
	any_scope_regional_objective = {  
		type = aro:ai_regional_objective_protect_country  
		is_completed = no  
		region = {  
			root = {  
				"root.variable_map(aro_protect_country_map|prev)" ?= { this = $TARGET$ }  
			}  
		}  
	}  
}
**Supported Scopes**: none  
**Supported Targets**: country  

## ordered_country_in_central_asia
ai_country_is_valid_colonization_target = {  
	OR = {  
		is_country_type = unrecognized  
		is_country_type = decentralized # Could be useful for the rare cases this is used outside of AI strategies  
	}  
	OR = {  
		is_subject = no  
		top_overlord ?= {  
			is_country_type = unrecognized  
		}  
	}  
}
**Supported Scopes**: none  
**Supported Targets**: country  

## ordered_country_in_central_asia_old
ai_is_regional_objective_protect_target = {  
	any_scope_regional_objective = {  
		type = aro:ai_regional_objective_protect_country  
		is_completed = no  
		region = {  
			root = {  
				"root.variable_map(aro_protect_country_map|prev)" ?= { this = $TARGET$ }  
			}  
		}  
	}  
}
**Supported Scopes**: none  
**Supported Targets**: country  

## ordered_country_in_central_europe
has_treaty_defensive_pact_with = {  
	custom_description = {  
		text = has_treaty_defensive_pact_with_trigger  
		subject = this # Country  
		object = $TARGET$ # Country  
  
		any_scope_treaty = {  
			binds = $TARGET$  
			any_scope_article = {  
				has_type = defensive_pact  
			}  
		}  
	}  
}
**Supported Scopes**: none  
**Supported Targets**: country  

## ordered_country_in_central_india_old
ai_is_regional_objective_protect_target = {  
	any_scope_regional_objective = {  
		type = aro:ai_regional_objective_protect_country  
		is_completed = no  
		region = {  
			root = {  
				"root.variable_map(aro_protect_country_map|prev)" ?= { this = $TARGET$ }  
			}  
		}  
	}  
}
**Supported Scopes**: none  
**Supported Targets**: country  

## ordered_country_in_china
ai_is_regional_objective_subjugate_target = {  
	any_scope_regional_objective = {  
		type = aro:ai_regional_objective_subjugate_country  
		is_completed = no  
		region = {  
			root = {  
				"root.variable_map(aro_subjugate_country_map|prev)" ?= { this = $TARGET$ }  
			}  
		}  
	}  
}
**Supported Scopes**: none  
**Supported Targets**: country  

## ordered_country_in_chorasmia
has_treaty_defensive_pact_with = {  
	custom_description = {  
		text = has_treaty_defensive_pact_with_trigger  
		subject = this # Country  
		object = $TARGET$ # Country  
  
		any_scope_treaty = {  
			binds = $TARGET$  
			any_scope_article = {  
				has_type = defensive_pact  
			}  
		}  
	}  
}
**Supported Scopes**: none  
**Supported Targets**: country  

## ordered_country_in_colonial_la_plata
ai_is_regional_objective_protect_target = {  
	any_scope_regional_objective = {  
		type = aro:ai_regional_objective_protect_country  
		is_completed = no  
		region = {  
			root = {  
				"root.variable_map(aro_protect_country_map|prev)" ?= { this = $TARGET$ }  
			}  
		}  
	}  
}
**Supported Scopes**: none  
**Supported Targets**: country  

## ordered_country_in_colonial_new_grenada
has_treaty_defensive_pact_with = {  
	custom_description = {  
		text = has_treaty_defensive_pact_with_trigger  
		subject = this # Country  
		object = $TARGET$ # Country  
  
		any_scope_treaty = {  
			binds = $TARGET$  
			any_scope_article = {  
				has_type = defensive_pact  
			}  
		}  
	}  
}
**Supported Scopes**: none  
**Supported Targets**: country  

## ordered_country_in_colonial_new_spain
ai_is_regional_objective_subjugate_target = {  
	any_scope_regional_objective = {  
		type = aro:ai_regional_objective_subjugate_country  
		is_completed = no  
		region = {  
			root = {  
				"root.variable_map(aro_subjugate_country_map|prev)" ?= { this = $TARGET$ }  
			}  
		}  
	}  
}
**Supported Scopes**: none  
**Supported Targets**: country  

## ordered_country_in_colonial_peru
ai_country_is_valid_colonization_target = {  
	OR = {  
		is_country_type = unrecognized  
		is_country_type = decentralized # Could be useful for the rare cases this is used outside of AI strategies  
	}  
	OR = {  
		is_subject = no  
		top_overlord ?= {  
			is_country_type = unrecognized  
		}  
	}  
}
**Supported Scopes**: none  
**Supported Targets**: country  

## ordered_country_in_congo_old
ai_country_is_valid_colonization_target = {  
	OR = {  
		is_country_type = unrecognized  
		is_country_type = decentralized # Could be useful for the rare cases this is used outside of AI strategies  
	}  
	OR = {  
		is_subject = no  
		top_overlord ?= {  
			is_country_type = unrecognized  
		}  
	}  
}
**Supported Scopes**: none  
**Supported Targets**: country  

## ordered_country_in_danubia_old
ai_country_is_valid_colonization_target = {  
	OR = {  
		is_country_type = unrecognized  
		is_country_type = decentralized # Could be useful for the rare cases this is used outside of AI strategies  
	}  
	OR = {  
		is_subject = no  
		top_overlord ?= {  
			is_country_type = unrecognized  
		}  
	}  
}
**Supported Scopes**: none  
**Supported Targets**: country  

## ordered_country_in_delhi_calcutta_line
ai_is_regional_objective_protect_target = {  
	any_scope_regional_objective = {  
		type = aro:ai_regional_objective_protect_country  
		is_completed = no  
		region = {  
			root = {  
				"root.variable_map(aro_protect_country_map|prev)" ?= { this = $TARGET$ }  
			}  
		}  
	}  
}
**Supported Scopes**: none  
**Supported Targets**: country  

## ordered_country_in_dixie_old
has_treaty_defensive_pact_with = {  
	custom_description = {  
		text = has_treaty_defensive_pact_with_trigger  
		subject = this # Country  
		object = $TARGET$ # Country  
  
		any_scope_treaty = {  
			binds = $TARGET$  
			any_scope_article = {  
				has_type = defensive_pact  
			}  
		}  
	}  
}
**Supported Scopes**: none  
**Supported Targets**: country  

## ordered_country_in_dnieper_old
ai_is_regional_objective_subjugate_target = {  
	any_scope_regional_objective = {  
		type = aro:ai_regional_objective_subjugate_country  
		is_completed = no  
		region = {  
			root = {  
				"root.variable_map(aro_subjugate_country_map|prev)" ?= { this = $TARGET$ }  
			}  
		}  
	}  
}
**Supported Scopes**: none  
**Supported Targets**: country  

## ordered_country_in_east_africa
ai_country_is_valid_colonization_target = {  
	OR = {  
		is_country_type = unrecognized  
		is_country_type = decentralized # Could be useful for the rare cases this is used outside of AI strategies  
	}  
	OR = {  
		is_subject = no  
		top_overlord ?= {  
			is_country_type = unrecognized  
		}  
	}  
}
**Supported Scopes**: none  
**Supported Targets**: country  

## ordered_country_in_east_asia
ai_country_is_valid_colonization_target = {  
	OR = {  
		is_country_type = unrecognized  
		is_country_type = decentralized # Could be useful for the rare cases this is used outside of AI strategies  
	}  
	OR = {  
		is_subject = no  
		top_overlord ?= {  
			is_country_type = unrecognized  
		}  
	}  
}
**Supported Scopes**: none  
**Supported Targets**: country  

## ordered_country_in_east_sibera_old
ai_is_regional_objective_subjugate_target = {  
	any_scope_regional_objective = {  
		type = aro:ai_regional_objective_subjugate_country  
		is_completed = no  
		region = {  
			root = {  
				"root.variable_map(aro_subjugate_country_map|prev)" ?= { this = $TARGET$ }  
			}  
		}  
	}  
}
**Supported Scopes**: none  
**Supported Targets**: country  

## ordered_country_in_eastern_europe
ai_is_regional_objective_protect_target = {  
	any_scope_regional_objective = {  
		type = aro:ai_regional_objective_protect_country  
		is_completed = no  
		region = {  
			root = {  
				"root.variable_map(aro_protect_country_map|prev)" ?= { this = $TARGET$ }  
			}  
		}  
	}  
}
**Supported Scopes**: none  
**Supported Targets**: country  

## ordered_country_in_england_old
ai_country_is_valid_colonization_target = {  
	OR = {  
		is_country_type = unrecognized  
		is_country_type = decentralized # Could be useful for the rare cases this is used outside of AI strategies  
	}  
	OR = {  
		is_subject = no  
		top_overlord ?= {  
			is_country_type = unrecognized  
		}  
	}  
}
**Supported Scopes**: none  
**Supported Targets**: country  

## ordered_country_in_equatorial_africa
ai_is_regional_objective_subjugate_target = {  
	any_scope_regional_objective = {  
		type = aro:ai_regional_objective_subjugate_country  
		is_completed = no  
		region = {  
			root = {  
				"root.variable_map(aro_subjugate_country_map|prev)" ?= { this = $TARGET$ }  
			}  
		}  
	}  
}
**Supported Scopes**: none  
**Supported Targets**: country  

## ordered_country_in_ethiopia_old
has_treaty_defensive_pact_with = {  
	custom_description = {  
		text = has_treaty_defensive_pact_with_trigger  
		subject = this # Country  
		object = $TARGET$ # Country  
  
		any_scope_treaty = {  
			binds = $TARGET$  
			any_scope_article = {  
				has_type = defensive_pact  
			}  
		}  
	}  
}
**Supported Scopes**: none  
**Supported Targets**: country  

## ordered_country_in_europe
ai_country_is_valid_colonization_target = {  
	OR = {  
		is_country_type = unrecognized  
		is_country_type = decentralized # Could be useful for the rare cases this is used outside of AI strategies  
	}  
	OR = {  
		is_subject = no  
		top_overlord ?= {  
			is_country_type = unrecognized  
		}  
	}  
}
**Supported Scopes**: none  
**Supported Targets**: country  

## ordered_country_in_ezochi
ai_is_regional_objective_protect_target = {  
	any_scope_regional_objective = {  
		type = aro:ai_regional_objective_protect_country  
		is_completed = no  
		region = {  
			root = {  
				"root.variable_map(aro_protect_country_map|prev)" ?= { this = $TARGET$ }  
			}  
		}  
	}  
}
**Supported Scopes**: none  
**Supported Targets**: country  

## ordered_country_in_finland_old
ai_is_regional_objective_protect_target = {  
	any_scope_regional_objective = {  
		type = aro:ai_regional_objective_protect_country  
		is_completed = no  
		region = {  
			root = {  
				"root.variable_map(aro_protect_country_map|prev)" ?= { this = $TARGET$ }  
			}  
		}  
	}  
}
**Supported Scopes**: none  
**Supported Targets**: country  

## ordered_country_in_france
ai_is_regional_objective_subjugate_target = {  
	any_scope_regional_objective = {  
		type = aro:ai_regional_objective_subjugate_country  
		is_completed = no  
		region = {  
			root = {  
				"root.variable_map(aro_subjugate_country_map|prev)" ?= { this = $TARGET$ }  
			}  
		}  
	}  
}
**Supported Scopes**: none  
**Supported Targets**: country  

## ordered_country_in_france_old
ai_country_is_valid_colonization_target = {  
	OR = {  
		is_country_type = unrecognized  
		is_country_type = decentralized # Could be useful for the rare cases this is used outside of AI strategies  
	}  
	OR = {  
		is_subject = no  
		top_overlord ?= {  
			is_country_type = unrecognized  
		}  
	}  
}
**Supported Scopes**: none  
**Supported Targets**: country  

## ordered_country_in_french_natural_borders
has_treaty_defensive_pact_with = {  
	custom_description = {  
		text = has_treaty_defensive_pact_with_trigger  
		subject = this # Country  
		object = $TARGET$ # Country  
  
		any_scope_treaty = {  
			binds = $TARGET$  
			any_scope_article = {  
				has_type = defensive_pact  
			}  
		}  
	}  
}
**Supported Scopes**: none  
**Supported Targets**: country  

## ordered_country_in_german_confederation
ai_is_regional_objective_protect_target = {  
	any_scope_regional_objective = {  
		type = aro:ai_regional_objective_protect_country  
		is_completed = no  
		region = {  
			root = {  
				"root.variable_map(aro_protect_country_map|prev)" ?= { this = $TARGET$ }  
			}  
		}  
	}  
}
**Supported Scopes**: none  
**Supported Targets**: country  

## ordered_country_in_gran_colombia
has_treaty_defensive_pact_with = {  
	custom_description = {  
		text = has_treaty_defensive_pact_with_trigger  
		subject = this # Country  
		object = $TARGET$ # Country  
  
		any_scope_treaty = {  
			binds = $TARGET$  
			any_scope_article = {  
				has_type = defensive_pact  
			}  
		}  
	}  
}
**Supported Scopes**: none  
**Supported Targets**: country  

## ordered_country_in_great_game_region
ai_is_regional_objective_subjugate_target = {  
	any_scope_regional_objective = {  
		type = aro:ai_regional_objective_subjugate_country  
		is_completed = no  
		region = {  
			root = {  
				"root.variable_map(aro_subjugate_country_map|prev)" ?= { this = $TARGET$ }  
			}  
		}  
	}  
}
**Supported Scopes**: none  
**Supported Targets**: country  

## ordered_country_in_great_plains
ai_is_regional_objective_protect_target = {  
	any_scope_regional_objective = {  
		type = aro:ai_regional_objective_protect_country  
		is_completed = no  
		region = {  
			root = {  
				"root.variable_map(aro_protect_country_map|prev)" ?= { this = $TARGET$ }  
			}  
		}  
	}  
}
**Supported Scopes**: none  
**Supported Targets**: country  

## ordered_country_in_great_plains_old
ai_is_regional_objective_subjugate_target = {  
	any_scope_regional_objective = {  
		type = aro:ai_regional_objective_subjugate_country  
		is_completed = no  
		region = {  
			root = {  
				"root.variable_map(aro_subjugate_country_map|prev)" ?= { this = $TARGET$ }  
			}  
		}  
	}  
}
**Supported Scopes**: none  
**Supported Targets**: country  

## ordered_country_in_great_rift_valley
ai_country_is_valid_colonization_target = {  
	OR = {  
		is_country_type = unrecognized  
		is_country_type = decentralized # Could be useful for the rare cases this is used outside of AI strategies  
	}  
	OR = {  
		is_subject = no  
		top_overlord ?= {  
			is_country_type = unrecognized  
		}  
	}  
}
**Supported Scopes**: none  
**Supported Targets**: country  

## ordered_country_in_greater_afghanistan
has_treaty_defensive_pact_with = {  
	custom_description = {  
		text = has_treaty_defensive_pact_with_trigger  
		subject = this # Country  
		object = $TARGET$ # Country  
  
		any_scope_treaty = {  
			binds = $TARGET$  
			any_scope_article = {  
				has_type = defensive_pact  
			}  
		}  
	}  
}
**Supported Scopes**: none  
**Supported Targets**: country  

## ordered_country_in_greater_bulgaria
ai_country_is_valid_colonization_target = {  
	OR = {  
		is_country_type = unrecognized  
		is_country_type = decentralized # Could be useful for the rare cases this is used outside of AI strategies  
	}  
	OR = {  
		is_subject = no  
		top_overlord ?= {  
			is_country_type = unrecognized  
		}  
	}  
}
**Supported Scopes**: none  
**Supported Targets**: country  

## ordered_country_in_greater_canada
ai_is_regional_objective_subjugate_target = {  
	any_scope_regional_objective = {  
		type = aro:ai_regional_objective_subjugate_country  
		is_completed = no  
		region = {  
			root = {  
				"root.variable_map(aro_subjugate_country_map|prev)" ?= { this = $TARGET$ }  
			}  
		}  
	}  
}
**Supported Scopes**: none  
**Supported Targets**: country  

## ordered_country_in_greater_croatia
ai_is_regional_objective_subjugate_target = {  
	any_scope_regional_objective = {  
		type = aro:ai_regional_objective_subjugate_country  
		is_completed = no  
		region = {  
			root = {  
				"root.variable_map(aro_subjugate_country_map|prev)" ?= { this = $TARGET$ }  
			}  
		}  
	}  
}
**Supported Scopes**: none  
**Supported Targets**: country  

## ordered_country_in_greater_germany
ai_is_regional_objective_subjugate_target = {  
	any_scope_regional_objective = {  
		type = aro:ai_regional_objective_subjugate_country  
		is_completed = no  
		region = {  
			root = {  
				"root.variable_map(aro_subjugate_country_map|prev)" ?= { this = $TARGET$ }  
			}  
		}  
	}  
}
**Supported Scopes**: none  
**Supported Targets**: country  

## ordered_country_in_greater_khorasan
ai_is_regional_objective_subjugate_target = {  
	any_scope_regional_objective = {  
		type = aro:ai_regional_objective_subjugate_country  
		is_completed = no  
		region = {  
			root = {  
				"root.variable_map(aro_subjugate_country_map|prev)" ?= { this = $TARGET$ }  
			}  
		}  
	}  
}
**Supported Scopes**: none  
**Supported Targets**: country  

## ordered_country_in_greater_persia
ai_is_regional_objective_protect_target = {  
	any_scope_regional_objective = {  
		type = aro:ai_regional_objective_protect_country  
		is_completed = no  
		region = {  
			root = {  
				"root.variable_map(aro_protect_country_map|prev)" ?= { this = $TARGET$ }  
			}  
		}  
	}  
}
**Supported Scopes**: none  
**Supported Targets**: country  

## ordered_country_in_greater_romania
has_treaty_defensive_pact_with = {  
	custom_description = {  
		text = has_treaty_defensive_pact_with_trigger  
		subject = this # Country  
		object = $TARGET$ # Country  
  
		any_scope_treaty = {  
			binds = $TARGET$  
			any_scope_article = {  
				has_type = defensive_pact  
			}  
		}  
	}  
}
**Supported Scopes**: none  
**Supported Targets**: country  

## ordered_country_in_gujarat_bombay_line
has_treaty_defensive_pact_with = {  
	custom_description = {  
		text = has_treaty_defensive_pact_with_trigger  
		subject = this # Country  
		object = $TARGET$ # Country  
  
		any_scope_treaty = {  
			binds = $TARGET$  
			any_scope_article = {  
				has_type = defensive_pact  
			}  
		}  
	}  
}
**Supported Scopes**: none  
**Supported Targets**: country  

## ordered_country_in_han_homelands
has_treaty_defensive_pact_with = {  
	custom_description = {  
		text = has_treaty_defensive_pact_with_trigger  
		subject = this # Country  
		object = $TARGET$ # Country  
  
		any_scope_treaty = {  
			binds = $TARGET$  
			any_scope_article = {  
				has_type = defensive_pact  
			}  
		}  
	}  
}
**Supported Scopes**: none  
**Supported Targets**: country  

## ordered_country_in_himalayas
ai_is_regional_objective_subjugate_target = {  
	any_scope_regional_objective = {  
		type = aro:ai_regional_objective_subjugate_country  
		is_completed = no  
		region = {  
			root = {  
				"root.variable_map(aro_subjugate_country_map|prev)" ?= { this = $TARGET$ }  
			}  
		}  
	}  
}
**Supported Scopes**: none  
**Supported Targets**: country  

## ordered_country_in_himalayas_old
ai_country_is_valid_colonization_target = {  
	OR = {  
		is_country_type = unrecognized  
		is_country_type = decentralized # Could be useful for the rare cases this is used outside of AI strategies  
	}  
	OR = {  
		is_subject = no  
		top_overlord ?= {  
			is_country_type = unrecognized  
		}  
	}  
}
**Supported Scopes**: none  
**Supported Targets**: country  

## ordered_country_in_historic_byzantium
has_treaty_defensive_pact_with = {  
	custom_description = {  
		text = has_treaty_defensive_pact_with_trigger  
		subject = this # Country  
		object = $TARGET$ # Country  
  
		any_scope_treaty = {  
			binds = $TARGET$  
			any_scope_article = {  
				has_type = defensive_pact  
			}  
		}  
	}  
}
**Supported Scopes**: none  
**Supported Targets**: country  

## ordered_country_in_home_islands
ai_is_regional_objective_subjugate_target = {  
	any_scope_regional_objective = {  
		type = aro:ai_regional_objective_subjugate_country  
		is_completed = no  
		region = {  
			root = {  
				"root.variable_map(aro_subjugate_country_map|prev)" ?= { this = $TARGET$ }  
			}  
		}  
	}  
}
**Supported Scopes**: none  
**Supported Targets**: country  

## ordered_country_in_honshu
ai_is_regional_objective_protect_target = {  
	any_scope_regional_objective = {  
		type = aro:ai_regional_objective_protect_country  
		is_completed = no  
		region = {  
			root = {  
				"root.variable_map(aro_protect_country_map|prev)" ?= { this = $TARGET$ }  
			}  
		}  
	}  
}
**Supported Scopes**: none  
**Supported Targets**: country  

## ordered_country_in_hungary
ai_is_regional_objective_protect_target = {  
	any_scope_regional_objective = {  
		type = aro:ai_regional_objective_protect_country  
		is_completed = no  
		region = {  
			root = {  
				"root.variable_map(aro_protect_country_map|prev)" ?= { this = $TARGET$ }  
			}  
		}  
	}  
}
**Supported Scopes**: none  
**Supported Targets**: country  

## ordered_country_in_iberia_old
ai_is_regional_objective_protect_target = {  
	any_scope_regional_objective = {  
		type = aro:ai_regional_objective_protect_country  
		is_completed = no  
		region = {  
			root = {  
				"root.variable_map(aro_protect_country_map|prev)" ?= { this = $TARGET$ }  
			}  
		}  
	}  
}
**Supported Scopes**: none  
**Supported Targets**: country  

## ordered_country_in_iceland
ai_is_regional_objective_subjugate_target = {  
	any_scope_regional_objective = {  
		type = aro:ai_regional_objective_subjugate_country  
		is_completed = no  
		region = {  
			root = {  
				"root.variable_map(aro_subjugate_country_map|prev)" ?= { this = $TARGET$ }  
			}  
		}  
	}  
}
**Supported Scopes**: none  
**Supported Targets**: country  

## ordered_country_in_india
ai_is_regional_objective_protect_target = {  
	any_scope_regional_objective = {  
		type = aro:ai_regional_objective_protect_country  
		is_completed = no  
		region = {  
			root = {  
				"root.variable_map(aro_protect_country_map|prev)" ?= { this = $TARGET$ }  
			}  
		}  
	}  
}
**Supported Scopes**: none  
**Supported Targets**: country  

## ordered_country_in_indian_frontier
ai_country_is_valid_colonization_target = {  
	OR = {  
		is_country_type = unrecognized  
		is_country_type = decentralized # Could be useful for the rare cases this is used outside of AI strategies  
	}  
	OR = {  
		is_subject = no  
		top_overlord ?= {  
			is_country_type = unrecognized  
		}  
	}  
}
**Supported Scopes**: none  
**Supported Targets**: country  

## ordered_country_in_indochina
ai_is_regional_objective_protect_target = {  
	any_scope_regional_objective = {  
		type = aro:ai_regional_objective_protect_country  
		is_completed = no  
		region = {  
			root = {  
				"root.variable_map(aro_protect_country_map|prev)" ?= { this = $TARGET$ }  
			}  
		}  
	}  
}
**Supported Scopes**: none  
**Supported Targets**: country  

## ordered_country_in_indonesia
ai_is_regional_objective_protect_target = {  
	any_scope_regional_objective = {  
		type = aro:ai_regional_objective_protect_country  
		is_completed = no  
		region = {  
			root = {  
				"root.variable_map(aro_protect_country_map|prev)" ?= { this = $TARGET$ }  
			}  
		}  
	}  
}
**Supported Scopes**: none  
**Supported Targets**: country  

## ordered_country_in_italy_old
ai_is_regional_objective_subjugate_target = {  
	any_scope_regional_objective = {  
		type = aro:ai_regional_objective_subjugate_country  
		is_completed = no  
		region = {  
			root = {  
				"root.variable_map(aro_subjugate_country_map|prev)" ?= { this = $TARGET$ }  
			}  
		}  
	}  
}
**Supported Scopes**: none  
**Supported Targets**: country  

## ordered_country_in_japan
ai_country_is_valid_colonization_target = {  
	OR = {  
		is_country_type = unrecognized  
		is_country_type = decentralized # Could be useful for the rare cases this is used outside of AI strategies  
	}  
	OR = {  
		is_subject = no  
		top_overlord ?= {  
			is_country_type = unrecognized  
		}  
	}  
}
**Supported Scopes**: none  
**Supported Targets**: country  

## ordered_country_in_japan_old
has_treaty_defensive_pact_with = {  
	custom_description = {  
		text = has_treaty_defensive_pact_with_trigger  
		subject = this # Country  
		object = $TARGET$ # Country  
  
		any_scope_treaty = {  
			binds = $TARGET$  
			any_scope_article = {  
				has_type = defensive_pact  
			}  
		}  
	}  
}
**Supported Scopes**: none  
**Supported Targets**: country  

## ordered_country_in_korea
ai_is_regional_objective_subjugate_target = {  
	any_scope_regional_objective = {  
		type = aro:ai_regional_objective_subjugate_country  
		is_completed = no  
		region = {  
			root = {  
				"root.variable_map(aro_subjugate_country_map|prev)" ?= { this = $TARGET$ }  
			}  
		}  
	}  
}
**Supported Scopes**: none  
**Supported Targets**: country  

## ordered_country_in_krakatoa_tsunami_zone
ai_country_is_valid_colonization_target = {  
	OR = {  
		is_country_type = unrecognized  
		is_country_type = decentralized # Could be useful for the rare cases this is used outside of AI strategies  
	}  
	OR = {  
		is_subject = no  
		top_overlord ?= {  
			is_country_type = unrecognized  
		}  
	}  
}
**Supported Scopes**: none  
**Supported Targets**: country  

## ordered_country_in_la_plata
ai_is_regional_objective_subjugate_target = {  
	any_scope_regional_objective = {  
		type = aro:ai_regional_objective_subjugate_country  
		is_completed = no  
		region = {  
			root = {  
				"root.variable_map(aro_subjugate_country_map|prev)" ?= { this = $TARGET$ }  
			}  
		}  
	}  
}
**Supported Scopes**: none  
**Supported Targets**: country  

## ordered_country_in_latin_america
ai_is_regional_objective_subjugate_target = {  
	any_scope_regional_objective = {  
		type = aro:ai_regional_objective_subjugate_country  
		is_completed = no  
		region = {  
			root = {  
				"root.variable_map(aro_subjugate_country_map|prev)" ?= { this = $TARGET$ }  
			}  
		}  
	}  
}
**Supported Scopes**: none  
**Supported Targets**: country  

## ordered_country_in_lesser_germany
has_treaty_defensive_pact_with = {  
	custom_description = {  
		text = has_treaty_defensive_pact_with_trigger  
		subject = this # Country  
		object = $TARGET$ # Country  
  
		any_scope_treaty = {  
			binds = $TARGET$  
			any_scope_article = {  
				has_type = defensive_pact  
			}  
		}  
	}  
}
**Supported Scopes**: none  
**Supported Targets**: country  

## ordered_country_in_madras_old
has_treaty_defensive_pact_with = {  
	custom_description = {  
		text = has_treaty_defensive_pact_with_trigger  
		subject = this # Country  
		object = $TARGET$ # Country  
  
		any_scope_treaty = {  
			binds = $TARGET$  
			any_scope_article = {  
				has_type = defensive_pact  
			}  
		}  
	}  
}
**Supported Scopes**: none  
**Supported Targets**: country  

## ordered_country_in_manchuria_old
ai_country_is_valid_colonization_target = {  
	OR = {  
		is_country_type = unrecognized  
		is_country_type = decentralized # Could be useful for the rare cases this is used outside of AI strategies  
	}  
	OR = {  
		is_subject = no  
		top_overlord ?= {  
			is_country_type = unrecognized  
		}  
	}  
}
**Supported Scopes**: none  
**Supported Targets**: country  

## ordered_country_in_megali_greece
ai_country_is_valid_colonization_target = {  
	OR = {  
		is_country_type = unrecognized  
		is_country_type = decentralized # Could be useful for the rare cases this is used outside of AI strategies  
	}  
	OR = {  
		is_subject = no  
		top_overlord ?= {  
			is_country_type = unrecognized  
		}  
	}  
}
**Supported Scopes**: none  
**Supported Targets**: country  

## ordered_country_in_mexico_old
ai_country_is_valid_colonization_target = {  
	OR = {  
		is_country_type = unrecognized  
		is_country_type = decentralized # Could be useful for the rare cases this is used outside of AI strategies  
	}  
	OR = {  
		is_subject = no  
		top_overlord ?= {  
			is_country_type = unrecognized  
		}  
	}  
}
**Supported Scopes**: none  
**Supported Targets**: country  

## ordered_country_in_middle_east
ai_is_regional_objective_protect_target = {  
	any_scope_regional_objective = {  
		type = aro:ai_regional_objective_protect_country  
		is_completed = no  
		region = {  
			root = {  
				"root.variable_map(aro_protect_country_map|prev)" ?= { this = $TARGET$ }  
			}  
		}  
	}  
}
**Supported Scopes**: none  
**Supported Targets**: country  

## ordered_country_in_mozambique
ai_is_regional_objective_subjugate_target = {  
	any_scope_regional_objective = {  
		type = aro:ai_regional_objective_subjugate_country  
		is_completed = no  
		region = {  
			root = {  
				"root.variable_map(aro_subjugate_country_map|prev)" ?= { this = $TARGET$ }  
			}  
		}  
	}  
}
**Supported Scopes**: none  
**Supported Targets**: country  

## ordered_country_in_near_east
ai_country_is_valid_colonization_target = {  
	OR = {  
		is_country_type = unrecognized  
		is_country_type = decentralized # Could be useful for the rare cases this is used outside of AI strategies  
	}  
	OR = {  
		is_subject = no  
		top_overlord ?= {  
			is_country_type = unrecognized  
		}  
	}  
}
**Supported Scopes**: none  
**Supported Targets**: country  

## ordered_country_in_new_england_old
ai_country_is_valid_colonization_target = {  
	OR = {  
		is_country_type = unrecognized  
		is_country_type = decentralized # Could be useful for the rare cases this is used outside of AI strategies  
	}  
	OR = {  
		is_subject = no  
		top_overlord ?= {  
			is_country_type = unrecognized  
		}  
	}  
}
**Supported Scopes**: none  
**Supported Targets**: country  

## ordered_country_in_new_world
ai_is_regional_objective_subjugate_target = {  
	any_scope_regional_objective = {  
		type = aro:ai_regional_objective_subjugate_country  
		is_completed = no  
		region = {  
			root = {  
				"root.variable_map(aro_subjugate_country_map|prev)" ?= { this = $TARGET$ }  
			}  
		}  
	}  
}
**Supported Scopes**: none  
**Supported Targets**: country  

## ordered_country_in_new_zealand
has_treaty_defensive_pact_with = {  
	custom_description = {  
		text = has_treaty_defensive_pact_with_trigger  
		subject = this # Country  
		object = $TARGET$ # Country  
  
		any_scope_treaty = {  
			binds = $TARGET$  
			any_scope_article = {  
				has_type = defensive_pact  
			}  
		}  
	}  
}
**Supported Scopes**: none  
**Supported Targets**: country  

## ordered_country_in_niger_old
has_treaty_defensive_pact_with = {  
	custom_description = {  
		text = has_treaty_defensive_pact_with_trigger  
		subject = this # Country  
		object = $TARGET$ # Country  
  
		any_scope_treaty = {  
			binds = $TARGET$  
			any_scope_article = {  
				has_type = defensive_pact  
			}  
		}  
	}  
}
**Supported Scopes**: none  
**Supported Targets**: country  

## ordered_country_in_nile_basin
ai_country_is_valid_colonization_target = {  
	OR = {  
		is_country_type = unrecognized  
		is_country_type = decentralized # Could be useful for the rare cases this is used outside of AI strategies  
	}  
	OR = {  
		is_subject = no  
		top_overlord ?= {  
			is_country_type = unrecognized  
		}  
	}  
}
**Supported Scopes**: none  
**Supported Targets**: country  

## ordered_country_in_north_africa
has_treaty_defensive_pact_with = {  
	custom_description = {  
		text = has_treaty_defensive_pact_with_trigger  
		subject = this # Country  
		object = $TARGET$ # Country  
  
		any_scope_treaty = {  
			binds = $TARGET$  
			any_scope_article = {  
				has_type = defensive_pact  
			}  
		}  
	}  
}
**Supported Scopes**: none  
**Supported Targets**: country  

## ordered_country_in_north_africa_egypt
ai_country_is_valid_colonization_target = {  
	OR = {  
		is_country_type = unrecognized  
		is_country_type = decentralized # Could be useful for the rare cases this is used outside of AI strategies  
	}  
	OR = {  
		is_subject = no  
		top_overlord ?= {  
			is_country_type = unrecognized  
		}  
	}  
}
**Supported Scopes**: none  
**Supported Targets**: country  

## ordered_country_in_north_africa_old
ai_is_regional_objective_subjugate_target = {  
	any_scope_regional_objective = {  
		type = aro:ai_regional_objective_subjugate_country  
		is_completed = no  
		region = {  
			root = {  
				"root.variable_map(aro_subjugate_country_map|prev)" ?= { this = $TARGET$ }  
			}  
		}  
	}  
}
**Supported Scopes**: none  
**Supported Targets**: country  

## ordered_country_in_north_america
ai_is_regional_objective_protect_target = {  
	any_scope_regional_objective = {  
		type = aro:ai_regional_objective_protect_country  
		is_completed = no  
		region = {  
			root = {  
				"root.variable_map(aro_protect_country_map|prev)" ?= { this = $TARGET$ }  
			}  
		}  
	}  
}
**Supported Scopes**: none  
**Supported Targets**: country  

## ordered_country_in_north_andes
has_treaty_defensive_pact_with = {  
	custom_description = {  
		text = has_treaty_defensive_pact_with_trigger  
		subject = this # Country  
		object = $TARGET$ # Country  
  
		any_scope_treaty = {  
			binds = $TARGET$  
			any_scope_article = {  
				has_type = defensive_pact  
			}  
		}  
	}  
}
**Supported Scopes**: none  
**Supported Targets**: country  

## ordered_country_in_north_china
has_treaty_defensive_pact_with = {  
	custom_description = {  
		text = has_treaty_defensive_pact_with_trigger  
		subject = this # Country  
		object = $TARGET$ # Country  
  
		any_scope_treaty = {  
			binds = $TARGET$  
			any_scope_article = {  
				has_type = defensive_pact  
			}  
		}  
	}  
}
**Supported Scopes**: none  
**Supported Targets**: country  

## ordered_country_in_north_germany_old
ai_country_is_valid_colonization_target = {  
	OR = {  
		is_country_type = unrecognized  
		is_country_type = decentralized # Could be useful for the rare cases this is used outside of AI strategies  
	}  
	OR = {  
		is_subject = no  
		top_overlord ?= {  
			is_country_type = unrecognized  
		}  
	}  
}
**Supported Scopes**: none  
**Supported Targets**: country  

## ordered_country_in_north_india
ai_is_regional_objective_subjugate_target = {  
	any_scope_regional_objective = {  
		type = aro:ai_regional_objective_subjugate_country  
		is_completed = no  
		region = {  
			root = {  
				"root.variable_map(aro_subjugate_country_map|prev)" ?= { this = $TARGET$ }  
			}  
		}  
	}  
}
**Supported Scopes**: none  
**Supported Targets**: country  

## ordered_country_in_north_sea_old
ai_is_regional_objective_protect_target = {  
	any_scope_regional_objective = {  
		type = aro:ai_regional_objective_protect_country  
		is_completed = no  
		region = {  
			root = {  
				"root.variable_map(aro_protect_country_map|prev)" ?= { this = $TARGET$ }  
			}  
		}  
	}  
}
**Supported Scopes**: none  
**Supported Targets**: country  

## ordered_country_in_northeast_asia
ai_is_regional_objective_subjugate_target = {  
	any_scope_regional_objective = {  
		type = aro:ai_regional_objective_subjugate_country  
		is_completed = no  
		region = {  
			root = {  
				"root.variable_map(aro_subjugate_country_map|prev)" ?= { this = $TARGET$ }  
			}  
		}  
	}  
}
**Supported Scopes**: none  
**Supported Targets**: country  

## ordered_country_in_northern_europe
ai_country_is_valid_colonization_target = {  
	OR = {  
		is_country_type = unrecognized  
		is_country_type = decentralized # Could be useful for the rare cases this is used outside of AI strategies  
	}  
	OR = {  
		is_subject = no  
		top_overlord ?= {  
			is_country_type = unrecognized  
		}  
	}  
}
**Supported Scopes**: none  
**Supported Targets**: country  

## ordered_country_in_northern_mexico
has_treaty_defensive_pact_with = {  
	custom_description = {  
		text = has_treaty_defensive_pact_with_trigger  
		subject = this # Country  
		object = $TARGET$ # Country  
  
		any_scope_treaty = {  
			binds = $TARGET$  
			any_scope_article = {  
				has_type = defensive_pact  
			}  
		}  
	}  
}
**Supported Scopes**: none  
**Supported Targets**: country  

## ordered_country_in_occitania_old
has_treaty_defensive_pact_with = {  
	custom_description = {  
		text = has_treaty_defensive_pact_with_trigger  
		subject = this # Country  
		object = $TARGET$ # Country  
  
		any_scope_treaty = {  
			binds = $TARGET$  
			any_scope_article = {  
				has_type = defensive_pact  
			}  
		}  
	}  
}
**Supported Scopes**: none  
**Supported Targets**: country  

## ordered_country_in_oceania
has_treaty_defensive_pact_with = {  
	custom_description = {  
		text = has_treaty_defensive_pact_with_trigger  
		subject = this # Country  
		object = $TARGET$ # Country  
  
		any_scope_treaty = {  
			binds = $TARGET$  
			any_scope_article = {  
				has_type = defensive_pact  
			}  
		}  
	}  
}
**Supported Scopes**: none  
**Supported Targets**: country  

## ordered_country_in_old_world
has_treaty_defensive_pact_with = {  
	custom_description = {  
		text = has_treaty_defensive_pact_with_trigger  
		subject = this # Country  
		object = $TARGET$ # Country  
  
		any_scope_treaty = {  
			binds = $TARGET$  
			any_scope_article = {  
				has_type = defensive_pact  
			}  
		}  
	}  
}
**Supported Scopes**: none  
**Supported Targets**: country  

## ordered_country_in_pacific_coast
ai_country_is_valid_colonization_target = {  
	OR = {  
		is_country_type = unrecognized  
		is_country_type = decentralized # Could be useful for the rare cases this is used outside of AI strategies  
	}  
	OR = {  
		is_subject = no  
		top_overlord ?= {  
			is_country_type = unrecognized  
		}  
	}  
}
**Supported Scopes**: none  
**Supported Targets**: country  

## ordered_country_in_pacific_coast_old
has_treaty_defensive_pact_with = {  
	custom_description = {  
		text = has_treaty_defensive_pact_with_trigger  
		subject = this # Country  
		object = $TARGET$ # Country  
  
		any_scope_treaty = {  
			binds = $TARGET$  
			any_scope_article = {  
				has_type = defensive_pact  
			}  
		}  
	}  
}
**Supported Scopes**: none  
**Supported Targets**: country  

## ordered_country_in_persia_old
ai_is_regional_objective_protect_target = {  
	any_scope_regional_objective = {  
		type = aro:ai_regional_objective_protect_country  
		is_completed = no  
		region = {  
			root = {  
				"root.variable_map(aro_protect_country_map|prev)" ?= { this = $TARGET$ }  
			}  
		}  
	}  
}
**Supported Scopes**: none  
**Supported Targets**: country  

## ordered_country_in_peru
has_treaty_defensive_pact_with = {  
	custom_description = {  
		text = has_treaty_defensive_pact_with_trigger  
		subject = this # Country  
		object = $TARGET$ # Country  
  
		any_scope_treaty = {  
			binds = $TARGET$  
			any_scope_article = {  
				has_type = defensive_pact  
			}  
		}  
	}  
}
**Supported Scopes**: none  
**Supported Targets**: country  

## ordered_country_in_philippines
has_treaty_defensive_pact_with = {  
	custom_description = {  
		text = has_treaty_defensive_pact_with_trigger  
		subject = this # Country  
		object = $TARGET$ # Country  
  
		any_scope_treaty = {  
			binds = $TARGET$  
			any_scope_article = {  
				has_type = defensive_pact  
			}  
		}  
	}  
}
**Supported Scopes**: none  
**Supported Targets**: country  

## ordered_country_in_poland_old
has_treaty_defensive_pact_with = {  
	custom_description = {  
		text = has_treaty_defensive_pact_with_trigger  
		subject = this # Country  
		object = $TARGET$ # Country  
  
		any_scope_treaty = {  
			binds = $TARGET$  
			any_scope_article = {  
				has_type = defensive_pact  
			}  
		}  
	}  
}
**Supported Scopes**: none  
**Supported Targets**: country  

## ordered_country_in_polar_seas
ai_country_is_valid_colonization_target = {  
	OR = {  
		is_country_type = unrecognized  
		is_country_type = decentralized # Could be useful for the rare cases this is used outside of AI strategies  
	}  
	OR = {  
		is_subject = no  
		top_overlord ?= {  
			is_country_type = unrecognized  
		}  
	}  
}
**Supported Scopes**: none  
**Supported Targets**: country  

## ordered_country_in_punjab_old
has_treaty_defensive_pact_with = {  
	custom_description = {  
		text = has_treaty_defensive_pact_with_trigger  
		subject = this # Country  
		object = $TARGET$ # Country  
  
		any_scope_treaty = {  
			binds = $TARGET$  
			any_scope_article = {  
				has_type = defensive_pact  
			}  
		}  
	}  
}
**Supported Scopes**: none  
**Supported Targets**: country  

## ordered_country_in_rhine_old
ai_is_regional_objective_subjugate_target = {  
	any_scope_regional_objective = {  
		type = aro:ai_regional_objective_subjugate_country  
		is_completed = no  
		region = {  
			root = {  
				"root.variable_map(aro_subjugate_country_map|prev)" ?= { this = $TARGET$ }  
			}  
		}  
	}  
}
**Supported Scopes**: none  
**Supported Targets**: country  

## ordered_country_in_ring_of_fire
ai_is_regional_objective_protect_target = {  
	any_scope_regional_objective = {  
		type = aro:ai_regional_objective_protect_country  
		is_completed = no  
		region = {  
			root = {  
				"root.variable_map(aro_protect_country_map|prev)" ?= { this = $TARGET$ }  
			}  
		}  
	}  
}
**Supported Scopes**: none  
**Supported Targets**: country  

## ordered_country_in_russia
ai_is_regional_objective_protect_target = {  
	any_scope_regional_objective = {  
		type = aro:ai_regional_objective_protect_country  
		is_completed = no  
		region = {  
			root = {  
				"root.variable_map(aro_protect_country_map|prev)" ?= { this = $TARGET$ }  
			}  
		}  
	}  
}
**Supported Scopes**: none  
**Supported Targets**: country  

## ordered_country_in_russia_old
ai_is_regional_objective_subjugate_target = {  
	any_scope_regional_objective = {  
		type = aro:ai_regional_objective_subjugate_country  
		is_completed = no  
		region = {  
			root = {  
				"root.variable_map(aro_subjugate_country_map|prev)" ?= { this = $TARGET$ }  
			}  
		}  
	}  
}
**Supported Scopes**: none  
**Supported Targets**: country  

## ordered_country_in_scandinavia
ai_country_is_valid_colonization_target = {  
	OR = {  
		is_country_type = unrecognized  
		is_country_type = decentralized # Could be useful for the rare cases this is used outside of AI strategies  
	}  
	OR = {  
		is_subject = no  
		top_overlord ?= {  
			is_country_type = unrecognized  
		}  
	}  
}
**Supported Scopes**: none  
**Supported Targets**: country  

## ordered_country_in_senegal_old
ai_is_regional_objective_subjugate_target = {  
	any_scope_regional_objective = {  
		type = aro:ai_regional_objective_subjugate_country  
		is_completed = no  
		region = {  
			root = {  
				"root.variable_map(aro_subjugate_country_map|prev)" ?= { this = $TARGET$ }  
			}  
		}  
	}  
}
**Supported Scopes**: none  
**Supported Targets**: country  

## ordered_country_in_siberia
ai_is_regional_objective_subjugate_target = {  
	any_scope_regional_objective = {  
		type = aro:ai_regional_objective_subjugate_country  
		is_completed = no  
		region = {  
			root = {  
				"root.variable_map(aro_subjugate_country_map|prev)" ?= { this = $TARGET$ }  
			}  
		}  
	}  
}
**Supported Scopes**: none  
**Supported Targets**: country  

## ordered_country_in_south_africa
has_treaty_defensive_pact_with = {  
	custom_description = {  
		text = has_treaty_defensive_pact_with_trigger  
		subject = this # Country  
		object = $TARGET$ # Country  
  
		any_scope_treaty = {  
			binds = $TARGET$  
			any_scope_article = {  
				has_type = defensive_pact  
			}  
		}  
	}  
}
**Supported Scopes**: none  
**Supported Targets**: country  

## ordered_country_in_south_america
ai_is_regional_objective_protect_target = {  
	any_scope_regional_objective = {  
		type = aro:ai_regional_objective_protect_country  
		is_completed = no  
		region = {  
			root = {  
				"root.variable_map(aro_protect_country_map|prev)" ?= { this = $TARGET$ }  
			}  
		}  
	}  
}
**Supported Scopes**: none  
**Supported Targets**: country  

## ordered_country_in_south_china
ai_country_is_valid_colonization_target = {  
	OR = {  
		is_country_type = unrecognized  
		is_country_type = decentralized # Could be useful for the rare cases this is used outside of AI strategies  
	}  
	OR = {  
		is_subject = no  
		top_overlord ?= {  
			is_country_type = unrecognized  
		}  
	}  
}
**Supported Scopes**: none  
**Supported Targets**: country  

## ordered_country_in_south_east_asia
has_treaty_defensive_pact_with = {  
	custom_description = {  
		text = has_treaty_defensive_pact_with_trigger  
		subject = this # Country  
		object = $TARGET$ # Country  
  
		any_scope_treaty = {  
			binds = $TARGET$  
			any_scope_article = {  
				has_type = defensive_pact  
			}  
		}  
	}  
}
**Supported Scopes**: none  
**Supported Targets**: country  

## ordered_country_in_south_germany_old
ai_is_regional_objective_protect_target = {  
	any_scope_regional_objective = {  
		type = aro:ai_regional_objective_protect_country  
		is_completed = no  
		region = {  
			root = {  
				"root.variable_map(aro_protect_country_map|prev)" ?= { this = $TARGET$ }  
			}  
		}  
	}  
}
**Supported Scopes**: none  
**Supported Targets**: country  

## ordered_country_in_south_india
has_treaty_defensive_pact_with = {  
	custom_description = {  
		text = has_treaty_defensive_pact_with_trigger  
		subject = this # Country  
		object = $TARGET$ # Country  
  
		any_scope_treaty = {  
			binds = $TARGET$  
			any_scope_article = {  
				has_type = defensive_pact  
			}  
		}  
	}  
}
**Supported Scopes**: none  
**Supported Targets**: country  

## ordered_country_in_southern_africa
has_treaty_defensive_pact_with = {  
	custom_description = {  
		text = has_treaty_defensive_pact_with_trigger  
		subject = this # Country  
		object = $TARGET$ # Country  
  
		any_scope_treaty = {  
			binds = $TARGET$  
			any_scope_article = {  
				has_type = defensive_pact  
			}  
		}  
	}  
}
**Supported Scopes**: none  
**Supported Targets**: country  

## ordered_country_in_southern_africa_old
ai_is_regional_objective_protect_target = {  
	any_scope_regional_objective = {  
		type = aro:ai_regional_objective_protect_country  
		is_completed = no  
		region = {  
			root = {  
				"root.variable_map(aro_protect_country_map|prev)" ?= { this = $TARGET$ }  
			}  
		}  
	}  
}
**Supported Scopes**: none  
**Supported Targets**: country  

## ordered_country_in_southern_cone
ai_country_is_valid_colonization_target = {  
	OR = {  
		is_country_type = unrecognized  
		is_country_type = decentralized # Could be useful for the rare cases this is used outside of AI strategies  
	}  
	OR = {  
		is_subject = no  
		top_overlord ?= {  
			is_country_type = unrecognized  
		}  
	}  
}
**Supported Scopes**: none  
**Supported Targets**: country  

## ordered_country_in_southern_europe
ai_is_regional_objective_subjugate_target = {  
	any_scope_regional_objective = {  
		type = aro:ai_regional_objective_subjugate_country  
		is_completed = no  
		region = {  
			root = {  
				"root.variable_map(aro_subjugate_country_map|prev)" ?= { this = $TARGET$ }  
			}  
		}  
	}  
}
**Supported Scopes**: none  
**Supported Targets**: country  

## ordered_country_in_subsaharan_africa
ai_is_regional_objective_protect_target = {  
	any_scope_regional_objective = {  
		type = aro:ai_regional_objective_protect_country  
		is_completed = no  
		region = {  
			root = {  
				"root.variable_map(aro_protect_country_map|prev)" ?= { this = $TARGET$ }  
			}  
		}  
	}  
}
**Supported Scopes**: none  
**Supported Targets**: country  

## ordered_country_in_the_midwest_old
ai_is_regional_objective_subjugate_target = {  
	any_scope_regional_objective = {  
		type = aro:ai_regional_objective_subjugate_country  
		is_completed = no  
		region = {  
			root = {  
				"root.variable_map(aro_subjugate_country_map|prev)" ?= { this = $TARGET$ }  
			}  
		}  
	}  
}
**Supported Scopes**: none  
**Supported Targets**: country  

## ordered_country_in_transoxiana
ai_country_is_valid_colonization_target = {  
	OR = {  
		is_country_type = unrecognized  
		is_country_type = decentralized # Could be useful for the rare cases this is used outside of AI strategies  
	}  
	OR = {  
		is_subject = no  
		top_overlord ?= {  
			is_country_type = unrecognized  
		}  
	}  
}
**Supported Scopes**: none  
**Supported Targets**: country  

## ordered_country_in_tropical_seas
has_treaty_defensive_pact_with = {  
	custom_description = {  
		text = has_treaty_defensive_pact_with_trigger  
		subject = this # Country  
		object = $TARGET$ # Country  
  
		any_scope_treaty = {  
			binds = $TARGET$  
			any_scope_article = {  
				has_type = defensive_pact  
			}  
		}  
	}  
}
**Supported Scopes**: none  
**Supported Targets**: country  

## ordered_country_in_turkestan
ai_is_regional_objective_protect_target = {  
	any_scope_regional_objective = {  
		type = aro:ai_regional_objective_protect_country  
		is_completed = no  
		region = {  
			root = {  
				"root.variable_map(aro_protect_country_map|prev)" ?= { this = $TARGET$ }  
			}  
		}  
	}  
}
**Supported Scopes**: none  
**Supported Targets**: country  

## ordered_country_in_urals_old
ai_country_is_valid_colonization_target = {  
	OR = {  
		is_country_type = unrecognized  
		is_country_type = decentralized # Could be useful for the rare cases this is used outside of AI strategies  
	}  
	OR = {  
		is_subject = no  
		top_overlord ?= {  
			is_country_type = unrecognized  
		}  
	}  
}
**Supported Scopes**: none  
**Supported Targets**: country  

## ordered_country_in_west_africa
ai_is_regional_objective_subjugate_target = {  
	any_scope_regional_objective = {  
		type = aro:ai_regional_objective_subjugate_country  
		is_completed = no  
		region = {  
			root = {  
				"root.variable_map(aro_subjugate_country_map|prev)" ?= { this = $TARGET$ }  
			}  
		}  
	}  
}
**Supported Scopes**: none  
**Supported Targets**: country  

## ordered_country_in_west_siberia_old
ai_is_regional_objective_subjugate_target = {  
	any_scope_regional_objective = {  
		type = aro:ai_regional_objective_subjugate_country  
		is_completed = no  
		region = {  
			root = {  
				"root.variable_map(aro_subjugate_country_map|prev)" ?= { this = $TARGET$ }  
			}  
		}  
	}  
}
**Supported Scopes**: none  
**Supported Targets**: country  

## ordered_country_in_western_europe
has_treaty_defensive_pact_with = {  
	custom_description = {  
		text = has_treaty_defensive_pact_with_trigger  
		subject = this # Country  
		object = $TARGET$ # Country  
  
		any_scope_treaty = {  
			binds = $TARGET$  
			any_scope_article = {  
				has_type = defensive_pact  
			}  
		}  
	}  
}
**Supported Scopes**: none  
**Supported Targets**: country  

## ordered_country_in_wet_process_region
ai_is_regional_objective_subjugate_target = {  
	any_scope_regional_objective = {  
		type = aro:ai_regional_objective_subjugate_country  
		is_completed = no  
		region = {  
			root = {  
				"root.variable_map(aro_subjugate_country_map|prev)" ?= { this = $TARGET$ }  
			}  
		}  
	}  
}
**Supported Scopes**: none  
**Supported Targets**: country  

## ordered_country_in_yugoslavia
ai_is_regional_objective_protect_target = {  
	any_scope_regional_objective = {  
		type = aro:ai_regional_objective_protect_country  
		is_completed = no  
		region = {  
			root = {  
				"root.variable_map(aro_protect_country_map|prev)" ?= { this = $TARGET$ }  
			}  
		}  
	}  
}
**Supported Scopes**: none  
**Supported Targets**: country  

## ordered_country_in_zambezi_basin
has_treaty_defensive_pact_with = {  
	custom_description = {  
		text = has_treaty_defensive_pact_with_trigger  
		subject = this # Country  
		object = $TARGET$ # Country  
  
		any_scope_treaty = {  
			binds = $TARGET$  
			any_scope_article = {  
				has_type = defensive_pact  
			}  
		}  
	}  
}
**Supported Scopes**: none  
**Supported Targets**: country  

## ordered_country_in_zanj_old
ai_is_regional_objective_protect_target = {  
	any_scope_regional_objective = {  
		type = aro:ai_regional_objective_protect_country  
		is_completed = no  
		region = {  
			root = {  
				"root.variable_map(aro_protect_country_map|prev)" ?= { this = $TARGET$ }  
			}  
		}  
	}  
}
**Supported Scopes**: none  
**Supported Targets**: country  

## ordered_country_strategic_region
Iterate through all strategic regions containing states owned by the scoped country  
ordered_country_strategic_region = {  
limit = { <triggers> }  
order_by = script_value  
position = int  
min = int  
max = script_value  
check_range_bounds = no # If you don't want an error logged if the list is smaller than the min/max  
<effects> }
**Supported Scopes**: country  
**Supported Targets**: strategic_region  

## ordered_decentralized_country
Iterate through all countries that are decentralized  
ordered_decentralized_country = {  
limit = { <triggers> }  
order_by = script_value  
position = int  
min = int  
max = script_value  
check_range_bounds = no # If you don't want an error logged if the list is smaller than the min/max  
<effects> }
**Supported Scopes**: none  
**Supported Targets**: country  

## ordered_diplomatic_catalyst
Iterate through all diplomatic catalysts in the recent memory of a country  
ordered_diplomatic_catalyst = {  
limit = { <triggers> }  
order_by = script_value  
position = int  
min = int  
max = script_value  
check_range_bounds = no # If you don't want an error logged if the list is smaller than the min/max  
<effects> }
**Supported Scopes**: country  
**Supported Targets**: diplomatic_catalyst  

## ordered_diplomatic_play
Iterate through all diplomatic plays globally  
ordered_diplomatic_play = {  
limit = { <triggers> }  
order_by = script_value  
position = int  
min = int  
max = script_value  
check_range_bounds = no # If you don't want an error logged if the list is smaller than the min/max  
<effects> }
**Supported Scopes**: none  
**Supported Targets**: diplomatic_play  

## ordered_diplomatically_relevant_country
Iterate through all diplomatically relevant countries of a country scope  
ordered_diplomatically_relevant_country = {  
limit = { <triggers> }  
order_by = script_value  
position = int  
min = int  
max = script_value  
check_range_bounds = no # If you don't want an error logged if the list is smaller than the min/max  
<effects> }
**Supported Scopes**: country  
**Supported Targets**: country  

## ordered_direct_subject
Any country directly below current in hierarchy  
ordered_direct_subject = {  
limit = { <triggers> }  
order_by = script_value  
position = int  
min = int  
max = script_value  
check_range_bounds = no # If you don't want an error logged if the list is smaller than the min/max  
<effects> }
**Supported Scopes**: country  
**Supported Targets**: country  

## ordered_enemy_in_diplo_play
Iterate through all enemies of scope country in all diplomatic plays (includes wars)  
ordered_enemy_in_diplo_play = {  
limit = { <triggers> }  
order_by = script_value  
position = int  
min = int  
max = script_value  
check_range_bounds = no # If you don't want an error logged if the list is smaller than the min/max  
<effects> }
**Supported Scopes**: country  
**Supported Targets**: country  

## ordered_enemy_in_war
Iterate through all enemies of scope country in all wars  
ordered_enemy_in_war = {  
limit = { <triggers> }  
order_by = script_value  
position = int  
min = int  
max = script_value  
check_range_bounds = no # If you don't want an error logged if the list is smaller than the min/max  
<effects> }
**Supported Scopes**: country  
**Supported Targets**: country  

## ordered_harvest_condition
Iterate through all harvest conditions affecting a state, state region, strategic region, or country  
ordered_harvest_condition = {  
limit = { <triggers> }  
order_by = script_value  
position = int  
min = int  
max = script_value  
check_range_bounds = no # If you don't want an error logged if the list is smaller than the min/max  
<effects> }
**Supported Scopes**: country, state, state_region, strategic_region  
**Supported Targets**: harvest_condition  

## ordered_in_global_list
Iterate through all items in global list. list = name or variable = name  
ordered_in_global_list = {  
limit = { <triggers> }  
order_by = script_value  
position = int  
min = int  
max = script_value  
check_range_bounds = no # If you don't want an error logged if the list is smaller than the min/max  
<effects> }
**Supported Scopes**: none  

## ordered_in_hierarchy
Any country in current hierarchy, including current  
ordered_in_hierarchy = {  
limit = { <triggers> }  
order_by = script_value  
position = int  
min = int  
max = script_value  
check_range_bounds = no # If you don't want an error logged if the list is smaller than the min/max  
<effects> }
**Supported Scopes**: country  
**Supported Targets**: country  

## ordered_in_list
Iterate through all items in list. list = name or variable = name  
ordered_in_list = {  
limit = { <triggers> }  
order_by = script_value  
position = int  
min = int  
max = script_value  
check_range_bounds = no # If you don't want an error logged if the list is smaller than the min/max  
<effects> }
**Supported Scopes**: none  

## ordered_in_local_list
Iterate through all items in local list. list = name or variable = name  
ordered_in_local_list = {  
limit = { <triggers> }  
order_by = script_value  
position = int  
min = int  
max = script_value  
check_range_bounds = no # If you don't want an error logged if the list is smaller than the min/max  
<effects> }
**Supported Scopes**: none  

## ordered_influenced_interest_group
Iterate through all interest groups influenced by a political movement  
ordered_influenced_interest_group = {  
limit = { <triggers> }  
order_by = script_value  
position = int  
min = int  
max = script_value  
check_range_bounds = no # If you don't want an error logged if the list is smaller than the min/max  
<effects> }
**Supported Scopes**: political_movement  
**Supported Targets**: interest_group  

## ordered_interest_group
Iterate through all interest groups in a country  
ordered_interest_group = {  
limit = { <triggers> }  
order_by = script_value  
position = int  
min = int  
max = script_value  
check_range_bounds = no # If you don't want an error logged if the list is smaller than the min/max  
<effects> }
**Supported Scopes**: country  
**Supported Targets**: interest_group  

## ordered_key_in_global_variable_map
Iterate through all keys in a global variable map.  
key_in_global_variable_map = {  
	variable = name  
	<...>  
}  
ordered_key_in_global_variable_map = {  
limit = { <triggers> }  
order_by = script_value  
position = int  
min = int  
max = script_value  
check_range_bounds = no # If you don't want an error logged if the list is smaller than the min/max  
<effects> }
**Supported Scopes**: none  

## ordered_key_in_local_variable_map
Iterate through all keys in a local variable map.  
key_in_local_variable_map = {  
	variable = name  
	<...>  
}  
ordered_key_in_local_variable_map = {  
limit = { <triggers> }  
order_by = script_value  
position = int  
min = int  
max = script_value  
check_range_bounds = no # If you don't want an error logged if the list is smaller than the min/max  
<effects> }
**Supported Scopes**: none  

## ordered_key_in_variable_map
Iterate through all keys in a variable map.  
key_in_variable_map = {  
	variable = name  
	<...>  
}  
ordered_key_in_variable_map = {  
limit = { <triggers> }  
order_by = script_value  
position = int  
min = int  
max = script_value  
check_range_bounds = no # If you don't want an error logged if the list is smaller than the min/max  
<effects> }
**Supported Scopes**: none  

## ordered_law
Iterate through all laws in a country  
ordered_law = {  
limit = { <triggers> }  
order_by = script_value  
position = int  
min = int  
max = script_value  
check_range_bounds = no # If you don't want an error logged if the list is smaller than the min/max  
<effects> }
**Supported Scopes**: country  
**Supported Targets**: law  

## ordered_lobby_member
Iterate through all interest group members of a lobby  
ordered_lobby_member = {  
limit = { <triggers> }  
order_by = script_value  
position = int  
min = int  
max = script_value  
check_range_bounds = no # If you don't want an error logged if the list is smaller than the min/max  
<effects> }
**Supported Scopes**: political_lobby  
**Supported Targets**: interest_group  

## ordered_market
Iterate through all markets globally  
ordered_market = {  
limit = { <triggers> }  
order_by = script_value  
position = int  
min = int  
max = script_value  
check_range_bounds = no # If you don't want an error logged if the list is smaller than the min/max  
<effects> }
**Supported Scopes**: none  
**Supported Targets**: market  

## ordered_market_goods
Iterate through all active (market) goods in a market  
ordered_market_goods = {  
limit = { <triggers> }  
order_by = script_value  
position = int  
min = int  
max = script_value  
check_range_bounds = no # If you don't want an error logged if the list is smaller than the min/max  
<effects> }
**Supported Scopes**: market  
**Supported Targets**: market_goods  

## ordered_member
Iterate through all interest group members of a party  
ordered_member = {  
limit = { <triggers> }  
order_by = script_value  
position = int  
min = int  
max = script_value  
check_range_bounds = no # If you don't want an error logged if the list is smaller than the min/max  
<effects> }
**Supported Scopes**: party  
**Supported Targets**: interest_group  

## ordered_military_formation
Iterate through all military formations currently present at input scope  
Supported scopes: country, front, hq  
ordered_military_formation = {  
limit = { <triggers> }  
order_by = script_value  
position = int  
min = int  
max = script_value  
check_range_bounds = no # If you don't want an error logged if the list is smaller than the min/max  
<effects> }
**Supported Scopes**: country, front, hq  
**Supported Targets**: military_formation  

## ordered_neighbouring_state
Iterate through all states neighbouring a state region  
ordered_neighbouring_state = {  
limit = { <triggers> }  
order_by = script_value  
position = int  
min = int  
max = script_value  
check_range_bounds = no # If you don't want an error logged if the list is smaller than the min/max  
<effects> }
**Supported Scopes**: country, state, state_region, strategic_region  
**Supported Targets**: state  

## ordered_overlord_or_above
Any country above current in hierarchy  
ordered_overlord_or_above = {  
limit = { <triggers> }  
order_by = script_value  
position = int  
min = int  
max = script_value  
check_range_bounds = no # If you don't want an error logged if the list is smaller than the min/max  
<effects> }
**Supported Scopes**: country  
**Supported Targets**: country  

## ordered_owned_country
Iterate through all countries owned by the scoped company  
ordered_owned_country = {  
limit = { <triggers> }  
order_by = script_value  
position = int  
min = int  
max = script_value  
check_range_bounds = no # If you don't want an error logged if the list is smaller than the min/max  
<effects> }
**Supported Scopes**: company  
**Supported Targets**: country  

## ordered_participant
Any of two participants of the diplomatic pact in a scope  
ordered_participant = {  
limit = { <triggers> }  
order_by = script_value  
position = int  
min = int  
max = script_value  
check_range_bounds = no # If you don't want an error logged if the list is smaller than the min/max  
<effects> }
**Supported Scopes**: diplomatic_pact  
**Supported Targets**: country  

## ordered_political_lobby
Iterate through all political lobbies in a country or interest group  
ordered_political_lobby = {  
limit = { <triggers> }  
order_by = script_value  
position = int  
min = int  
max = script_value  
check_range_bounds = no # If you don't want an error logged if the list is smaller than the min/max  
<effects> }
**Supported Scopes**: country, interest_group  
**Supported Targets**: political_lobby  

## ordered_political_movement
Iterate through all political movements in a country  
ordered_political_movement = {  
limit = { <triggers> }  
order_by = script_value  
position = int  
min = int  
max = script_value  
check_range_bounds = no # If you don't want an error logged if the list is smaller than the min/max  
<effects> }
**Supported Scopes**: country  
**Supported Targets**: political_movement  

## ordered_possible_amendment_type
Iterate through amendment types that could be added to the scoped law  
ordered_possible_amendment_type = {  
limit = { <triggers> }  
order_by = script_value  
position = int  
min = int  
max = script_value  
check_range_bounds = no # If you don't want an error logged if the list is smaller than the min/max  
<effects> }
**Supported Scopes**: law  
**Supported Targets**: amendment_type  

## ordered_potential_party
Iterate through all potential political parties in a country  
ordered_potential_party = {  
limit = { <triggers> }  
order_by = script_value  
position = int  
min = int  
max = script_value  
check_range_bounds = no # If you don't want an error logged if the list is smaller than the min/max  
<effects> }
**Supported Scopes**: country  
**Supported Targets**: party  

## ordered_power_bloc
Iterate through all power blocs  
ordered_power_bloc = {  
limit = { <triggers> }  
order_by = script_value  
position = int  
min = int  
max = script_value  
check_range_bounds = no # If you don't want an error logged if the list is smaller than the min/max  
<effects> }
**Supported Scopes**: none  
**Supported Targets**: power_bloc  

## ordered_power_bloc_member
Iterate through all members of the scoped power bloc including the leader  
ordered_power_bloc_member = {  
limit = { <triggers> }  
order_by = script_value  
position = int  
min = int  
max = script_value  
check_range_bounds = no # If you don't want an error logged if the list is smaller than the min/max  
<effects> }
**Supported Scopes**: power_bloc  
**Supported Targets**: country  

## ordered_preferred_law
Iterate through all active and possible laws in an interest group's country, ordered by how much they prefer that law  
ordered_preferred_law = {  
limit = { <triggers> }  
order_by = script_value  
position = int  
min = int  
max = script_value  
check_range_bounds = no # If you don't want an error logged if the list is smaller than the min/max  
<effects> }
**Supported Scopes**: interest_group  
**Supported Targets**: law  

## ordered_primary_culture
Primary cultures of the scoped country or country definition  
ordered_primary_culture = {  
limit = { <triggers> }  
order_by = script_value  
position = int  
min = int  
max = script_value  
check_range_bounds = no # If you don't want an error logged if the list is smaller than the min/max  
<effects> }
**Supported Scopes**: country, country_definition  
**Supported Targets**: culture  

## ordered_province
Iterate through all Provinces in the scoped State  
ordered_province = {  
limit = { <triggers> }  
order_by = script_value  
position = int  
min = int  
max = script_value  
check_range_bounds = no # If you don't want an error logged if the list is smaller than the min/max  
<effects> }
**Supported Scopes**: province  
**Supported Targets**: state  

## ordered_province_in_afghanistan
has_treaty_defensive_pact_with = {  
	custom_description = {  
		text = has_treaty_defensive_pact_with_trigger  
		subject = this # Country  
		object = $TARGET$ # Country  
  
		any_scope_treaty = {  
			binds = $TARGET$  
			any_scope_article = {  
				has_type = defensive_pact  
			}  
		}  
	}  
}
**Supported Scopes**: none  
**Supported Targets**: province  

## ordered_province_in_africa
ai_is_regional_objective_subjugate_target = {  
	any_scope_regional_objective = {  
		type = aro:ai_regional_objective_subjugate_country  
		is_completed = no  
		region = {  
			root = {  
				"root.variable_map(aro_subjugate_country_map|prev)" ?= { this = $TARGET$ }  
			}  
		}  
	}  
}
**Supported Scopes**: none  
**Supported Targets**: province  

## ordered_province_in_allahabad_bombay_line
ai_is_regional_objective_subjugate_target = {  
	any_scope_regional_objective = {  
		type = aro:ai_regional_objective_subjugate_country  
		is_completed = no  
		region = {  
			root = {  
				"root.variable_map(aro_subjugate_country_map|prev)" ?= { this = $TARGET$ }  
			}  
		}  
	}  
}
**Supported Scopes**: none  
**Supported Targets**: province  

## ordered_province_in_alpide_belt
ai_is_regional_objective_subjugate_target = {  
	any_scope_regional_objective = {  
		type = aro:ai_regional_objective_subjugate_country  
		is_completed = no  
		region = {  
			root = {  
				"root.variable_map(aro_subjugate_country_map|prev)" ?= { this = $TARGET$ }  
			}  
		}  
	}  
}
**Supported Scopes**: none  
**Supported Targets**: province  

## ordered_province_in_amazon
has_treaty_defensive_pact_with = {  
	custom_description = {  
		text = has_treaty_defensive_pact_with_trigger  
		subject = this # Country  
		object = $TARGET$ # Country  
  
		any_scope_treaty = {  
			binds = $TARGET$  
			any_scope_article = {  
				has_type = defensive_pact  
			}  
		}  
	}  
}
**Supported Scopes**: none  
**Supported Targets**: province  

## ordered_province_in_americas
has_treaty_defensive_pact_with = {  
	custom_description = {  
		text = has_treaty_defensive_pact_with_trigger  
		subject = this # Country  
		object = $TARGET$ # Country  
  
		any_scope_treaty = {  
			binds = $TARGET$  
			any_scope_article = {  
				has_type = defensive_pact  
			}  
		}  
	}  
}
**Supported Scopes**: none  
**Supported Targets**: province  

## ordered_province_in_anatolia_old
ai_country_is_valid_colonization_target = {  
	OR = {  
		is_country_type = unrecognized  
		is_country_type = decentralized # Could be useful for the rare cases this is used outside of AI strategies  
	}  
	OR = {  
		is_subject = no  
		top_overlord ?= {  
			is_country_type = unrecognized  
		}  
	}  
}
**Supported Scopes**: none  
**Supported Targets**: province  

## ordered_province_in_andean_federation
ai_is_regional_objective_subjugate_target = {  
	any_scope_regional_objective = {  
		type = aro:ai_regional_objective_subjugate_country  
		is_completed = no  
		region = {  
			root = {  
				"root.variable_map(aro_subjugate_country_map|prev)" ?= { this = $TARGET$ }  
			}  
		}  
	}  
}
**Supported Scopes**: none  
**Supported Targets**: province  

## ordered_province_in_andes
ai_is_regional_objective_protect_target = {  
	any_scope_regional_objective = {  
		type = aro:ai_regional_objective_protect_country  
		is_completed = no  
		region = {  
			root = {  
				"root.variable_map(aro_protect_country_map|prev)" ?= { this = $TARGET$ }  
			}  
		}  
	}  
}
**Supported Scopes**: none  
**Supported Targets**: province  

## ordered_province_in_angola
ai_is_regional_objective_protect_target = {  
	any_scope_regional_objective = {  
		type = aro:ai_regional_objective_protect_country  
		is_completed = no  
		region = {  
			root = {  
				"root.variable_map(aro_protect_country_map|prev)" ?= { this = $TARGET$ }  
			}  
		}  
	}  
}
**Supported Scopes**: none  
**Supported Targets**: province  

## ordered_province_in_arabia
ai_is_regional_objective_subjugate_target = {  
	any_scope_regional_objective = {  
		type = aro:ai_regional_objective_subjugate_country  
		is_completed = no  
		region = {  
			root = {  
				"root.variable_map(aro_subjugate_country_map|prev)" ?= { this = $TARGET$ }  
			}  
		}  
	}  
}
**Supported Scopes**: none  
**Supported Targets**: province  

## ordered_province_in_arabic_old
has_treaty_defensive_pact_with = {  
	custom_description = {  
		text = has_treaty_defensive_pact_with_trigger  
		subject = this # Country  
		object = $TARGET$ # Country  
  
		any_scope_treaty = {  
			binds = $TARGET$  
			any_scope_article = {  
				has_type = defensive_pact  
			}  
		}  
	}  
}
**Supported Scopes**: none  
**Supported Targets**: province  

## ordered_province_in_aragon
has_treaty_defensive_pact_with = {  
	custom_description = {  
		text = has_treaty_defensive_pact_with_trigger  
		subject = this # Country  
		object = $TARGET$ # Country  
  
		any_scope_treaty = {  
			binds = $TARGET$  
			any_scope_article = {  
				has_type = defensive_pact  
			}  
		}  
	}  
}
**Supported Scopes**: none  
**Supported Targets**: province  

## ordered_province_in_arctic_russia_old
ai_is_regional_objective_subjugate_target = {  
	any_scope_regional_objective = {  
		type = aro:ai_regional_objective_subjugate_country  
		is_completed = no  
		region = {  
			root = {  
				"root.variable_map(aro_subjugate_country_map|prev)" ?= { this = $TARGET$ }  
			}  
		}  
	}  
}
**Supported Scopes**: none  
**Supported Targets**: province  

## ordered_province_in_asia
has_treaty_defensive_pact_with = {  
	custom_description = {  
		text = has_treaty_defensive_pact_with_trigger  
		subject = this # Country  
		object = $TARGET$ # Country  
  
		any_scope_treaty = {  
			binds = $TARGET$  
			any_scope_article = {  
				has_type = defensive_pact  
			}  
		}  
	}  
}
**Supported Scopes**: none  
**Supported Targets**: province  

## ordered_province_in_atlantic_coast
ai_is_regional_objective_subjugate_target = {  
	any_scope_regional_objective = {  
		type = aro:ai_regional_objective_subjugate_country  
		is_completed = no  
		region = {  
			root = {  
				"root.variable_map(aro_subjugate_country_map|prev)" ?= { this = $TARGET$ }  
			}  
		}  
	}  
}
**Supported Scopes**: none  
**Supported Targets**: province  

## ordered_province_in_australasia
has_treaty_defensive_pact_with = {  
	custom_description = {  
		text = has_treaty_defensive_pact_with_trigger  
		subject = this # Country  
		object = $TARGET$ # Country  
  
		any_scope_treaty = {  
			binds = $TARGET$  
			any_scope_article = {  
				has_type = defensive_pact  
			}  
		}  
	}  
}
**Supported Scopes**: none  
**Supported Targets**: province  

## ordered_province_in_australia
ai_is_regional_objective_protect_target = {  
	any_scope_regional_objective = {  
		type = aro:ai_regional_objective_protect_country  
		is_completed = no  
		region = {  
			root = {  
				"root.variable_map(aro_protect_country_map|prev)" ?= { this = $TARGET$ }  
			}  
		}  
	}  
}
**Supported Scopes**: none  
**Supported Targets**: province  

## ordered_province_in_balkans
ai_is_regional_objective_protect_target = {  
	any_scope_regional_objective = {  
		type = aro:ai_regional_objective_protect_country  
		is_completed = no  
		region = {  
			root = {  
				"root.variable_map(aro_protect_country_map|prev)" ?= { this = $TARGET$ }  
			}  
		}  
	}  
}
**Supported Scopes**: none  
**Supported Targets**: province  

## ordered_province_in_balkans_old
ai_country_is_valid_colonization_target = {  
	OR = {  
		is_country_type = unrecognized  
		is_country_type = decentralized # Could be useful for the rare cases this is used outside of AI strategies  
	}  
	OR = {  
		is_subject = no  
		top_overlord ?= {  
			is_country_type = unrecognized  
		}  
	}  
}
**Supported Scopes**: none  
**Supported Targets**: province  

## ordered_province_in_baltic_old
ai_is_regional_objective_subjugate_target = {  
	any_scope_regional_objective = {  
		type = aro:ai_regional_objective_subjugate_country  
		is_completed = no  
		region = {  
			root = {  
				"root.variable_map(aro_subjugate_country_map|prev)" ?= { this = $TARGET$ }  
			}  
		}  
	}  
}
**Supported Scopes**: none  
**Supported Targets**: province  

## ordered_province_in_baltic_states_old
has_treaty_defensive_pact_with = {  
	custom_description = {  
		text = has_treaty_defensive_pact_with_trigger  
		subject = this # Country  
		object = $TARGET$ # Country  
  
		any_scope_treaty = {  
			binds = $TARGET$  
			any_scope_article = {  
				has_type = defensive_pact  
			}  
		}  
	}  
}
**Supported Scopes**: none  
**Supported Targets**: province  

## ordered_province_in_belarus_old
ai_country_is_valid_colonization_target = {  
	OR = {  
		is_country_type = unrecognized  
		is_country_type = decentralized # Could be useful for the rare cases this is used outside of AI strategies  
	}  
	OR = {  
		is_subject = no  
		top_overlord ?= {  
			is_country_type = unrecognized  
		}  
	}  
}
**Supported Scopes**: none  
**Supported Targets**: province  

## ordered_province_in_bengal_old
ai_is_regional_objective_protect_target = {  
	any_scope_regional_objective = {  
		type = aro:ai_regional_objective_protect_country  
		is_completed = no  
		region = {  
			root = {  
				"root.variable_map(aro_protect_country_map|prev)" ?= { this = $TARGET$ }  
			}  
		}  
	}  
}
**Supported Scopes**: none  
**Supported Targets**: province  

## ordered_province_in_bolivia
ai_is_regional_objective_protect_target = {  
	any_scope_regional_objective = {  
		type = aro:ai_regional_objective_protect_country  
		is_completed = no  
		region = {  
			root = {  
				"root.variable_map(aro_protect_country_map|prev)" ?= { this = $TARGET$ }  
			}  
		}  
	}  
}
**Supported Scopes**: none  
**Supported Targets**: province  

## ordered_province_in_bombay_madras_line
has_treaty_defensive_pact_with = {  
	custom_description = {  
		text = has_treaty_defensive_pact_with_trigger  
		subject = this # Country  
		object = $TARGET$ # Country  
  
		any_scope_treaty = {  
			binds = $TARGET$  
			any_scope_article = {  
				has_type = defensive_pact  
			}  
		}  
	}  
}
**Supported Scopes**: none  
**Supported Targets**: province  

## ordered_province_in_bombay_old
ai_is_regional_objective_protect_target = {  
	any_scope_regional_objective = {  
		type = aro:ai_regional_objective_protect_country  
		is_completed = no  
		region = {  
			root = {  
				"root.variable_map(aro_protect_country_map|prev)" ?= { this = $TARGET$ }  
			}  
		}  
	}  
}
**Supported Scopes**: none  
**Supported Targets**: province  

## ordered_province_in_brazil
ai_country_is_valid_colonization_target = {  
	OR = {  
		is_country_type = unrecognized  
		is_country_type = decentralized # Could be useful for the rare cases this is used outside of AI strategies  
	}  
	OR = {  
		is_subject = no  
		top_overlord ?= {  
			is_country_type = unrecognized  
		}  
	}  
}
**Supported Scopes**: none  
**Supported Targets**: province  

## ordered_province_in_burma
ai_is_regional_objective_subjugate_target = {  
	any_scope_regional_objective = {  
		type = aro:ai_regional_objective_subjugate_country  
		is_completed = no  
		region = {  
			root = {  
				"root.variable_map(aro_subjugate_country_map|prev)" ?= { this = $TARGET$ }  
			}  
		}  
	}  
}
**Supported Scopes**: none  
**Supported Targets**: province  

## ordered_province_in_canada
ai_country_is_valid_colonization_target = {  
	OR = {  
		is_country_type = unrecognized  
		is_country_type = decentralized # Could be useful for the rare cases this is used outside of AI strategies  
	}  
	OR = {  
		is_subject = no  
		top_overlord ?= {  
			is_country_type = unrecognized  
		}  
	}  
}
**Supported Scopes**: none  
**Supported Targets**: province  

## ordered_province_in_canada_old
ai_is_regional_objective_subjugate_target = {  
	any_scope_regional_objective = {  
		type = aro:ai_regional_objective_subjugate_country  
		is_completed = no  
		region = {  
			root = {  
				"root.variable_map(aro_subjugate_country_map|prev)" ?= { this = $TARGET$ }  
			}  
		}  
	}  
}
**Supported Scopes**: none  
**Supported Targets**: province  

## ordered_province_in_caribbean_old
ai_is_regional_objective_subjugate_target = {  
	any_scope_regional_objective = {  
		type = aro:ai_regional_objective_subjugate_country  
		is_completed = no  
		region = {  
			root = {  
				"root.variable_map(aro_subjugate_country_map|prev)" ?= { this = $TARGET$ }  
			}  
		}  
	}  
}
**Supported Scopes**: none  
**Supported Targets**: province  

## ordered_province_in_castile
ai_is_regional_objective_subjugate_target = {  
	any_scope_regional_objective = {  
		type = aro:ai_regional_objective_subjugate_country  
		is_completed = no  
		region = {  
			root = {  
				"root.variable_map(aro_subjugate_country_map|prev)" ?= { this = $TARGET$ }  
			}  
		}  
	}  
}
**Supported Scopes**: none  
**Supported Targets**: province  

## ordered_province_in_caucasus_old
has_treaty_defensive_pact_with = {  
	custom_description = {  
		text = has_treaty_defensive_pact_with_trigger  
		subject = this # Country  
		object = $TARGET$ # Country  
  
		any_scope_treaty = {  
			binds = $TARGET$  
			any_scope_article = {  
				has_type = defensive_pact  
			}  
		}  
	}  
}
**Supported Scopes**: none  
**Supported Targets**: province  

## ordered_province_in_central_america
has_treaty_defensive_pact_with = {  
	custom_description = {  
		text = has_treaty_defensive_pact_with_trigger  
		subject = this # Country  
		object = $TARGET$ # Country  
  
		any_scope_treaty = {  
			binds = $TARGET$  
			any_scope_article = {  
				has_type = defensive_pact  
			}  
		}  
	}  
}
**Supported Scopes**: none  
**Supported Targets**: province  

## ordered_province_in_central_america_old
ai_is_regional_objective_subjugate_target = {  
	any_scope_regional_objective = {  
		type = aro:ai_regional_objective_subjugate_country  
		is_completed = no  
		region = {  
			root = {  
				"root.variable_map(aro_subjugate_country_map|prev)" ?= { this = $TARGET$ }  
			}  
		}  
	}  
}
**Supported Scopes**: none  
**Supported Targets**: province  

## ordered_province_in_central_asia
has_treaty_defensive_pact_with = {  
	custom_description = {  
		text = has_treaty_defensive_pact_with_trigger  
		subject = this # Country  
		object = $TARGET$ # Country  
  
		any_scope_treaty = {  
			binds = $TARGET$  
			any_scope_article = {  
				has_type = defensive_pact  
			}  
		}  
	}  
}
**Supported Scopes**: none  
**Supported Targets**: province  

## ordered_province_in_central_asia_old
ai_is_regional_objective_subjugate_target = {  
	any_scope_regional_objective = {  
		type = aro:ai_regional_objective_subjugate_country  
		is_completed = no  
		region = {  
			root = {  
				"root.variable_map(aro_subjugate_country_map|prev)" ?= { this = $TARGET$ }  
			}  
		}  
	}  
}
**Supported Scopes**: none  
**Supported Targets**: province  

## ordered_province_in_central_europe
ai_country_is_valid_colonization_target = {  
	OR = {  
		is_country_type = unrecognized  
		is_country_type = decentralized # Could be useful for the rare cases this is used outside of AI strategies  
	}  
	OR = {  
		is_subject = no  
		top_overlord ?= {  
			is_country_type = unrecognized  
		}  
	}  
}
**Supported Scopes**: none  
**Supported Targets**: province  

## ordered_province_in_central_india_old
ai_is_regional_objective_subjugate_target = {  
	any_scope_regional_objective = {  
		type = aro:ai_regional_objective_subjugate_country  
		is_completed = no  
		region = {  
			root = {  
				"root.variable_map(aro_subjugate_country_map|prev)" ?= { this = $TARGET$ }  
			}  
		}  
	}  
}
**Supported Scopes**: none  
**Supported Targets**: province  

## ordered_province_in_china
ai_is_regional_objective_protect_target = {  
	any_scope_regional_objective = {  
		type = aro:ai_regional_objective_protect_country  
		is_completed = no  
		region = {  
			root = {  
				"root.variable_map(aro_protect_country_map|prev)" ?= { this = $TARGET$ }  
			}  
		}  
	}  
}
**Supported Scopes**: none  
**Supported Targets**: province  

## ordered_province_in_chorasmia
ai_country_is_valid_colonization_target = {  
	OR = {  
		is_country_type = unrecognized  
		is_country_type = decentralized # Could be useful for the rare cases this is used outside of AI strategies  
	}  
	OR = {  
		is_subject = no  
		top_overlord ?= {  
			is_country_type = unrecognized  
		}  
	}  
}
**Supported Scopes**: none  
**Supported Targets**: province  

## ordered_province_in_colonial_la_plata
ai_is_regional_objective_subjugate_target = {  
	any_scope_regional_objective = {  
		type = aro:ai_regional_objective_subjugate_country  
		is_completed = no  
		region = {  
			root = {  
				"root.variable_map(aro_subjugate_country_map|prev)" ?= { this = $TARGET$ }  
			}  
		}  
	}  
}
**Supported Scopes**: none  
**Supported Targets**: province  

## ordered_province_in_colonial_new_grenada
ai_country_is_valid_colonization_target = {  
	OR = {  
		is_country_type = unrecognized  
		is_country_type = decentralized # Could be useful for the rare cases this is used outside of AI strategies  
	}  
	OR = {  
		is_subject = no  
		top_overlord ?= {  
			is_country_type = unrecognized  
		}  
	}  
}
**Supported Scopes**: none  
**Supported Targets**: province  

## ordered_province_in_colonial_new_spain
ai_is_regional_objective_protect_target = {  
	any_scope_regional_objective = {  
		type = aro:ai_regional_objective_protect_country  
		is_completed = no  
		region = {  
			root = {  
				"root.variable_map(aro_protect_country_map|prev)" ?= { this = $TARGET$ }  
			}  
		}  
	}  
}
**Supported Scopes**: none  
**Supported Targets**: province  

## ordered_province_in_colonial_peru
has_treaty_defensive_pact_with = {  
	custom_description = {  
		text = has_treaty_defensive_pact_with_trigger  
		subject = this # Country  
		object = $TARGET$ # Country  
  
		any_scope_treaty = {  
			binds = $TARGET$  
			any_scope_article = {  
				has_type = defensive_pact  
			}  
		}  
	}  
}
**Supported Scopes**: none  
**Supported Targets**: province  

## ordered_province_in_congo_old
has_treaty_defensive_pact_with = {  
	custom_description = {  
		text = has_treaty_defensive_pact_with_trigger  
		subject = this # Country  
		object = $TARGET$ # Country  
  
		any_scope_treaty = {  
			binds = $TARGET$  
			any_scope_article = {  
				has_type = defensive_pact  
			}  
		}  
	}  
}
**Supported Scopes**: none  
**Supported Targets**: province  

## ordered_province_in_danubia_old
has_treaty_defensive_pact_with = {  
	custom_description = {  
		text = has_treaty_defensive_pact_with_trigger  
		subject = this # Country  
		object = $TARGET$ # Country  
  
		any_scope_treaty = {  
			binds = $TARGET$  
			any_scope_article = {  
				has_type = defensive_pact  
			}  
		}  
	}  
}
**Supported Scopes**: none  
**Supported Targets**: province  

## ordered_province_in_delhi_calcutta_line
ai_is_regional_objective_subjugate_target = {  
	any_scope_regional_objective = {  
		type = aro:ai_regional_objective_subjugate_country  
		is_completed = no  
		region = {  
			root = {  
				"root.variable_map(aro_subjugate_country_map|prev)" ?= { this = $TARGET$ }  
			}  
		}  
	}  
}
**Supported Scopes**: none  
**Supported Targets**: province  

## ordered_province_in_dixie_old
ai_country_is_valid_colonization_target = {  
	OR = {  
		is_country_type = unrecognized  
		is_country_type = decentralized # Could be useful for the rare cases this is used outside of AI strategies  
	}  
	OR = {  
		is_subject = no  
		top_overlord ?= {  
			is_country_type = unrecognized  
		}  
	}  
}
**Supported Scopes**: none  
**Supported Targets**: province  

## ordered_province_in_dnieper_old
ai_is_regional_objective_protect_target = {  
	any_scope_regional_objective = {  
		type = aro:ai_regional_objective_protect_country  
		is_completed = no  
		region = {  
			root = {  
				"root.variable_map(aro_protect_country_map|prev)" ?= { this = $TARGET$ }  
			}  
		}  
	}  
}
**Supported Scopes**: none  
**Supported Targets**: province  

## ordered_province_in_east_africa
has_treaty_defensive_pact_with = {  
	custom_description = {  
		text = has_treaty_defensive_pact_with_trigger  
		subject = this # Country  
		object = $TARGET$ # Country  
  
		any_scope_treaty = {  
			binds = $TARGET$  
			any_scope_article = {  
				has_type = defensive_pact  
			}  
		}  
	}  
}
**Supported Scopes**: none  
**Supported Targets**: province  

## ordered_province_in_east_asia
has_treaty_defensive_pact_with = {  
	custom_description = {  
		text = has_treaty_defensive_pact_with_trigger  
		subject = this # Country  
		object = $TARGET$ # Country  
  
		any_scope_treaty = {  
			binds = $TARGET$  
			any_scope_article = {  
				has_type = defensive_pact  
			}  
		}  
	}  
}
**Supported Scopes**: none  
**Supported Targets**: province  

## ordered_province_in_east_sibera_old
ai_is_regional_objective_protect_target = {  
	any_scope_regional_objective = {  
		type = aro:ai_regional_objective_protect_country  
		is_completed = no  
		region = {  
			root = {  
				"root.variable_map(aro_protect_country_map|prev)" ?= { this = $TARGET$ }  
			}  
		}  
	}  
}
**Supported Scopes**: none  
**Supported Targets**: province  

## ordered_province_in_eastern_europe
ai_is_regional_objective_subjugate_target = {  
	any_scope_regional_objective = {  
		type = aro:ai_regional_objective_subjugate_country  
		is_completed = no  
		region = {  
			root = {  
				"root.variable_map(aro_subjugate_country_map|prev)" ?= { this = $TARGET$ }  
			}  
		}  
	}  
}
**Supported Scopes**: none  
**Supported Targets**: province  

## ordered_province_in_england_old
has_treaty_defensive_pact_with = {  
	custom_description = {  
		text = has_treaty_defensive_pact_with_trigger  
		subject = this # Country  
		object = $TARGET$ # Country  
  
		any_scope_treaty = {  
			binds = $TARGET$  
			any_scope_article = {  
				has_type = defensive_pact  
			}  
		}  
	}  
}
**Supported Scopes**: none  
**Supported Targets**: province  

## ordered_province_in_equatorial_africa
ai_is_regional_objective_protect_target = {  
	any_scope_regional_objective = {  
		type = aro:ai_regional_objective_protect_country  
		is_completed = no  
		region = {  
			root = {  
				"root.variable_map(aro_protect_country_map|prev)" ?= { this = $TARGET$ }  
			}  
		}  
	}  
}
**Supported Scopes**: none  
**Supported Targets**: province  

## ordered_province_in_ethiopia_old
ai_country_is_valid_colonization_target = {  
	OR = {  
		is_country_type = unrecognized  
		is_country_type = decentralized # Could be useful for the rare cases this is used outside of AI strategies  
	}  
	OR = {  
		is_subject = no  
		top_overlord ?= {  
			is_country_type = unrecognized  
		}  
	}  
}
**Supported Scopes**: none  
**Supported Targets**: province  

## ordered_province_in_europe
has_treaty_defensive_pact_with = {  
	custom_description = {  
		text = has_treaty_defensive_pact_with_trigger  
		subject = this # Country  
		object = $TARGET$ # Country  
  
		any_scope_treaty = {  
			binds = $TARGET$  
			any_scope_article = {  
				has_type = defensive_pact  
			}  
		}  
	}  
}
**Supported Scopes**: none  
**Supported Targets**: province  

## ordered_province_in_ezochi
ai_is_regional_objective_subjugate_target = {  
	any_scope_regional_objective = {  
		type = aro:ai_regional_objective_subjugate_country  
		is_completed = no  
		region = {  
			root = {  
				"root.variable_map(aro_subjugate_country_map|prev)" ?= { this = $TARGET$ }  
			}  
		}  
	}  
}
**Supported Scopes**: none  
**Supported Targets**: province  

## ordered_province_in_finland_old
ai_is_regional_objective_subjugate_target = {  
	any_scope_regional_objective = {  
		type = aro:ai_regional_objective_subjugate_country  
		is_completed = no  
		region = {  
			root = {  
				"root.variable_map(aro_subjugate_country_map|prev)" ?= { this = $TARGET$ }  
			}  
		}  
	}  
}
**Supported Scopes**: none  
**Supported Targets**: province  

## ordered_province_in_france
ai_is_regional_objective_protect_target = {  
	any_scope_regional_objective = {  
		type = aro:ai_regional_objective_protect_country  
		is_completed = no  
		region = {  
			root = {  
				"root.variable_map(aro_protect_country_map|prev)" ?= { this = $TARGET$ }  
			}  
		}  
	}  
}
**Supported Scopes**: none  
**Supported Targets**: province  

## ordered_province_in_france_old
has_treaty_defensive_pact_with = {  
	custom_description = {  
		text = has_treaty_defensive_pact_with_trigger  
		subject = this # Country  
		object = $TARGET$ # Country  
  
		any_scope_treaty = {  
			binds = $TARGET$  
			any_scope_article = {  
				has_type = defensive_pact  
			}  
		}  
	}  
}
**Supported Scopes**: none  
**Supported Targets**: province  

## ordered_province_in_french_natural_borders
ai_country_is_valid_colonization_target = {  
	OR = {  
		is_country_type = unrecognized  
		is_country_type = decentralized # Could be useful for the rare cases this is used outside of AI strategies  
	}  
	OR = {  
		is_subject = no  
		top_overlord ?= {  
			is_country_type = unrecognized  
		}  
	}  
}
**Supported Scopes**: none  
**Supported Targets**: province  

## ordered_province_in_german_confederation
ai_is_regional_objective_subjugate_target = {  
	any_scope_regional_objective = {  
		type = aro:ai_regional_objective_subjugate_country  
		is_completed = no  
		region = {  
			root = {  
				"root.variable_map(aro_subjugate_country_map|prev)" ?= { this = $TARGET$ }  
			}  
		}  
	}  
}
**Supported Scopes**: none  
**Supported Targets**: province  

## ordered_province_in_gran_colombia
ai_country_is_valid_colonization_target = {  
	OR = {  
		is_country_type = unrecognized  
		is_country_type = decentralized # Could be useful for the rare cases this is used outside of AI strategies  
	}  
	OR = {  
		is_subject = no  
		top_overlord ?= {  
			is_country_type = unrecognized  
		}  
	}  
}
**Supported Scopes**: none  
**Supported Targets**: province  

## ordered_province_in_great_game_region
ai_is_regional_objective_protect_target = {  
	any_scope_regional_objective = {  
		type = aro:ai_regional_objective_protect_country  
		is_completed = no  
		region = {  
			root = {  
				"root.variable_map(aro_protect_country_map|prev)" ?= { this = $TARGET$ }  
			}  
		}  
	}  
}
**Supported Scopes**: none  
**Supported Targets**: province  

## ordered_province_in_great_plains
ai_is_regional_objective_subjugate_target = {  
	any_scope_regional_objective = {  
		type = aro:ai_regional_objective_subjugate_country  
		is_completed = no  
		region = {  
			root = {  
				"root.variable_map(aro_subjugate_country_map|prev)" ?= { this = $TARGET$ }  
			}  
		}  
	}  
}
**Supported Scopes**: none  
**Supported Targets**: province  

## ordered_province_in_great_plains_old
ai_is_regional_objective_protect_target = {  
	any_scope_regional_objective = {  
		type = aro:ai_regional_objective_protect_country  
		is_completed = no  
		region = {  
			root = {  
				"root.variable_map(aro_protect_country_map|prev)" ?= { this = $TARGET$ }  
			}  
		}  
	}  
}
**Supported Scopes**: none  
**Supported Targets**: province  

## ordered_province_in_great_rift_valley
has_treaty_defensive_pact_with = {  
	custom_description = {  
		text = has_treaty_defensive_pact_with_trigger  
		subject = this # Country  
		object = $TARGET$ # Country  
  
		any_scope_treaty = {  
			binds = $TARGET$  
			any_scope_article = {  
				has_type = defensive_pact  
			}  
		}  
	}  
}
**Supported Scopes**: none  
**Supported Targets**: province  

## ordered_province_in_greater_afghanistan
ai_country_is_valid_colonization_target = {  
	OR = {  
		is_country_type = unrecognized  
		is_country_type = decentralized # Could be useful for the rare cases this is used outside of AI strategies  
	}  
	OR = {  
		is_subject = no  
		top_overlord ?= {  
			is_country_type = unrecognized  
		}  
	}  
}
**Supported Scopes**: none  
**Supported Targets**: province  

## ordered_province_in_greater_bulgaria
has_treaty_defensive_pact_with = {  
	custom_description = {  
		text = has_treaty_defensive_pact_with_trigger  
		subject = this # Country  
		object = $TARGET$ # Country  
  
		any_scope_treaty = {  
			binds = $TARGET$  
			any_scope_article = {  
				has_type = defensive_pact  
			}  
		}  
	}  
}
**Supported Scopes**: none  
**Supported Targets**: province  

## ordered_province_in_greater_canada
ai_is_regional_objective_protect_target = {  
	any_scope_regional_objective = {  
		type = aro:ai_regional_objective_protect_country  
		is_completed = no  
		region = {  
			root = {  
				"root.variable_map(aro_protect_country_map|prev)" ?= { this = $TARGET$ }  
			}  
		}  
	}  
}
**Supported Scopes**: none  
**Supported Targets**: province  

## ordered_province_in_greater_croatia
ai_is_regional_objective_protect_target = {  
	any_scope_regional_objective = {  
		type = aro:ai_regional_objective_protect_country  
		is_completed = no  
		region = {  
			root = {  
				"root.variable_map(aro_protect_country_map|prev)" ?= { this = $TARGET$ }  
			}  
		}  
	}  
}
**Supported Scopes**: none  
**Supported Targets**: province  

## ordered_province_in_greater_germany
ai_is_regional_objective_protect_target = {  
	any_scope_regional_objective = {  
		type = aro:ai_regional_objective_protect_country  
		is_completed = no  
		region = {  
			root = {  
				"root.variable_map(aro_protect_country_map|prev)" ?= { this = $TARGET$ }  
			}  
		}  
	}  
}
**Supported Scopes**: none  
**Supported Targets**: province  

## ordered_province_in_greater_khorasan
ai_is_regional_objective_protect_target = {  
	any_scope_regional_objective = {  
		type = aro:ai_regional_objective_protect_country  
		is_completed = no  
		region = {  
			root = {  
				"root.variable_map(aro_protect_country_map|prev)" ?= { this = $TARGET$ }  
			}  
		}  
	}  
}
**Supported Scopes**: none  
**Supported Targets**: province  

## ordered_province_in_greater_persia
ai_is_regional_objective_subjugate_target = {  
	any_scope_regional_objective = {  
		type = aro:ai_regional_objective_subjugate_country  
		is_completed = no  
		region = {  
			root = {  
				"root.variable_map(aro_subjugate_country_map|prev)" ?= { this = $TARGET$ }  
			}  
		}  
	}  
}
**Supported Scopes**: none  
**Supported Targets**: province  

## ordered_province_in_greater_romania
ai_country_is_valid_colonization_target = {  
	OR = {  
		is_country_type = unrecognized  
		is_country_type = decentralized # Could be useful for the rare cases this is used outside of AI strategies  
	}  
	OR = {  
		is_subject = no  
		top_overlord ?= {  
			is_country_type = unrecognized  
		}  
	}  
}
**Supported Scopes**: none  
**Supported Targets**: province  

## ordered_province_in_gujarat_bombay_line
ai_country_is_valid_colonization_target = {  
	OR = {  
		is_country_type = unrecognized  
		is_country_type = decentralized # Could be useful for the rare cases this is used outside of AI strategies  
	}  
	OR = {  
		is_subject = no  
		top_overlord ?= {  
			is_country_type = unrecognized  
		}  
	}  
}
**Supported Scopes**: none  
**Supported Targets**: province  

## ordered_province_in_han_homelands
ai_country_is_valid_colonization_target = {  
	OR = {  
		is_country_type = unrecognized  
		is_country_type = decentralized # Could be useful for the rare cases this is used outside of AI strategies  
	}  
	OR = {  
		is_subject = no  
		top_overlord ?= {  
			is_country_type = unrecognized  
		}  
	}  
}
**Supported Scopes**: none  
**Supported Targets**: province  

## ordered_province_in_himalayas
ai_is_regional_objective_protect_target = {  
	any_scope_regional_objective = {  
		type = aro:ai_regional_objective_protect_country  
		is_completed = no  
		region = {  
			root = {  
				"root.variable_map(aro_protect_country_map|prev)" ?= { this = $TARGET$ }  
			}  
		}  
	}  
}
**Supported Scopes**: none  
**Supported Targets**: province  

## ordered_province_in_himalayas_old
has_treaty_defensive_pact_with = {  
	custom_description = {  
		text = has_treaty_defensive_pact_with_trigger  
		subject = this # Country  
		object = $TARGET$ # Country  
  
		any_scope_treaty = {  
			binds = $TARGET$  
			any_scope_article = {  
				has_type = defensive_pact  
			}  
		}  
	}  
}
**Supported Scopes**: none  
**Supported Targets**: province  

## ordered_province_in_historic_byzantium
ai_country_is_valid_colonization_target = {  
	OR = {  
		is_country_type = unrecognized  
		is_country_type = decentralized # Could be useful for the rare cases this is used outside of AI strategies  
	}  
	OR = {  
		is_subject = no  
		top_overlord ?= {  
			is_country_type = unrecognized  
		}  
	}  
}
**Supported Scopes**: none  
**Supported Targets**: province  

## ordered_province_in_home_islands
ai_is_regional_objective_protect_target = {  
	any_scope_regional_objective = {  
		type = aro:ai_regional_objective_protect_country  
		is_completed = no  
		region = {  
			root = {  
				"root.variable_map(aro_protect_country_map|prev)" ?= { this = $TARGET$ }  
			}  
		}  
	}  
}
**Supported Scopes**: none  
**Supported Targets**: province  

## ordered_province_in_honshu
ai_is_regional_objective_subjugate_target = {  
	any_scope_regional_objective = {  
		type = aro:ai_regional_objective_subjugate_country  
		is_completed = no  
		region = {  
			root = {  
				"root.variable_map(aro_subjugate_country_map|prev)" ?= { this = $TARGET$ }  
			}  
		}  
	}  
}
**Supported Scopes**: none  
**Supported Targets**: province  

## ordered_province_in_hungary
ai_is_regional_objective_subjugate_target = {  
	any_scope_regional_objective = {  
		type = aro:ai_regional_objective_subjugate_country  
		is_completed = no  
		region = {  
			root = {  
				"root.variable_map(aro_subjugate_country_map|prev)" ?= { this = $TARGET$ }  
			}  
		}  
	}  
}
**Supported Scopes**: none  
**Supported Targets**: province  

## ordered_province_in_iberia_old
ai_is_regional_objective_subjugate_target = {  
	any_scope_regional_objective = {  
		type = aro:ai_regional_objective_subjugate_country  
		is_completed = no  
		region = {  
			root = {  
				"root.variable_map(aro_subjugate_country_map|prev)" ?= { this = $TARGET$ }  
			}  
		}  
	}  
}
**Supported Scopes**: none  
**Supported Targets**: province  

## ordered_province_in_iceland
ai_is_regional_objective_protect_target = {  
	any_scope_regional_objective = {  
		type = aro:ai_regional_objective_protect_country  
		is_completed = no  
		region = {  
			root = {  
				"root.variable_map(aro_protect_country_map|prev)" ?= { this = $TARGET$ }  
			}  
		}  
	}  
}
**Supported Scopes**: none  
**Supported Targets**: province  

## ordered_province_in_india
ai_is_regional_objective_subjugate_target = {  
	any_scope_regional_objective = {  
		type = aro:ai_regional_objective_subjugate_country  
		is_completed = no  
		region = {  
			root = {  
				"root.variable_map(aro_subjugate_country_map|prev)" ?= { this = $TARGET$ }  
			}  
		}  
	}  
}
**Supported Scopes**: none  
**Supported Targets**: province  

## ordered_province_in_indian_frontier
has_treaty_defensive_pact_with = {  
	custom_description = {  
		text = has_treaty_defensive_pact_with_trigger  
		subject = this # Country  
		object = $TARGET$ # Country  
  
		any_scope_treaty = {  
			binds = $TARGET$  
			any_scope_article = {  
				has_type = defensive_pact  
			}  
		}  
	}  
}
**Supported Scopes**: none  
**Supported Targets**: province  

## ordered_province_in_indochina
ai_is_regional_objective_subjugate_target = {  
	any_scope_regional_objective = {  
		type = aro:ai_regional_objective_subjugate_country  
		is_completed = no  
		region = {  
			root = {  
				"root.variable_map(aro_subjugate_country_map|prev)" ?= { this = $TARGET$ }  
			}  
		}  
	}  
}
**Supported Scopes**: none  
**Supported Targets**: province  

## ordered_province_in_indonesia
ai_is_regional_objective_subjugate_target = {  
	any_scope_regional_objective = {  
		type = aro:ai_regional_objective_subjugate_country  
		is_completed = no  
		region = {  
			root = {  
				"root.variable_map(aro_subjugate_country_map|prev)" ?= { this = $TARGET$ }  
			}  
		}  
	}  
}
**Supported Scopes**: none  
**Supported Targets**: province  

## ordered_province_in_italy_old
ai_is_regional_objective_protect_target = {  
	any_scope_regional_objective = {  
		type = aro:ai_regional_objective_protect_country  
		is_completed = no  
		region = {  
			root = {  
				"root.variable_map(aro_protect_country_map|prev)" ?= { this = $TARGET$ }  
			}  
		}  
	}  
}
**Supported Scopes**: none  
**Supported Targets**: province  

## ordered_province_in_japan
has_treaty_defensive_pact_with = {  
	custom_description = {  
		text = has_treaty_defensive_pact_with_trigger  
		subject = this # Country  
		object = $TARGET$ # Country  
  
		any_scope_treaty = {  
			binds = $TARGET$  
			any_scope_article = {  
				has_type = defensive_pact  
			}  
		}  
	}  
}
**Supported Scopes**: none  
**Supported Targets**: province  

## ordered_province_in_japan_old
ai_country_is_valid_colonization_target = {  
	OR = {  
		is_country_type = unrecognized  
		is_country_type = decentralized # Could be useful for the rare cases this is used outside of AI strategies  
	}  
	OR = {  
		is_subject = no  
		top_overlord ?= {  
			is_country_type = unrecognized  
		}  
	}  
}
**Supported Scopes**: none  
**Supported Targets**: province  

## ordered_province_in_korea
ai_is_regional_objective_protect_target = {  
	any_scope_regional_objective = {  
		type = aro:ai_regional_objective_protect_country  
		is_completed = no  
		region = {  
			root = {  
				"root.variable_map(aro_protect_country_map|prev)" ?= { this = $TARGET$ }  
			}  
		}  
	}  
}
**Supported Scopes**: none  
**Supported Targets**: province  

## ordered_province_in_krakatoa_tsunami_zone
has_treaty_defensive_pact_with = {  
	custom_description = {  
		text = has_treaty_defensive_pact_with_trigger  
		subject = this # Country  
		object = $TARGET$ # Country  
  
		any_scope_treaty = {  
			binds = $TARGET$  
			any_scope_article = {  
				has_type = defensive_pact  
			}  
		}  
	}  
}
**Supported Scopes**: none  
**Supported Targets**: province  

## ordered_province_in_la_plata
ai_is_regional_objective_protect_target = {  
	any_scope_regional_objective = {  
		type = aro:ai_regional_objective_protect_country  
		is_completed = no  
		region = {  
			root = {  
				"root.variable_map(aro_protect_country_map|prev)" ?= { this = $TARGET$ }  
			}  
		}  
	}  
}
**Supported Scopes**: none  
**Supported Targets**: province  

## ordered_province_in_latin_america
ai_is_regional_objective_protect_target = {  
	any_scope_regional_objective = {  
		type = aro:ai_regional_objective_protect_country  
		is_completed = no  
		region = {  
			root = {  
				"root.variable_map(aro_protect_country_map|prev)" ?= { this = $TARGET$ }  
			}  
		}  
	}  
}
**Supported Scopes**: none  
**Supported Targets**: province  

## ordered_province_in_lesser_germany
ai_country_is_valid_colonization_target = {  
	OR = {  
		is_country_type = unrecognized  
		is_country_type = decentralized # Could be useful for the rare cases this is used outside of AI strategies  
	}  
	OR = {  
		is_subject = no  
		top_overlord ?= {  
			is_country_type = unrecognized  
		}  
	}  
}
**Supported Scopes**: none  
**Supported Targets**: province  

## ordered_province_in_madras_old
ai_country_is_valid_colonization_target = {  
	OR = {  
		is_country_type = unrecognized  
		is_country_type = decentralized # Could be useful for the rare cases this is used outside of AI strategies  
	}  
	OR = {  
		is_subject = no  
		top_overlord ?= {  
			is_country_type = unrecognized  
		}  
	}  
}
**Supported Scopes**: none  
**Supported Targets**: province  

## ordered_province_in_manchuria_old
has_treaty_defensive_pact_with = {  
	custom_description = {  
		text = has_treaty_defensive_pact_with_trigger  
		subject = this # Country  
		object = $TARGET$ # Country  
  
		any_scope_treaty = {  
			binds = $TARGET$  
			any_scope_article = {  
				has_type = defensive_pact  
			}  
		}  
	}  
}
**Supported Scopes**: none  
**Supported Targets**: province  

## ordered_province_in_megali_greece
has_treaty_defensive_pact_with = {  
	custom_description = {  
		text = has_treaty_defensive_pact_with_trigger  
		subject = this # Country  
		object = $TARGET$ # Country  
  
		any_scope_treaty = {  
			binds = $TARGET$  
			any_scope_article = {  
				has_type = defensive_pact  
			}  
		}  
	}  
}
**Supported Scopes**: none  
**Supported Targets**: province  

## ordered_province_in_mexico_old
has_treaty_defensive_pact_with = {  
	custom_description = {  
		text = has_treaty_defensive_pact_with_trigger  
		subject = this # Country  
		object = $TARGET$ # Country  
  
		any_scope_treaty = {  
			binds = $TARGET$  
			any_scope_article = {  
				has_type = defensive_pact  
			}  
		}  
	}  
}
**Supported Scopes**: none  
**Supported Targets**: province  

## ordered_province_in_middle_east
ai_is_regional_objective_subjugate_target = {  
	any_scope_regional_objective = {  
		type = aro:ai_regional_objective_subjugate_country  
		is_completed = no  
		region = {  
			root = {  
				"root.variable_map(aro_subjugate_country_map|prev)" ?= { this = $TARGET$ }  
			}  
		}  
	}  
}
**Supported Scopes**: none  
**Supported Targets**: province  

## ordered_province_in_mozambique
ai_is_regional_objective_protect_target = {  
	any_scope_regional_objective = {  
		type = aro:ai_regional_objective_protect_country  
		is_completed = no  
		region = {  
			root = {  
				"root.variable_map(aro_protect_country_map|prev)" ?= { this = $TARGET$ }  
			}  
		}  
	}  
}
**Supported Scopes**: none  
**Supported Targets**: province  

## ordered_province_in_near_east
has_treaty_defensive_pact_with = {  
	custom_description = {  
		text = has_treaty_defensive_pact_with_trigger  
		subject = this # Country  
		object = $TARGET$ # Country  
  
		any_scope_treaty = {  
			binds = $TARGET$  
			any_scope_article = {  
				has_type = defensive_pact  
			}  
		}  
	}  
}
**Supported Scopes**: none  
**Supported Targets**: province  

## ordered_province_in_new_england_old
has_treaty_defensive_pact_with = {  
	custom_description = {  
		text = has_treaty_defensive_pact_with_trigger  
		subject = this # Country  
		object = $TARGET$ # Country  
  
		any_scope_treaty = {  
			binds = $TARGET$  
			any_scope_article = {  
				has_type = defensive_pact  
			}  
		}  
	}  
}
**Supported Scopes**: none  
**Supported Targets**: province  

## ordered_province_in_new_world
ai_is_regional_objective_protect_target = {  
	any_scope_regional_objective = {  
		type = aro:ai_regional_objective_protect_country  
		is_completed = no  
		region = {  
			root = {  
				"root.variable_map(aro_protect_country_map|prev)" ?= { this = $TARGET$ }  
			}  
		}  
	}  
}
**Supported Scopes**: none  
**Supported Targets**: province  

## ordered_province_in_new_zealand
ai_country_is_valid_colonization_target = {  
	OR = {  
		is_country_type = unrecognized  
		is_country_type = decentralized # Could be useful for the rare cases this is used outside of AI strategies  
	}  
	OR = {  
		is_subject = no  
		top_overlord ?= {  
			is_country_type = unrecognized  
		}  
	}  
}
**Supported Scopes**: none  
**Supported Targets**: province  

## ordered_province_in_niger_old
ai_country_is_valid_colonization_target = {  
	OR = {  
		is_country_type = unrecognized  
		is_country_type = decentralized # Could be useful for the rare cases this is used outside of AI strategies  
	}  
	OR = {  
		is_subject = no  
		top_overlord ?= {  
			is_country_type = unrecognized  
		}  
	}  
}
**Supported Scopes**: none  
**Supported Targets**: province  

## ordered_province_in_nile_basin
has_treaty_defensive_pact_with = {  
	custom_description = {  
		text = has_treaty_defensive_pact_with_trigger  
		subject = this # Country  
		object = $TARGET$ # Country  
  
		any_scope_treaty = {  
			binds = $TARGET$  
			any_scope_article = {  
				has_type = defensive_pact  
			}  
		}  
	}  
}
**Supported Scopes**: none  
**Supported Targets**: province  

## ordered_province_in_north_africa
ai_country_is_valid_colonization_target = {  
	OR = {  
		is_country_type = unrecognized  
		is_country_type = decentralized # Could be useful for the rare cases this is used outside of AI strategies  
	}  
	OR = {  
		is_subject = no  
		top_overlord ?= {  
			is_country_type = unrecognized  
		}  
	}  
}
**Supported Scopes**: none  
**Supported Targets**: province  

## ordered_province_in_north_africa_egypt
has_treaty_defensive_pact_with = {  
	custom_description = {  
		text = has_treaty_defensive_pact_with_trigger  
		subject = this # Country  
		object = $TARGET$ # Country  
  
		any_scope_treaty = {  
			binds = $TARGET$  
			any_scope_article = {  
				has_type = defensive_pact  
			}  
		}  
	}  
}
**Supported Scopes**: none  
**Supported Targets**: province  

## ordered_province_in_north_africa_old
ai_is_regional_objective_protect_target = {  
	any_scope_regional_objective = {  
		type = aro:ai_regional_objective_protect_country  
		is_completed = no  
		region = {  
			root = {  
				"root.variable_map(aro_protect_country_map|prev)" ?= { this = $TARGET$ }  
			}  
		}  
	}  
}
**Supported Scopes**: none  
**Supported Targets**: province  

## ordered_province_in_north_america
ai_is_regional_objective_subjugate_target = {  
	any_scope_regional_objective = {  
		type = aro:ai_regional_objective_subjugate_country  
		is_completed = no  
		region = {  
			root = {  
				"root.variable_map(aro_subjugate_country_map|prev)" ?= { this = $TARGET$ }  
			}  
		}  
	}  
}
**Supported Scopes**: none  
**Supported Targets**: province  

## ordered_province_in_north_andes
ai_country_is_valid_colonization_target = {  
	OR = {  
		is_country_type = unrecognized  
		is_country_type = decentralized # Could be useful for the rare cases this is used outside of AI strategies  
	}  
	OR = {  
		is_subject = no  
		top_overlord ?= {  
			is_country_type = unrecognized  
		}  
	}  
}
**Supported Scopes**: none  
**Supported Targets**: province  

## ordered_province_in_north_china
ai_country_is_valid_colonization_target = {  
	OR = {  
		is_country_type = unrecognized  
		is_country_type = decentralized # Could be useful for the rare cases this is used outside of AI strategies  
	}  
	OR = {  
		is_subject = no  
		top_overlord ?= {  
			is_country_type = unrecognized  
		}  
	}  
}
**Supported Scopes**: none  
**Supported Targets**: province  

## ordered_province_in_north_germany_old
has_treaty_defensive_pact_with = {  
	custom_description = {  
		text = has_treaty_defensive_pact_with_trigger  
		subject = this # Country  
		object = $TARGET$ # Country  
  
		any_scope_treaty = {  
			binds = $TARGET$  
			any_scope_article = {  
				has_type = defensive_pact  
			}  
		}  
	}  
}
**Supported Scopes**: none  
**Supported Targets**: province  

## ordered_province_in_north_india
ai_is_regional_objective_protect_target = {  
	any_scope_regional_objective = {  
		type = aro:ai_regional_objective_protect_country  
		is_completed = no  
		region = {  
			root = {  
				"root.variable_map(aro_protect_country_map|prev)" ?= { this = $TARGET$ }  
			}  
		}  
	}  
}
**Supported Scopes**: none  
**Supported Targets**: province  

## ordered_province_in_north_sea_old
ai_is_regional_objective_subjugate_target = {  
	any_scope_regional_objective = {  
		type = aro:ai_regional_objective_subjugate_country  
		is_completed = no  
		region = {  
			root = {  
				"root.variable_map(aro_subjugate_country_map|prev)" ?= { this = $TARGET$ }  
			}  
		}  
	}  
}
**Supported Scopes**: none  
**Supported Targets**: province  

## ordered_province_in_northeast_asia
ai_is_regional_objective_protect_target = {  
	any_scope_regional_objective = {  
		type = aro:ai_regional_objective_protect_country  
		is_completed = no  
		region = {  
			root = {  
				"root.variable_map(aro_protect_country_map|prev)" ?= { this = $TARGET$ }  
			}  
		}  
	}  
}
**Supported Scopes**: none  
**Supported Targets**: province  

## ordered_province_in_northern_europe
has_treaty_defensive_pact_with = {  
	custom_description = {  
		text = has_treaty_defensive_pact_with_trigger  
		subject = this # Country  
		object = $TARGET$ # Country  
  
		any_scope_treaty = {  
			binds = $TARGET$  
			any_scope_article = {  
				has_type = defensive_pact  
			}  
		}  
	}  
}
**Supported Scopes**: none  
**Supported Targets**: province  

## ordered_province_in_northern_mexico
ai_country_is_valid_colonization_target = {  
	OR = {  
		is_country_type = unrecognized  
		is_country_type = decentralized # Could be useful for the rare cases this is used outside of AI strategies  
	}  
	OR = {  
		is_subject = no  
		top_overlord ?= {  
			is_country_type = unrecognized  
		}  
	}  
}
**Supported Scopes**: none  
**Supported Targets**: province  

## ordered_province_in_occitania_old
ai_country_is_valid_colonization_target = {  
	OR = {  
		is_country_type = unrecognized  
		is_country_type = decentralized # Could be useful for the rare cases this is used outside of AI strategies  
	}  
	OR = {  
		is_subject = no  
		top_overlord ?= {  
			is_country_type = unrecognized  
		}  
	}  
}
**Supported Scopes**: none  
**Supported Targets**: province  

## ordered_province_in_oceania
ai_country_is_valid_colonization_target = {  
	OR = {  
		is_country_type = unrecognized  
		is_country_type = decentralized # Could be useful for the rare cases this is used outside of AI strategies  
	}  
	OR = {  
		is_subject = no  
		top_overlord ?= {  
			is_country_type = unrecognized  
		}  
	}  
}
**Supported Scopes**: none  
**Supported Targets**: province  

## ordered_province_in_old_world
ai_country_is_valid_colonization_target = {  
	OR = {  
		is_country_type = unrecognized  
		is_country_type = decentralized # Could be useful for the rare cases this is used outside of AI strategies  
	}  
	OR = {  
		is_subject = no  
		top_overlord ?= {  
			is_country_type = unrecognized  
		}  
	}  
}
**Supported Scopes**: none  
**Supported Targets**: province  

## ordered_province_in_pacific_coast
has_treaty_defensive_pact_with = {  
	custom_description = {  
		text = has_treaty_defensive_pact_with_trigger  
		subject = this # Country  
		object = $TARGET$ # Country  
  
		any_scope_treaty = {  
			binds = $TARGET$  
			any_scope_article = {  
				has_type = defensive_pact  
			}  
		}  
	}  
}
**Supported Scopes**: none  
**Supported Targets**: province  

## ordered_province_in_pacific_coast_old
ai_country_is_valid_colonization_target = {  
	OR = {  
		is_country_type = unrecognized  
		is_country_type = decentralized # Could be useful for the rare cases this is used outside of AI strategies  
	}  
	OR = {  
		is_subject = no  
		top_overlord ?= {  
			is_country_type = unrecognized  
		}  
	}  
}
**Supported Scopes**: none  
**Supported Targets**: province  

## ordered_province_in_persia_old
ai_is_regional_objective_subjugate_target = {  
	any_scope_regional_objective = {  
		type = aro:ai_regional_objective_subjugate_country  
		is_completed = no  
		region = {  
			root = {  
				"root.variable_map(aro_subjugate_country_map|prev)" ?= { this = $TARGET$ }  
			}  
		}  
	}  
}
**Supported Scopes**: none  
**Supported Targets**: province  

## ordered_province_in_peru
ai_country_is_valid_colonization_target = {  
	OR = {  
		is_country_type = unrecognized  
		is_country_type = decentralized # Could be useful for the rare cases this is used outside of AI strategies  
	}  
	OR = {  
		is_subject = no  
		top_overlord ?= {  
			is_country_type = unrecognized  
		}  
	}  
}
**Supported Scopes**: none  
**Supported Targets**: province  

## ordered_province_in_philippines
ai_country_is_valid_colonization_target = {  
	OR = {  
		is_country_type = unrecognized  
		is_country_type = decentralized # Could be useful for the rare cases this is used outside of AI strategies  
	}  
	OR = {  
		is_subject = no  
		top_overlord ?= {  
			is_country_type = unrecognized  
		}  
	}  
}
**Supported Scopes**: none  
**Supported Targets**: province  

## ordered_province_in_poland_old
ai_country_is_valid_colonization_target = {  
	OR = {  
		is_country_type = unrecognized  
		is_country_type = decentralized # Could be useful for the rare cases this is used outside of AI strategies  
	}  
	OR = {  
		is_subject = no  
		top_overlord ?= {  
			is_country_type = unrecognized  
		}  
	}  
}
**Supported Scopes**: none  
**Supported Targets**: province  

## ordered_province_in_polar_seas
has_treaty_defensive_pact_with = {  
	custom_description = {  
		text = has_treaty_defensive_pact_with_trigger  
		subject = this # Country  
		object = $TARGET$ # Country  
  
		any_scope_treaty = {  
			binds = $TARGET$  
			any_scope_article = {  
				has_type = defensive_pact  
			}  
		}  
	}  
}
**Supported Scopes**: none  
**Supported Targets**: province  

## ordered_province_in_punjab_old
ai_country_is_valid_colonization_target = {  
	OR = {  
		is_country_type = unrecognized  
		is_country_type = decentralized # Could be useful for the rare cases this is used outside of AI strategies  
	}  
	OR = {  
		is_subject = no  
		top_overlord ?= {  
			is_country_type = unrecognized  
		}  
	}  
}
**Supported Scopes**: none  
**Supported Targets**: province  

## ordered_province_in_rhine_old
ai_is_regional_objective_protect_target = {  
	any_scope_regional_objective = {  
		type = aro:ai_regional_objective_protect_country  
		is_completed = no  
		region = {  
			root = {  
				"root.variable_map(aro_protect_country_map|prev)" ?= { this = $TARGET$ }  
			}  
		}  
	}  
}
**Supported Scopes**: none  
**Supported Targets**: province  

## ordered_province_in_ring_of_fire
ai_is_regional_objective_subjugate_target = {  
	any_scope_regional_objective = {  
		type = aro:ai_regional_objective_subjugate_country  
		is_completed = no  
		region = {  
			root = {  
				"root.variable_map(aro_subjugate_country_map|prev)" ?= { this = $TARGET$ }  
			}  
		}  
	}  
}
**Supported Scopes**: none  
**Supported Targets**: province  

## ordered_province_in_russia
ai_is_regional_objective_subjugate_target = {  
	any_scope_regional_objective = {  
		type = aro:ai_regional_objective_subjugate_country  
		is_completed = no  
		region = {  
			root = {  
				"root.variable_map(aro_subjugate_country_map|prev)" ?= { this = $TARGET$ }  
			}  
		}  
	}  
}
**Supported Scopes**: none  
**Supported Targets**: province  

## ordered_province_in_russia_old
ai_is_regional_objective_protect_target = {  
	any_scope_regional_objective = {  
		type = aro:ai_regional_objective_protect_country  
		is_completed = no  
		region = {  
			root = {  
				"root.variable_map(aro_protect_country_map|prev)" ?= { this = $TARGET$ }  
			}  
		}  
	}  
}
**Supported Scopes**: none  
**Supported Targets**: province  

## ordered_province_in_scandinavia
has_treaty_defensive_pact_with = {  
	custom_description = {  
		text = has_treaty_defensive_pact_with_trigger  
		subject = this # Country  
		object = $TARGET$ # Country  
  
		any_scope_treaty = {  
			binds = $TARGET$  
			any_scope_article = {  
				has_type = defensive_pact  
			}  
		}  
	}  
}
**Supported Scopes**: none  
**Supported Targets**: province  

## ordered_province_in_senegal_old
ai_is_regional_objective_protect_target = {  
	any_scope_regional_objective = {  
		type = aro:ai_regional_objective_protect_country  
		is_completed = no  
		region = {  
			root = {  
				"root.variable_map(aro_protect_country_map|prev)" ?= { this = $TARGET$ }  
			}  
		}  
	}  
}
**Supported Scopes**: none  
**Supported Targets**: province  

## ordered_province_in_siberia
ai_is_regional_objective_protect_target = {  
	any_scope_regional_objective = {  
		type = aro:ai_regional_objective_protect_country  
		is_completed = no  
		region = {  
			root = {  
				"root.variable_map(aro_protect_country_map|prev)" ?= { this = $TARGET$ }  
			}  
		}  
	}  
}
**Supported Scopes**: none  
**Supported Targets**: province  

## ordered_province_in_south_africa
ai_country_is_valid_colonization_target = {  
	OR = {  
		is_country_type = unrecognized  
		is_country_type = decentralized # Could be useful for the rare cases this is used outside of AI strategies  
	}  
	OR = {  
		is_subject = no  
		top_overlord ?= {  
			is_country_type = unrecognized  
		}  
	}  
}
**Supported Scopes**: none  
**Supported Targets**: province  

## ordered_province_in_south_america
ai_is_regional_objective_subjugate_target = {  
	any_scope_regional_objective = {  
		type = aro:ai_regional_objective_subjugate_country  
		is_completed = no  
		region = {  
			root = {  
				"root.variable_map(aro_subjugate_country_map|prev)" ?= { this = $TARGET$ }  
			}  
		}  
	}  
}
**Supported Scopes**: none  
**Supported Targets**: province  

## ordered_province_in_south_china
has_treaty_defensive_pact_with = {  
	custom_description = {  
		text = has_treaty_defensive_pact_with_trigger  
		subject = this # Country  
		object = $TARGET$ # Country  
  
		any_scope_treaty = {  
			binds = $TARGET$  
			any_scope_article = {  
				has_type = defensive_pact  
			}  
		}  
	}  
}
**Supported Scopes**: none  
**Supported Targets**: province  

## ordered_province_in_south_east_asia
ai_country_is_valid_colonization_target = {  
	OR = {  
		is_country_type = unrecognized  
		is_country_type = decentralized # Could be useful for the rare cases this is used outside of AI strategies  
	}  
	OR = {  
		is_subject = no  
		top_overlord ?= {  
			is_country_type = unrecognized  
		}  
	}  
}
**Supported Scopes**: none  
**Supported Targets**: province  

## ordered_province_in_south_germany_old
ai_is_regional_objective_subjugate_target = {  
	any_scope_regional_objective = {  
		type = aro:ai_regional_objective_subjugate_country  
		is_completed = no  
		region = {  
			root = {  
				"root.variable_map(aro_subjugate_country_map|prev)" ?= { this = $TARGET$ }  
			}  
		}  
	}  
}
**Supported Scopes**: none  
**Supported Targets**: province  

## ordered_province_in_south_india
ai_country_is_valid_colonization_target = {  
	OR = {  
		is_country_type = unrecognized  
		is_country_type = decentralized # Could be useful for the rare cases this is used outside of AI strategies  
	}  
	OR = {  
		is_subject = no  
		top_overlord ?= {  
			is_country_type = unrecognized  
		}  
	}  
}
**Supported Scopes**: none  
**Supported Targets**: province  

## ordered_province_in_southern_africa
ai_country_is_valid_colonization_target = {  
	OR = {  
		is_country_type = unrecognized  
		is_country_type = decentralized # Could be useful for the rare cases this is used outside of AI strategies  
	}  
	OR = {  
		is_subject = no  
		top_overlord ?= {  
			is_country_type = unrecognized  
		}  
	}  
}
**Supported Scopes**: none  
**Supported Targets**: province  

## ordered_province_in_southern_africa_old
ai_is_regional_objective_subjugate_target = {  
	any_scope_regional_objective = {  
		type = aro:ai_regional_objective_subjugate_country  
		is_completed = no  
		region = {  
			root = {  
				"root.variable_map(aro_subjugate_country_map|prev)" ?= { this = $TARGET$ }  
			}  
		}  
	}  
}
**Supported Scopes**: none  
**Supported Targets**: province  

## ordered_province_in_southern_cone
has_treaty_defensive_pact_with = {  
	custom_description = {  
		text = has_treaty_defensive_pact_with_trigger  
		subject = this # Country  
		object = $TARGET$ # Country  
  
		any_scope_treaty = {  
			binds = $TARGET$  
			any_scope_article = {  
				has_type = defensive_pact  
			}  
		}  
	}  
}
**Supported Scopes**: none  
**Supported Targets**: province  

## ordered_province_in_southern_europe
ai_is_regional_objective_protect_target = {  
	any_scope_regional_objective = {  
		type = aro:ai_regional_objective_protect_country  
		is_completed = no  
		region = {  
			root = {  
				"root.variable_map(aro_protect_country_map|prev)" ?= { this = $TARGET$ }  
			}  
		}  
	}  
}
**Supported Scopes**: none  
**Supported Targets**: province  

## ordered_province_in_subsaharan_africa
ai_is_regional_objective_subjugate_target = {  
	any_scope_regional_objective = {  
		type = aro:ai_regional_objective_subjugate_country  
		is_completed = no  
		region = {  
			root = {  
				"root.variable_map(aro_subjugate_country_map|prev)" ?= { this = $TARGET$ }  
			}  
		}  
	}  
}
**Supported Scopes**: none  
**Supported Targets**: province  

## ordered_province_in_the_midwest_old
ai_is_regional_objective_protect_target = {  
	any_scope_regional_objective = {  
		type = aro:ai_regional_objective_protect_country  
		is_completed = no  
		region = {  
			root = {  
				"root.variable_map(aro_protect_country_map|prev)" ?= { this = $TARGET$ }  
			}  
		}  
	}  
}
**Supported Scopes**: none  
**Supported Targets**: province  

## ordered_province_in_transoxiana
has_treaty_defensive_pact_with = {  
	custom_description = {  
		text = has_treaty_defensive_pact_with_trigger  
		subject = this # Country  
		object = $TARGET$ # Country  
  
		any_scope_treaty = {  
			binds = $TARGET$  
			any_scope_article = {  
				has_type = defensive_pact  
			}  
		}  
	}  
}
**Supported Scopes**: none  
**Supported Targets**: province  

## ordered_province_in_tropical_seas
ai_country_is_valid_colonization_target = {  
	OR = {  
		is_country_type = unrecognized  
		is_country_type = decentralized # Could be useful for the rare cases this is used outside of AI strategies  
	}  
	OR = {  
		is_subject = no  
		top_overlord ?= {  
			is_country_type = unrecognized  
		}  
	}  
}
**Supported Scopes**: none  
**Supported Targets**: province  

## ordered_province_in_turkestan
ai_is_regional_objective_subjugate_target = {  
	any_scope_regional_objective = {  
		type = aro:ai_regional_objective_subjugate_country  
		is_completed = no  
		region = {  
			root = {  
				"root.variable_map(aro_subjugate_country_map|prev)" ?= { this = $TARGET$ }  
			}  
		}  
	}  
}
**Supported Scopes**: none  
**Supported Targets**: province  

## ordered_province_in_urals_old
has_treaty_defensive_pact_with = {  
	custom_description = {  
		text = has_treaty_defensive_pact_with_trigger  
		subject = this # Country  
		object = $TARGET$ # Country  
  
		any_scope_treaty = {  
			binds = $TARGET$  
			any_scope_article = {  
				has_type = defensive_pact  
			}  
		}  
	}  
}
**Supported Scopes**: none  
**Supported Targets**: province  

## ordered_province_in_west_africa
ai_is_regional_objective_protect_target = {  
	any_scope_regional_objective = {  
		type = aro:ai_regional_objective_protect_country  
		is_completed = no  
		region = {  
			root = {  
				"root.variable_map(aro_protect_country_map|prev)" ?= { this = $TARGET$ }  
			}  
		}  
	}  
}
**Supported Scopes**: none  
**Supported Targets**: province  

## ordered_province_in_west_siberia_old
ai_is_regional_objective_protect_target = {  
	any_scope_regional_objective = {  
		type = aro:ai_regional_objective_protect_country  
		is_completed = no  
		region = {  
			root = {  
				"root.variable_map(aro_protect_country_map|prev)" ?= { this = $TARGET$ }  
			}  
		}  
	}  
}
**Supported Scopes**: none  
**Supported Targets**: province  

## ordered_province_in_western_europe
ai_country_is_valid_colonization_target = {  
	OR = {  
		is_country_type = unrecognized  
		is_country_type = decentralized # Could be useful for the rare cases this is used outside of AI strategies  
	}  
	OR = {  
		is_subject = no  
		top_overlord ?= {  
			is_country_type = unrecognized  
		}  
	}  
}
**Supported Scopes**: none  
**Supported Targets**: province  

## ordered_province_in_wet_process_region
ai_is_regional_objective_protect_target = {  
	any_scope_regional_objective = {  
		type = aro:ai_regional_objective_protect_country  
		is_completed = no  
		region = {  
			root = {  
				"root.variable_map(aro_protect_country_map|prev)" ?= { this = $TARGET$ }  
			}  
		}  
	}  
}
**Supported Scopes**: none  
**Supported Targets**: province  

## ordered_province_in_yugoslavia
ai_is_regional_objective_subjugate_target = {  
	any_scope_regional_objective = {  
		type = aro:ai_regional_objective_subjugate_country  
		is_completed = no  
		region = {  
			root = {  
				"root.variable_map(aro_subjugate_country_map|prev)" ?= { this = $TARGET$ }  
			}  
		}  
	}  
}
**Supported Scopes**: none  
**Supported Targets**: province  

## ordered_province_in_zambezi_basin
ai_country_is_valid_colonization_target = {  
	OR = {  
		is_country_type = unrecognized  
		is_country_type = decentralized # Could be useful for the rare cases this is used outside of AI strategies  
	}  
	OR = {  
		is_subject = no  
		top_overlord ?= {  
			is_country_type = unrecognized  
		}  
	}  
}
**Supported Scopes**: none  
**Supported Targets**: province  

## ordered_province_in_zanj_old
ai_is_regional_objective_subjugate_target = {  
	any_scope_regional_objective = {  
		type = aro:ai_regional_objective_subjugate_country  
		is_completed = no  
		region = {  
			root = {  
				"root.variable_map(aro_subjugate_country_map|prev)" ?= { this = $TARGET$ }  
			}  
		}  
	}  
}
**Supported Scopes**: none  
**Supported Targets**: province  

## ordered_releasable_state
Iterate through the states of the scoped country that would be released to scope:target_country_creation, for country creation war goals  
ordered_releasable_state = {  
limit = { <triggers> }  
order_by = script_value  
position = int  
min = int  
max = script_value  
check_range_bounds = no # If you don't want an error logged if the list is smaller than the min/max  
<effects> }
**Supported Scopes**: country  
**Supported Targets**: state  

## ordered_rival_country
Any country that is being rivaled by the country in a scope  
ordered_rival_country = {  
limit = { <triggers> }  
order_by = script_value  
position = int  
min = int  
max = script_value  
check_range_bounds = no # If you don't want an error logged if the list is smaller than the min/max  
<effects> }
**Supported Scopes**: country  
**Supported Targets**: country  

## ordered_rivaling_country
Any country that is rivaling the country in a scope  
ordered_rivaling_country = {  
limit = { <triggers> }  
order_by = script_value  
position = int  
min = int  
max = script_value  
check_range_bounds = no # If you don't want an error logged if the list is smaller than the min/max  
<effects> }
**Supported Scopes**: country  
**Supported Targets**: country  

## ordered_scope_admiral
Iterate through all admirals in a: country, interestgroup, or military formation  
ordered_scope_admiral = {  
limit = { <triggers> }  
order_by = script_value  
position = int  
min = int  
max = script_value  
check_range_bounds = no # If you don't want an error logged if the list is smaller than the min/max  
<effects> }
**Supported Scopes**: country, front, interest_group, military_formation  
**Supported Targets**: character  

## ordered_scope_ally
Iterate through all allies to a: country  
ordered_scope_ally = {  
limit = { <triggers> }  
order_by = script_value  
position = int  
min = int  
max = script_value  
check_range_bounds = no # If you don't want an error logged if the list is smaller than the min/max  
<effects> }
**Supported Scopes**: country  
**Supported Targets**: country  

## ordered_scope_amendment
Iterate through amendments of the scoped law  
ordered_scope_amendment = {  
limit = { <triggers> }  
order_by = script_value  
position = int  
min = int  
max = script_value  
check_range_bounds = no # If you don't want an error logged if the list is smaller than the min/max  
<effects> }
**Supported Scopes**: law  
**Supported Targets**: amendment  

## ordered_scope_army
Iterate through all armies currently present at input scope  
Supported scopes: country, front, hq  
ordered_scope_army = {  
limit = { <triggers> }  
order_by = script_value  
position = int  
min = int  
max = script_value  
check_range_bounds = no # If you don't want an error logged if the list is smaller than the min/max  
<effects> }
**Supported Scopes**: country, front, hq  
**Supported Targets**: military_formation  

## ordered_scope_article
Iterate through articles of the scoped treaty  
ordered_scope_article = {  
limit = { <triggers> }  
order_by = script_value  
position = int  
min = int  
max = script_value  
check_range_bounds = no # If you don't want an error logged if the list is smaller than the min/max  
<effects> }
**Supported Scopes**: treaty  
**Supported Targets**: treaty_article  

## ordered_scope_article_option
Iterate through article_options of the scoped treaty or treaty_options  
ordered_scope_article_option = {  
limit = { <triggers> }  
order_by = script_value  
position = int  
min = int  
max = script_value  
check_range_bounds = no # If you don't want an error logged if the list is smaller than the min/max  
<effects> }
**Supported Scopes**: treaty_options, treaty  
**Supported Targets**: treaty_article_options  

## ordered_scope_building
Iterate through all buildings in a: state, country  
ordered_scope_building = {  
limit = { <triggers> }  
order_by = script_value  
position = int  
min = int  
max = script_value  
check_range_bounds = no # If you don't want an error logged if the list is smaller than the min/max  
<effects> }
**Supported Scopes**: country, state  
**Supported Targets**: building  

## ordered_scope_character
Iterate through all characters in a: country, interestgroup, or front  
ordered_scope_character = {  
limit = { <triggers> }  
order_by = script_value  
position = int  
min = int  
max = script_value  
check_range_bounds = no # If you don't want an error logged if the list is smaller than the min/max  
<effects> }
**Supported Scopes**: country, front, interest_group, military_formation  
**Supported Targets**: character  

## ordered_scope_country
Iterate through all countries with a presence in the supported scope (currently: market, strategic region)  
ordered_scope_country = {  
limit = { <triggers> }  
order_by = script_value  
position = int  
min = int  
max = script_value  
check_range_bounds = no # If you don't want an error logged if the list is smaller than the min/max  
<effects> }
**Supported Scopes**: market, state_region, strategic_region  
**Supported Targets**: country  

## ordered_scope_culture
Iterate through all cultures in the scope  
ordered_scope_culture = {  
limit = { <triggers> }  
order_by = script_value  
position = int  
min = int  
max = script_value  
check_range_bounds = no # If you don't want an error logged if the list is smaller than the min/max  
<effects> }
**Supported Scopes**: country, state  
**Supported Targets**: culture  

## ordered_scope_diplomatic_pact
Any diplomatic pact of the country in a scope  
ordered_scope_diplomatic_pact = {  
limit = { <triggers> }  
order_by = script_value  
position = int  
min = int  
max = script_value  
check_range_bounds = no # If you don't want an error logged if the list is smaller than the min/max  
<effects> }
**Supported Scopes**: country  
**Supported Targets**: diplomatic_pact  

## ordered_scope_fleet
Iterate through all fleets currently present at input scope  
Supported scopes: country, hq  
ordered_scope_fleet = {  
limit = { <triggers> }  
order_by = script_value  
position = int  
min = int  
max = script_value  
check_range_bounds = no # If you don't want an error logged if the list is smaller than the min/max  
<effects> }
**Supported Scopes**: country, hq  
**Supported Targets**: military_formation  

## ordered_scope_front
Iterate through all Fronts related to the scoped War  
ordered_scope_front = {  
limit = { <triggers> }  
order_by = script_value  
position = int  
min = int  
max = script_value  
check_range_bounds = no # If you don't want an error logged if the list is smaller than the min/max  
<effects> }
**Supported Scopes**: war  
**Supported Targets**: front  

## ordered_scope_general
Iterate through all generals in a: country, interestgroup, front, or military formation  
ordered_scope_general = {  
limit = { <triggers> }  
order_by = script_value  
position = int  
min = int  
max = script_value  
check_range_bounds = no # If you don't want an error logged if the list is smaller than the min/max  
<effects> }
**Supported Scopes**: country, front, interest_group, military_formation  
**Supported Targets**: character  

## ordered_scope_held_interest_marker
Iterate through all interest markers held by a country  
ordered_scope_held_interest_marker = {  
limit = { <triggers> }  
order_by = script_value  
position = int  
min = int  
max = script_value  
check_range_bounds = no # If you don't want an error logged if the list is smaller than the min/max  
<effects> }
**Supported Scopes**: country  
**Supported Targets**: interest_marker  

## ordered_scope_homeland_state
Iterate through all states that are a homeland for the scoped culture, or a homeland of any primary culture of the scoped country  
ordered_scope_homeland_state = {  
limit = { <triggers> }  
order_by = script_value  
position = int  
min = int  
max = script_value  
check_range_bounds = no # If you don't want an error logged if the list is smaller than the min/max  
<effects> }
**Supported Scopes**: country, culture  
**Supported Targets**: state  

## ordered_scope_initiator_ally
Iterate through all allies to an initiator in a: diplomatic play  
ordered_scope_initiator_ally = {  
limit = { <triggers> }  
order_by = script_value  
position = int  
min = int  
max = script_value  
check_range_bounds = no # If you don't want an error logged if the list is smaller than the min/max  
<effects> }
**Supported Scopes**: diplomatic_play  
**Supported Targets**: country  

## ordered_scope_interest_marker
Iterate through all interest markers in a: country, strategic region, state region  
ordered_scope_interest_marker = {  
limit = { <triggers> }  
order_by = script_value  
position = int  
min = int  
max = script_value  
check_range_bounds = no # If you don't want an error logged if the list is smaller than the min/max  
<effects> }
**Supported Scopes**: country, state_region, strategic_region  
**Supported Targets**: interest_marker  

## ordered_scope_je_involved
Iterate through all involved in a journal entry  
ordered_scope_je_involved = {  
limit = { <triggers> }  
order_by = script_value  
position = int  
min = int  
max = script_value  
check_range_bounds = no # If you don't want an error logged if the list is smaller than the min/max  
<effects> }
**Supported Scopes**: journal_entry  
**Supported Targets**: country  

## ordered_scope_play_involved
Iterate through all involved in a: diplomatic play  
ordered_scope_play_involved = {  
limit = { <triggers> }  
order_by = script_value  
position = int  
min = int  
max = script_value  
check_range_bounds = no # If you don't want an error logged if the list is smaller than the min/max  
<effects> }
**Supported Scopes**: diplomatic_play  
**Supported Targets**: country  

## ordered_scope_politician
Iterate through all politicians in a: country or interestgroup  
ordered_scope_politician = {  
limit = { <triggers> }  
order_by = script_value  
position = int  
min = int  
max = script_value  
check_range_bounds = no # If you don't want an error logged if the list is smaller than the min/max  
<effects> }
**Supported Scopes**: country, front, interest_group, military_formation  
**Supported Targets**: character  

## ordered_scope_pop
Iterate through all pops in a: country, state, interest group, culture  
ordered_scope_pop = {  
limit = { <triggers> }  
order_by = script_value  
position = int  
min = int  
max = script_value  
check_range_bounds = no # If you don't want an error logged if the list is smaller than the min/max  
<effects> }
**Supported Scopes**: country, culture, interest_group, state  
**Supported Targets**: pop  

## ordered_scope_regional_hqs
Iterate through regional HQs of the scoped company  
ordered_scope_regional_hqs = {  
limit = { <triggers> }  
order_by = script_value  
position = int  
min = int  
max = script_value  
check_range_bounds = no # If you don't want an error logged if the list is smaller than the min/max  
<effects> }
**Supported Scopes**: company  
**Supported Targets**: building  

## ordered_scope_regional_objective
Iterate through the AI regional objectives of the scoped country, or the ones held in the scoped strategic region  
ordered_scope_regional_objective = {  
limit = { <triggers> }  
order_by = script_value  
position = int  
min = int  
max = script_value  
check_range_bounds = no # If you don't want an error logged if the list is smaller than the min/max  
<effects> }
**Supported Scopes**: country, strategic_region  
**Supported Targets**: ai_regional_objective  

## ordered_scope_ship
Iterate through all ships in a country or military formation  
ordered_scope_ship = {  
limit = { <triggers> }  
order_by = script_value  
position = int  
min = int  
max = script_value  
check_range_bounds = no # If you don't want an error logged if the list is smaller than the min/max  
<effects> }
**Supported Scopes**: country, military_formation  
**Supported Targets**: ship  

## ordered_scope_state
Iterate through all states including provinces from a: country, state_region, theater, front, or strait  
ordered_scope_state = {  
limit = { <triggers> }  
order_by = script_value  
position = int  
min = int  
max = script_value  
check_range_bounds = no # If you don't want an error logged if the list is smaller than the min/max  
<effects> }
**Supported Scopes**: country, front, state_region, strait, strategic_region, theater  
**Supported Targets**: state  

## ordered_scope_strait
Iterate through all straits with a land endpoint in the scoped state or country  
ordered_scope_strait = {  
limit = { <triggers> }  
order_by = script_value  
position = int  
min = int  
max = script_value  
check_range_bounds = no # If you don't want an error logged if the list is smaller than the min/max  
<effects> }
**Supported Scopes**: country, state  
**Supported Targets**: strait  

## ordered_scope_target_ally
Iterate through all allies to a target in a: diplomatic play  
ordered_scope_target_ally = {  
limit = { <triggers> }  
order_by = script_value  
position = int  
min = int  
max = script_value  
check_range_bounds = no # If you don't want an error logged if the list is smaller than the min/max  
<effects> }
**Supported Scopes**: diplomatic_play  
**Supported Targets**: country  

## ordered_scope_theater
Iterate through all theaters in a: country  
ordered_scope_theater = {  
limit = { <triggers> }  
order_by = script_value  
position = int  
min = int  
max = script_value  
check_range_bounds = no # If you don't want an error logged if the list is smaller than the min/max  
<effects> }
**Supported Scopes**: country  
**Supported Targets**: theater  

## ordered_scope_treaty
Iterate through in force treaties binding the scoped country  
ordered_scope_treaty = {  
limit = { <triggers> }  
order_by = script_value  
position = int  
min = int  
max = script_value  
check_range_bounds = no # If you don't want an error logged if the list is smaller than the min/max  
<effects> }
**Supported Scopes**: country  
**Supported Targets**: treaty  

## ordered_scope_violate_sovereignty_interested_parties
Iterate through all countries that would be interested if country in scope has their sovereignty violated  
ordered_scope_violate_sovereignty_interested_parties = {  
limit = { <triggers> }  
order_by = script_value  
position = int  
min = int  
max = script_value  
check_range_bounds = no # If you don't want an error logged if the list is smaller than the min/max  
<effects> }
**Supported Scopes**: country  
**Supported Targets**: country  

## ordered_scope_violate_sovereignty_wars
Iterate through all relevant wars if target country had their sovereignty violated by scoped country  
ordered_scope_violate_sovereignty_wars = {  
limit = { <triggers> }  
order_by = script_value  
position = int  
min = int  
max = script_value  
check_range_bounds = no # If you don't want an error logged if the list is smaller than the min/max  
<effects> }
**Supported Scopes**: country  
**Supported Targets**: war  

## ordered_scope_war
Iterate through all wars related to the scope  
ordered_scope_war = {  
limit = { <triggers> }  
order_by = script_value  
position = int  
min = int  
max = script_value  
check_range_bounds = no # If you don't want an error logged if the list is smaller than the min/max  
<effects> }
**Supported Scopes**: country  
**Supported Targets**: war  

## ordered_sea_node_adjacent_state
Iterate through all states that share a sea node with a state  
ordered_sea_node_adjacent_state = {  
limit = { <triggers> }  
order_by = script_value  
position = int  
min = int  
max = script_value  
check_range_bounds = no # If you don't want an error logged if the list is smaller than the min/max  
<effects> }
**Supported Scopes**: state  
**Supported Targets**: state  

## ordered_state
Iterate through all states globally  
ordered_state = {  
limit = { <triggers> }  
order_by = script_value  
position = int  
min = int  
max = script_value  
check_range_bounds = no # If you don't want an error logged if the list is smaller than the min/max  
<effects> }
**Supported Scopes**: none  
**Supported Targets**: state  

## ordered_state_in_afghanistan
ai_country_is_valid_colonization_target = {  
	OR = {  
		is_country_type = unrecognized  
		is_country_type = decentralized # Could be useful for the rare cases this is used outside of AI strategies  
	}  
	OR = {  
		is_subject = no  
		top_overlord ?= {  
			is_country_type = unrecognized  
		}  
	}  
}
**Supported Scopes**: none  
**Supported Targets**: state  

## ordered_state_in_africa
ai_is_regional_objective_subjugate_target = {  
	any_scope_regional_objective = {  
		type = aro:ai_regional_objective_subjugate_country  
		is_completed = no  
		region = {  
			root = {  
				"root.variable_map(aro_subjugate_country_map|prev)" ?= { this = $TARGET$ }  
			}  
		}  
	}  
}
**Supported Scopes**: none  
**Supported Targets**: state  

## ordered_state_in_allahabad_bombay_line
has_treaty_defensive_pact_with = {  
	custom_description = {  
		text = has_treaty_defensive_pact_with_trigger  
		subject = this # Country  
		object = $TARGET$ # Country  
  
		any_scope_treaty = {  
			binds = $TARGET$  
			any_scope_article = {  
				has_type = defensive_pact  
			}  
		}  
	}  
}
**Supported Scopes**: none  
**Supported Targets**: state  

## ordered_state_in_alpide_belt
has_treaty_defensive_pact_with = {  
	custom_description = {  
		text = has_treaty_defensive_pact_with_trigger  
		subject = this # Country  
		object = $TARGET$ # Country  
  
		any_scope_treaty = {  
			binds = $TARGET$  
			any_scope_article = {  
				has_type = defensive_pact  
			}  
		}  
	}  
}
**Supported Scopes**: none  
**Supported Targets**: state  

## ordered_state_in_amazon
ai_country_is_valid_colonization_target = {  
	OR = {  
		is_country_type = unrecognized  
		is_country_type = decentralized # Could be useful for the rare cases this is used outside of AI strategies  
	}  
	OR = {  
		is_subject = no  
		top_overlord ?= {  
			is_country_type = unrecognized  
		}  
	}  
}
**Supported Scopes**: none  
**Supported Targets**: state  

## ordered_state_in_americas
ai_country_is_valid_colonization_target = {  
	OR = {  
		is_country_type = unrecognized  
		is_country_type = decentralized # Could be useful for the rare cases this is used outside of AI strategies  
	}  
	OR = {  
		is_subject = no  
		top_overlord ?= {  
			is_country_type = unrecognized  
		}  
	}  
}
**Supported Scopes**: none  
**Supported Targets**: state  

## ordered_state_in_anatolia_old
has_treaty_defensive_pact_with = {  
	custom_description = {  
		text = has_treaty_defensive_pact_with_trigger  
		subject = this # Country  
		object = $TARGET$ # Country  
  
		any_scope_treaty = {  
			binds = $TARGET$  
			any_scope_article = {  
				has_type = defensive_pact  
			}  
		}  
	}  
}
**Supported Scopes**: none  
**Supported Targets**: state  

## ordered_state_in_andean_federation
has_treaty_defensive_pact_with = {  
	custom_description = {  
		text = has_treaty_defensive_pact_with_trigger  
		subject = this # Country  
		object = $TARGET$ # Country  
  
		any_scope_treaty = {  
			binds = $TARGET$  
			any_scope_article = {  
				has_type = defensive_pact  
			}  
		}  
	}  
}
**Supported Scopes**: none  
**Supported Targets**: state  

## ordered_state_in_andes
ai_is_regional_objective_protect_target = {  
	any_scope_regional_objective = {  
		type = aro:ai_regional_objective_protect_country  
		is_completed = no  
		region = {  
			root = {  
				"root.variable_map(aro_protect_country_map|prev)" ?= { this = $TARGET$ }  
			}  
		}  
	}  
}
**Supported Scopes**: none  
**Supported Targets**: state  

## ordered_state_in_angola
ai_is_regional_objective_protect_target = {  
	any_scope_regional_objective = {  
		type = aro:ai_regional_objective_protect_country  
		is_completed = no  
		region = {  
			root = {  
				"root.variable_map(aro_protect_country_map|prev)" ?= { this = $TARGET$ }  
			}  
		}  
	}  
}
**Supported Scopes**: none  
**Supported Targets**: state  

## ordered_state_in_arabia
ai_is_regional_objective_subjugate_target = {  
	any_scope_regional_objective = {  
		type = aro:ai_regional_objective_subjugate_country  
		is_completed = no  
		region = {  
			root = {  
				"root.variable_map(aro_subjugate_country_map|prev)" ?= { this = $TARGET$ }  
			}  
		}  
	}  
}
**Supported Scopes**: none  
**Supported Targets**: state  

## ordered_state_in_arabic_old
ai_is_regional_objective_subjugate_target = {  
	any_scope_regional_objective = {  
		type = aro:ai_regional_objective_subjugate_country  
		is_completed = no  
		region = {  
			root = {  
				"root.variable_map(aro_subjugate_country_map|prev)" ?= { this = $TARGET$ }  
			}  
		}  
	}  
}
**Supported Scopes**: none  
**Supported Targets**: state  

## ordered_state_in_aragon
ai_country_is_valid_colonization_target = {  
	OR = {  
		is_country_type = unrecognized  
		is_country_type = decentralized # Could be useful for the rare cases this is used outside of AI strategies  
	}  
	OR = {  
		is_subject = no  
		top_overlord ?= {  
			is_country_type = unrecognized  
		}  
	}  
}
**Supported Scopes**: none  
**Supported Targets**: state  

## ordered_state_in_arctic_russia_old
has_treaty_defensive_pact_with = {  
	custom_description = {  
		text = has_treaty_defensive_pact_with_trigger  
		subject = this # Country  
		object = $TARGET$ # Country  
  
		any_scope_treaty = {  
			binds = $TARGET$  
			any_scope_article = {  
				has_type = defensive_pact  
			}  
		}  
	}  
}
**Supported Scopes**: none  
**Supported Targets**: state  

## ordered_state_in_asia
ai_is_regional_objective_subjugate_target = {  
	any_scope_regional_objective = {  
		type = aro:ai_regional_objective_subjugate_country  
		is_completed = no  
		region = {  
			root = {  
				"root.variable_map(aro_subjugate_country_map|prev)" ?= { this = $TARGET$ }  
			}  
		}  
	}  
}
**Supported Scopes**: none  
**Supported Targets**: state  

## ordered_state_in_atlantic_coast
has_treaty_defensive_pact_with = {  
	custom_description = {  
		text = has_treaty_defensive_pact_with_trigger  
		subject = this # Country  
		object = $TARGET$ # Country  
  
		any_scope_treaty = {  
			binds = $TARGET$  
			any_scope_article = {  
				has_type = defensive_pact  
			}  
		}  
	}  
}
**Supported Scopes**: none  
**Supported Targets**: state  

## ordered_state_in_australasia
ai_is_regional_objective_subjugate_target = {  
	any_scope_regional_objective = {  
		type = aro:ai_regional_objective_subjugate_country  
		is_completed = no  
		region = {  
			root = {  
				"root.variable_map(aro_subjugate_country_map|prev)" ?= { this = $TARGET$ }  
			}  
		}  
	}  
}
**Supported Scopes**: none  
**Supported Targets**: state  

## ordered_state_in_australia
ai_country_is_valid_colonization_target = {  
	OR = {  
		is_country_type = unrecognized  
		is_country_type = decentralized # Could be useful for the rare cases this is used outside of AI strategies  
	}  
	OR = {  
		is_subject = no  
		top_overlord ?= {  
			is_country_type = unrecognized  
		}  
	}  
}
**Supported Scopes**: none  
**Supported Targets**: state  

## ordered_state_in_balkans
ai_country_is_valid_colonization_target = {  
	OR = {  
		is_country_type = unrecognized  
		is_country_type = decentralized # Could be useful for the rare cases this is used outside of AI strategies  
	}  
	OR = {  
		is_subject = no  
		top_overlord ?= {  
			is_country_type = unrecognized  
		}  
	}  
}
**Supported Scopes**: none  
**Supported Targets**: state  

## ordered_state_in_balkans_old
has_treaty_defensive_pact_with = {  
	custom_description = {  
		text = has_treaty_defensive_pact_with_trigger  
		subject = this # Country  
		object = $TARGET$ # Country  
  
		any_scope_treaty = {  
			binds = $TARGET$  
			any_scope_article = {  
				has_type = defensive_pact  
			}  
		}  
	}  
}
**Supported Scopes**: none  
**Supported Targets**: state  

## ordered_state_in_baltic_old
has_treaty_defensive_pact_with = {  
	custom_description = {  
		text = has_treaty_defensive_pact_with_trigger  
		subject = this # Country  
		object = $TARGET$ # Country  
  
		any_scope_treaty = {  
			binds = $TARGET$  
			any_scope_article = {  
				has_type = defensive_pact  
			}  
		}  
	}  
}
**Supported Scopes**: none  
**Supported Targets**: state  

## ordered_state_in_baltic_states_old
ai_is_regional_objective_subjugate_target = {  
	any_scope_regional_objective = {  
		type = aro:ai_regional_objective_subjugate_country  
		is_completed = no  
		region = {  
			root = {  
				"root.variable_map(aro_subjugate_country_map|prev)" ?= { this = $TARGET$ }  
			}  
		}  
	}  
}
**Supported Scopes**: none  
**Supported Targets**: state  

## ordered_state_in_belarus_old
has_treaty_defensive_pact_with = {  
	custom_description = {  
		text = has_treaty_defensive_pact_with_trigger  
		subject = this # Country  
		object = $TARGET$ # Country  
  
		any_scope_treaty = {  
			binds = $TARGET$  
			any_scope_article = {  
				has_type = defensive_pact  
			}  
		}  
	}  
}
**Supported Scopes**: none  
**Supported Targets**: state  

## ordered_state_in_bengal_old
ai_is_regional_objective_protect_target = {  
	any_scope_regional_objective = {  
		type = aro:ai_regional_objective_protect_country  
		is_completed = no  
		region = {  
			root = {  
				"root.variable_map(aro_protect_country_map|prev)" ?= { this = $TARGET$ }  
			}  
		}  
	}  
}
**Supported Scopes**: none  
**Supported Targets**: state  

## ordered_state_in_bolivia
ai_is_regional_objective_protect_target = {  
	any_scope_regional_objective = {  
		type = aro:ai_regional_objective_protect_country  
		is_completed = no  
		region = {  
			root = {  
				"root.variable_map(aro_protect_country_map|prev)" ?= { this = $TARGET$ }  
			}  
		}  
	}  
}
**Supported Scopes**: none  
**Supported Targets**: state  

## ordered_state_in_bombay_madras_line
ai_country_is_valid_colonization_target = {  
	OR = {  
		is_country_type = unrecognized  
		is_country_type = decentralized # Could be useful for the rare cases this is used outside of AI strategies  
	}  
	OR = {  
		is_subject = no  
		top_overlord ?= {  
			is_country_type = unrecognized  
		}  
	}  
}
**Supported Scopes**: none  
**Supported Targets**: state  

## ordered_state_in_bombay_old
ai_country_is_valid_colonization_target = {  
	OR = {  
		is_country_type = unrecognized  
		is_country_type = decentralized # Could be useful for the rare cases this is used outside of AI strategies  
	}  
	OR = {  
		is_subject = no  
		top_overlord ?= {  
			is_country_type = unrecognized  
		}  
	}  
}
**Supported Scopes**: none  
**Supported Targets**: state  

## ordered_state_in_brazil
ai_is_regional_objective_protect_target = {  
	any_scope_regional_objective = {  
		type = aro:ai_regional_objective_protect_country  
		is_completed = no  
		region = {  
			root = {  
				"root.variable_map(aro_protect_country_map|prev)" ?= { this = $TARGET$ }  
			}  
		}  
	}  
}
**Supported Scopes**: none  
**Supported Targets**: state  

## ordered_state_in_burma
has_treaty_defensive_pact_with = {  
	custom_description = {  
		text = has_treaty_defensive_pact_with_trigger  
		subject = this # Country  
		object = $TARGET$ # Country  
  
		any_scope_treaty = {  
			binds = $TARGET$  
			any_scope_article = {  
				has_type = defensive_pact  
			}  
		}  
	}  
}
**Supported Scopes**: none  
**Supported Targets**: state  

## ordered_state_in_canada
has_treaty_defensive_pact_with = {  
	custom_description = {  
		text = has_treaty_defensive_pact_with_trigger  
		subject = this # Country  
		object = $TARGET$ # Country  
  
		any_scope_treaty = {  
			binds = $TARGET$  
			any_scope_article = {  
				has_type = defensive_pact  
			}  
		}  
	}  
}
**Supported Scopes**: none  
**Supported Targets**: state  

## ordered_state_in_canada_old
has_treaty_defensive_pact_with = {  
	custom_description = {  
		text = has_treaty_defensive_pact_with_trigger  
		subject = this # Country  
		object = $TARGET$ # Country  
  
		any_scope_treaty = {  
			binds = $TARGET$  
			any_scope_article = {  
				has_type = defensive_pact  
			}  
		}  
	}  
}
**Supported Scopes**: none  
**Supported Targets**: state  

## ordered_state_in_caribbean_old
has_treaty_defensive_pact_with = {  
	custom_description = {  
		text = has_treaty_defensive_pact_with_trigger  
		subject = this # Country  
		object = $TARGET$ # Country  
  
		any_scope_treaty = {  
			binds = $TARGET$  
			any_scope_article = {  
				has_type = defensive_pact  
			}  
		}  
	}  
}
**Supported Scopes**: none  
**Supported Targets**: state  

## ordered_state_in_castile
has_treaty_defensive_pact_with = {  
	custom_description = {  
		text = has_treaty_defensive_pact_with_trigger  
		subject = this # Country  
		object = $TARGET$ # Country  
  
		any_scope_treaty = {  
			binds = $TARGET$  
			any_scope_article = {  
				has_type = defensive_pact  
			}  
		}  
	}  
}
**Supported Scopes**: none  
**Supported Targets**: state  

## ordered_state_in_caucasus_old
ai_country_is_valid_colonization_target = {  
	OR = {  
		is_country_type = unrecognized  
		is_country_type = decentralized # Could be useful for the rare cases this is used outside of AI strategies  
	}  
	OR = {  
		is_subject = no  
		top_overlord ?= {  
			is_country_type = unrecognized  
		}  
	}  
}
**Supported Scopes**: none  
**Supported Targets**: state  

## ordered_state_in_central_america
ai_country_is_valid_colonization_target = {  
	OR = {  
		is_country_type = unrecognized  
		is_country_type = decentralized # Could be useful for the rare cases this is used outside of AI strategies  
	}  
	OR = {  
		is_subject = no  
		top_overlord ?= {  
			is_country_type = unrecognized  
		}  
	}  
}
**Supported Scopes**: none  
**Supported Targets**: state  

## ordered_state_in_central_america_old
ai_is_regional_objective_subjugate_target = {  
	any_scope_regional_objective = {  
		type = aro:ai_regional_objective_subjugate_country  
		is_completed = no  
		region = {  
			root = {  
				"root.variable_map(aro_subjugate_country_map|prev)" ?= { this = $TARGET$ }  
			}  
		}  
	}  
}
**Supported Scopes**: none  
**Supported Targets**: state  

## ordered_state_in_central_asia
ai_country_is_valid_colonization_target = {  
	OR = {  
		is_country_type = unrecognized  
		is_country_type = decentralized # Could be useful for the rare cases this is used outside of AI strategies  
	}  
	OR = {  
		is_subject = no  
		top_overlord ?= {  
			is_country_type = unrecognized  
		}  
	}  
}
**Supported Scopes**: none  
**Supported Targets**: state  

## ordered_state_in_central_asia_old
has_treaty_defensive_pact_with = {  
	custom_description = {  
		text = has_treaty_defensive_pact_with_trigger  
		subject = this # Country  
		object = $TARGET$ # Country  
  
		any_scope_treaty = {  
			binds = $TARGET$  
			any_scope_article = {  
				has_type = defensive_pact  
			}  
		}  
	}  
}
**Supported Scopes**: none  
**Supported Targets**: state  

## ordered_state_in_central_europe
has_treaty_defensive_pact_with = {  
	custom_description = {  
		text = has_treaty_defensive_pact_with_trigger  
		subject = this # Country  
		object = $TARGET$ # Country  
  
		any_scope_treaty = {  
			binds = $TARGET$  
			any_scope_article = {  
				has_type = defensive_pact  
			}  
		}  
	}  
}
**Supported Scopes**: none  
**Supported Targets**: state  

## ordered_state_in_central_india_old
ai_is_regional_objective_subjugate_target = {  
	any_scope_regional_objective = {  
		type = aro:ai_regional_objective_subjugate_country  
		is_completed = no  
		region = {  
			root = {  
				"root.variable_map(aro_subjugate_country_map|prev)" ?= { this = $TARGET$ }  
			}  
		}  
	}  
}
**Supported Scopes**: none  
**Supported Targets**: state  

## ordered_state_in_china
ai_is_regional_objective_protect_target = {  
	any_scope_regional_objective = {  
		type = aro:ai_regional_objective_protect_country  
		is_completed = no  
		region = {  
			root = {  
				"root.variable_map(aro_protect_country_map|prev)" ?= { this = $TARGET$ }  
			}  
		}  
	}  
}
**Supported Scopes**: none  
**Supported Targets**: state  

## ordered_state_in_chorasmia
has_treaty_defensive_pact_with = {  
	custom_description = {  
		text = has_treaty_defensive_pact_with_trigger  
		subject = this # Country  
		object = $TARGET$ # Country  
  
		any_scope_treaty = {  
			binds = $TARGET$  
			any_scope_article = {  
				has_type = defensive_pact  
			}  
		}  
	}  
}
**Supported Scopes**: none  
**Supported Targets**: state  

## ordered_state_in_colonial_la_plata
ai_is_regional_objective_subjugate_target = {  
	any_scope_regional_objective = {  
		type = aro:ai_regional_objective_subjugate_country  
		is_completed = no  
		region = {  
			root = {  
				"root.variable_map(aro_subjugate_country_map|prev)" ?= { this = $TARGET$ }  
			}  
		}  
	}  
}
**Supported Scopes**: none  
**Supported Targets**: state  

## ordered_state_in_colonial_new_grenada
has_treaty_defensive_pact_with = {  
	custom_description = {  
		text = has_treaty_defensive_pact_with_trigger  
		subject = this # Country  
		object = $TARGET$ # Country  
  
		any_scope_treaty = {  
			binds = $TARGET$  
			any_scope_article = {  
				has_type = defensive_pact  
			}  
		}  
	}  
}
**Supported Scopes**: none  
**Supported Targets**: state  

## ordered_state_in_colonial_new_spain
ai_country_is_valid_colonization_target = {  
	OR = {  
		is_country_type = unrecognized  
		is_country_type = decentralized # Could be useful for the rare cases this is used outside of AI strategies  
	}  
	OR = {  
		is_subject = no  
		top_overlord ?= {  
			is_country_type = unrecognized  
		}  
	}  
}
**Supported Scopes**: none  
**Supported Targets**: state  

## ordered_state_in_colonial_peru
ai_is_regional_objective_subjugate_target = {  
	any_scope_regional_objective = {  
		type = aro:ai_regional_objective_subjugate_country  
		is_completed = no  
		region = {  
			root = {  
				"root.variable_map(aro_subjugate_country_map|prev)" ?= { this = $TARGET$ }  
			}  
		}  
	}  
}
**Supported Scopes**: none  
**Supported Targets**: state  

## ordered_state_in_congo_old
ai_is_regional_objective_subjugate_target = {  
	any_scope_regional_objective = {  
		type = aro:ai_regional_objective_subjugate_country  
		is_completed = no  
		region = {  
			root = {  
				"root.variable_map(aro_subjugate_country_map|prev)" ?= { this = $TARGET$ }  
			}  
		}  
	}  
}
**Supported Scopes**: none  
**Supported Targets**: state  

## ordered_state_in_danubia_old
ai_country_is_valid_colonization_target = {  
	OR = {  
		is_country_type = unrecognized  
		is_country_type = decentralized # Could be useful for the rare cases this is used outside of AI strategies  
	}  
	OR = {  
		is_subject = no  
		top_overlord ?= {  
			is_country_type = unrecognized  
		}  
	}  
}
**Supported Scopes**: none  
**Supported Targets**: state  

## ordered_state_in_delhi_calcutta_line
ai_is_regional_objective_subjugate_target = {  
	any_scope_regional_objective = {  
		type = aro:ai_regional_objective_subjugate_country  
		is_completed = no  
		region = {  
			root = {  
				"root.variable_map(aro_subjugate_country_map|prev)" ?= { this = $TARGET$ }  
			}  
		}  
	}  
}
**Supported Scopes**: none  
**Supported Targets**: state  

## ordered_state_in_dixie_old
has_treaty_defensive_pact_with = {  
	custom_description = {  
		text = has_treaty_defensive_pact_with_trigger  
		subject = this # Country  
		object = $TARGET$ # Country  
  
		any_scope_treaty = {  
			binds = $TARGET$  
			any_scope_article = {  
				has_type = defensive_pact  
			}  
		}  
	}  
}
**Supported Scopes**: none  
**Supported Targets**: state  

## ordered_state_in_dnieper_old
ai_country_is_valid_colonization_target = {  
	OR = {  
		is_country_type = unrecognized  
		is_country_type = decentralized # Could be useful for the rare cases this is used outside of AI strategies  
	}  
	OR = {  
		is_subject = no  
		top_overlord ?= {  
			is_country_type = unrecognized  
		}  
	}  
}
**Supported Scopes**: none  
**Supported Targets**: state  

## ordered_state_in_east_africa
ai_is_regional_objective_subjugate_target = {  
	any_scope_regional_objective = {  
		type = aro:ai_regional_objective_subjugate_country  
		is_completed = no  
		region = {  
			root = {  
				"root.variable_map(aro_subjugate_country_map|prev)" ?= { this = $TARGET$ }  
			}  
		}  
	}  
}
**Supported Scopes**: none  
**Supported Targets**: state  

## ordered_state_in_east_asia
ai_country_is_valid_colonization_target = {  
	OR = {  
		is_country_type = unrecognized  
		is_country_type = decentralized # Could be useful for the rare cases this is used outside of AI strategies  
	}  
	OR = {  
		is_subject = no  
		top_overlord ?= {  
			is_country_type = unrecognized  
		}  
	}  
}
**Supported Scopes**: none  
**Supported Targets**: state  

## ordered_state_in_east_sibera_old
ai_country_is_valid_colonization_target = {  
	OR = {  
		is_country_type = unrecognized  
		is_country_type = decentralized # Could be useful for the rare cases this is used outside of AI strategies  
	}  
	OR = {  
		is_subject = no  
		top_overlord ?= {  
			is_country_type = unrecognized  
		}  
	}  
}
**Supported Scopes**: none  
**Supported Targets**: state  

## ordered_state_in_eastern_europe
has_treaty_defensive_pact_with = {  
	custom_description = {  
		text = has_treaty_defensive_pact_with_trigger  
		subject = this # Country  
		object = $TARGET$ # Country  
  
		any_scope_treaty = {  
			binds = $TARGET$  
			any_scope_article = {  
				has_type = defensive_pact  
			}  
		}  
	}  
}
**Supported Scopes**: none  
**Supported Targets**: state  

## ordered_state_in_england_old
ai_is_regional_objective_subjugate_target = {  
	any_scope_regional_objective = {  
		type = aro:ai_regional_objective_subjugate_country  
		is_completed = no  
		region = {  
			root = {  
				"root.variable_map(aro_subjugate_country_map|prev)" ?= { this = $TARGET$ }  
			}  
		}  
	}  
}
**Supported Scopes**: none  
**Supported Targets**: state  

## ordered_state_in_equatorial_africa
ai_country_is_valid_colonization_target = {  
	OR = {  
		is_country_type = unrecognized  
		is_country_type = decentralized # Could be useful for the rare cases this is used outside of AI strategies  
	}  
	OR = {  
		is_subject = no  
		top_overlord ?= {  
			is_country_type = unrecognized  
		}  
	}  
}
**Supported Scopes**: none  
**Supported Targets**: state  

## ordered_state_in_ethiopia_old
ai_is_regional_objective_protect_target = {  
	any_scope_regional_objective = {  
		type = aro:ai_regional_objective_protect_country  
		is_completed = no  
		region = {  
			root = {  
				"root.variable_map(aro_protect_country_map|prev)" ?= { this = $TARGET$ }  
			}  
		}  
	}  
}
**Supported Scopes**: none  
**Supported Targets**: state  

## ordered_state_in_europe
ai_is_regional_objective_subjugate_target = {  
	any_scope_regional_objective = {  
		type = aro:ai_regional_objective_subjugate_country  
		is_completed = no  
		region = {  
			root = {  
				"root.variable_map(aro_subjugate_country_map|prev)" ?= { this = $TARGET$ }  
			}  
		}  
	}  
}
**Supported Scopes**: none  
**Supported Targets**: state  

## ordered_state_in_ezochi
has_treaty_defensive_pact_with = {  
	custom_description = {  
		text = has_treaty_defensive_pact_with_trigger  
		subject = this # Country  
		object = $TARGET$ # Country  
  
		any_scope_treaty = {  
			binds = $TARGET$  
			any_scope_article = {  
				has_type = defensive_pact  
			}  
		}  
	}  
}
**Supported Scopes**: none  
**Supported Targets**: state  

## ordered_state_in_finland_old
ai_is_regional_objective_subjugate_target = {  
	any_scope_regional_objective = {  
		type = aro:ai_regional_objective_subjugate_country  
		is_completed = no  
		region = {  
			root = {  
				"root.variable_map(aro_subjugate_country_map|prev)" ?= { this = $TARGET$ }  
			}  
		}  
	}  
}
**Supported Scopes**: none  
**Supported Targets**: state  

## ordered_state_in_france
ai_is_regional_objective_protect_target = {  
	any_scope_regional_objective = {  
		type = aro:ai_regional_objective_protect_country  
		is_completed = no  
		region = {  
			root = {  
				"root.variable_map(aro_protect_country_map|prev)" ?= { this = $TARGET$ }  
			}  
		}  
	}  
}
**Supported Scopes**: none  
**Supported Targets**: state  

## ordered_state_in_france_old
ai_country_is_valid_colonization_target = {  
	OR = {  
		is_country_type = unrecognized  
		is_country_type = decentralized # Could be useful for the rare cases this is used outside of AI strategies  
	}  
	OR = {  
		is_subject = no  
		top_overlord ?= {  
			is_country_type = unrecognized  
		}  
	}  
}
**Supported Scopes**: none  
**Supported Targets**: state  

## ordered_state_in_french_natural_borders
has_treaty_defensive_pact_with = {  
	custom_description = {  
		text = has_treaty_defensive_pact_with_trigger  
		subject = this # Country  
		object = $TARGET$ # Country  
  
		any_scope_treaty = {  
			binds = $TARGET$  
			any_scope_article = {  
				has_type = defensive_pact  
			}  
		}  
	}  
}
**Supported Scopes**: none  
**Supported Targets**: state  

## ordered_state_in_german_confederation
has_treaty_defensive_pact_with = {  
	custom_description = {  
		text = has_treaty_defensive_pact_with_trigger  
		subject = this # Country  
		object = $TARGET$ # Country  
  
		any_scope_treaty = {  
			binds = $TARGET$  
			any_scope_article = {  
				has_type = defensive_pact  
			}  
		}  
	}  
}
**Supported Scopes**: none  
**Supported Targets**: state  

## ordered_state_in_gran_colombia
has_treaty_defensive_pact_with = {  
	custom_description = {  
		text = has_treaty_defensive_pact_with_trigger  
		subject = this # Country  
		object = $TARGET$ # Country  
  
		any_scope_treaty = {  
			binds = $TARGET$  
			any_scope_article = {  
				has_type = defensive_pact  
			}  
		}  
	}  
}
**Supported Scopes**: none  
**Supported Targets**: state  

## ordered_state_in_great_game_region
ai_is_regional_objective_protect_target = {  
	any_scope_regional_objective = {  
		type = aro:ai_regional_objective_protect_country  
		is_completed = no  
		region = {  
			root = {  
				"root.variable_map(aro_protect_country_map|prev)" ?= { this = $TARGET$ }  
			}  
		}  
	}  
}
**Supported Scopes**: none  
**Supported Targets**: state  

## ordered_state_in_great_plains
ai_is_regional_objective_subjugate_target = {  
	any_scope_regional_objective = {  
		type = aro:ai_regional_objective_subjugate_country  
		is_completed = no  
		region = {  
			root = {  
				"root.variable_map(aro_subjugate_country_map|prev)" ?= { this = $TARGET$ }  
			}  
		}  
	}  
}
**Supported Scopes**: none  
**Supported Targets**: state  

## ordered_state_in_great_plains_old
ai_is_regional_objective_protect_target = {  
	any_scope_regional_objective = {  
		type = aro:ai_regional_objective_protect_country  
		is_completed = no  
		region = {  
			root = {  
				"root.variable_map(aro_protect_country_map|prev)" ?= { this = $TARGET$ }  
			}  
		}  
	}  
}
**Supported Scopes**: none  
**Supported Targets**: state  

## ordered_state_in_great_rift_valley
ai_country_is_valid_colonization_target = {  
	OR = {  
		is_country_type = unrecognized  
		is_country_type = decentralized # Could be useful for the rare cases this is used outside of AI strategies  
	}  
	OR = {  
		is_subject = no  
		top_overlord ?= {  
			is_country_type = unrecognized  
		}  
	}  
}
**Supported Scopes**: none  
**Supported Targets**: state  

## ordered_state_in_greater_afghanistan
ai_is_regional_objective_protect_target = {  
	any_scope_regional_objective = {  
		type = aro:ai_regional_objective_protect_country  
		is_completed = no  
		region = {  
			root = {  
				"root.variable_map(aro_protect_country_map|prev)" ?= { this = $TARGET$ }  
			}  
		}  
	}  
}
**Supported Scopes**: none  
**Supported Targets**: state  

## ordered_state_in_greater_bulgaria
ai_is_regional_objective_subjugate_target = {  
	any_scope_regional_objective = {  
		type = aro:ai_regional_objective_subjugate_country  
		is_completed = no  
		region = {  
			root = {  
				"root.variable_map(aro_subjugate_country_map|prev)" ?= { this = $TARGET$ }  
			}  
		}  
	}  
}
**Supported Scopes**: none  
**Supported Targets**: state  

## ordered_state_in_greater_canada
ai_country_is_valid_colonization_target = {  
	OR = {  
		is_country_type = unrecognized  
		is_country_type = decentralized # Could be useful for the rare cases this is used outside of AI strategies  
	}  
	OR = {  
		is_subject = no  
		top_overlord ?= {  
			is_country_type = unrecognized  
		}  
	}  
}
**Supported Scopes**: none  
**Supported Targets**: state  

## ordered_state_in_greater_croatia
ai_country_is_valid_colonization_target = {  
	OR = {  
		is_country_type = unrecognized  
		is_country_type = decentralized # Could be useful for the rare cases this is used outside of AI strategies  
	}  
	OR = {  
		is_subject = no  
		top_overlord ?= {  
			is_country_type = unrecognized  
		}  
	}  
}
**Supported Scopes**: none  
**Supported Targets**: state  

## ordered_state_in_greater_germany
ai_country_is_valid_colonization_target = {  
	OR = {  
		is_country_type = unrecognized  
		is_country_type = decentralized # Could be useful for the rare cases this is used outside of AI strategies  
	}  
	OR = {  
		is_subject = no  
		top_overlord ?= {  
			is_country_type = unrecognized  
		}  
	}  
}
**Supported Scopes**: none  
**Supported Targets**: state  

## ordered_state_in_greater_khorasan
ai_country_is_valid_colonization_target = {  
	OR = {  
		is_country_type = unrecognized  
		is_country_type = decentralized # Could be useful for the rare cases this is used outside of AI strategies  
	}  
	OR = {  
		is_subject = no  
		top_overlord ?= {  
			is_country_type = unrecognized  
		}  
	}  
}
**Supported Scopes**: none  
**Supported Targets**: state  

## ordered_state_in_greater_persia
has_treaty_defensive_pact_with = {  
	custom_description = {  
		text = has_treaty_defensive_pact_with_trigger  
		subject = this # Country  
		object = $TARGET$ # Country  
  
		any_scope_treaty = {  
			binds = $TARGET$  
			any_scope_article = {  
				has_type = defensive_pact  
			}  
		}  
	}  
}
**Supported Scopes**: none  
**Supported Targets**: state  

## ordered_state_in_greater_romania
ai_is_regional_objective_protect_target = {  
	any_scope_regional_objective = {  
		type = aro:ai_regional_objective_protect_country  
		is_completed = no  
		region = {  
			root = {  
				"root.variable_map(aro_protect_country_map|prev)" ?= { this = $TARGET$ }  
			}  
		}  
	}  
}
**Supported Scopes**: none  
**Supported Targets**: state  

## ordered_state_in_gujarat_bombay_line
ai_is_regional_objective_protect_target = {  
	any_scope_regional_objective = {  
		type = aro:ai_regional_objective_protect_country  
		is_completed = no  
		region = {  
			root = {  
				"root.variable_map(aro_protect_country_map|prev)" ?= { this = $TARGET$ }  
			}  
		}  
	}  
}
**Supported Scopes**: none  
**Supported Targets**: state  

## ordered_state_in_han_homelands
has_treaty_defensive_pact_with = {  
	custom_description = {  
		text = has_treaty_defensive_pact_with_trigger  
		subject = this # Country  
		object = $TARGET$ # Country  
  
		any_scope_treaty = {  
			binds = $TARGET$  
			any_scope_article = {  
				has_type = defensive_pact  
			}  
		}  
	}  
}
**Supported Scopes**: none  
**Supported Targets**: state  

## ordered_state_in_himalayas
ai_is_regional_objective_protect_target = {  
	any_scope_regional_objective = {  
		type = aro:ai_regional_objective_protect_country  
		is_completed = no  
		region = {  
			root = {  
				"root.variable_map(aro_protect_country_map|prev)" ?= { this = $TARGET$ }  
			}  
		}  
	}  
}
**Supported Scopes**: none  
**Supported Targets**: state  

## ordered_state_in_himalayas_old
ai_is_regional_objective_subjugate_target = {  
	any_scope_regional_objective = {  
		type = aro:ai_regional_objective_subjugate_country  
		is_completed = no  
		region = {  
			root = {  
				"root.variable_map(aro_subjugate_country_map|prev)" ?= { this = $TARGET$ }  
			}  
		}  
	}  
}
**Supported Scopes**: none  
**Supported Targets**: state  

## ordered_state_in_historic_byzantium
ai_is_regional_objective_protect_target = {  
	any_scope_regional_objective = {  
		type = aro:ai_regional_objective_protect_country  
		is_completed = no  
		region = {  
			root = {  
				"root.variable_map(aro_protect_country_map|prev)" ?= { this = $TARGET$ }  
			}  
		}  
	}  
}
**Supported Scopes**: none  
**Supported Targets**: state  

## ordered_state_in_home_islands
ai_is_regional_objective_protect_target = {  
	any_scope_regional_objective = {  
		type = aro:ai_regional_objective_protect_country  
		is_completed = no  
		region = {  
			root = {  
				"root.variable_map(aro_protect_country_map|prev)" ?= { this = $TARGET$ }  
			}  
		}  
	}  
}
**Supported Scopes**: none  
**Supported Targets**: state  

## ordered_state_in_honshu
ai_is_regional_objective_subjugate_target = {  
	any_scope_regional_objective = {  
		type = aro:ai_regional_objective_subjugate_country  
		is_completed = no  
		region = {  
			root = {  
				"root.variable_map(aro_subjugate_country_map|prev)" ?= { this = $TARGET$ }  
			}  
		}  
	}  
}
**Supported Scopes**: none  
**Supported Targets**: state  

## ordered_state_in_hungary
ai_is_regional_objective_subjugate_target = {  
	any_scope_regional_objective = {  
		type = aro:ai_regional_objective_subjugate_country  
		is_completed = no  
		region = {  
			root = {  
				"root.variable_map(aro_subjugate_country_map|prev)" ?= { this = $TARGET$ }  
			}  
		}  
	}  
}
**Supported Scopes**: none  
**Supported Targets**: state  

## ordered_state_in_iberia_old
has_treaty_defensive_pact_with = {  
	custom_description = {  
		text = has_treaty_defensive_pact_with_trigger  
		subject = this # Country  
		object = $TARGET$ # Country  
  
		any_scope_treaty = {  
			binds = $TARGET$  
			any_scope_article = {  
				has_type = defensive_pact  
			}  
		}  
	}  
}
**Supported Scopes**: none  
**Supported Targets**: state  

## ordered_state_in_iceland
ai_is_regional_objective_protect_target = {  
	any_scope_regional_objective = {  
		type = aro:ai_regional_objective_protect_country  
		is_completed = no  
		region = {  
			root = {  
				"root.variable_map(aro_protect_country_map|prev)" ?= { this = $TARGET$ }  
			}  
		}  
	}  
}
**Supported Scopes**: none  
**Supported Targets**: state  

## ordered_state_in_india
has_treaty_defensive_pact_with = {  
	custom_description = {  
		text = has_treaty_defensive_pact_with_trigger  
		subject = this # Country  
		object = $TARGET$ # Country  
  
		any_scope_treaty = {  
			binds = $TARGET$  
			any_scope_article = {  
				has_type = defensive_pact  
			}  
		}  
	}  
}
**Supported Scopes**: none  
**Supported Targets**: state  

## ordered_state_in_indian_frontier
ai_is_regional_objective_subjugate_target = {  
	any_scope_regional_objective = {  
		type = aro:ai_regional_objective_subjugate_country  
		is_completed = no  
		region = {  
			root = {  
				"root.variable_map(aro_subjugate_country_map|prev)" ?= { this = $TARGET$ }  
			}  
		}  
	}  
}
**Supported Scopes**: none  
**Supported Targets**: state  

## ordered_state_in_indochina
ai_is_regional_objective_subjugate_target = {  
	any_scope_regional_objective = {  
		type = aro:ai_regional_objective_subjugate_country  
		is_completed = no  
		region = {  
			root = {  
				"root.variable_map(aro_subjugate_country_map|prev)" ?= { this = $TARGET$ }  
			}  
		}  
	}  
}
**Supported Scopes**: none  
**Supported Targets**: state  

## ordered_state_in_indonesia
has_treaty_defensive_pact_with = {  
	custom_description = {  
		text = has_treaty_defensive_pact_with_trigger  
		subject = this # Country  
		object = $TARGET$ # Country  
  
		any_scope_treaty = {  
			binds = $TARGET$  
			any_scope_article = {  
				has_type = defensive_pact  
			}  
		}  
	}  
}
**Supported Scopes**: none  
**Supported Targets**: state  

## ordered_state_in_italy_old
ai_country_is_valid_colonization_target = {  
	OR = {  
		is_country_type = unrecognized  
		is_country_type = decentralized # Could be useful for the rare cases this is used outside of AI strategies  
	}  
	OR = {  
		is_subject = no  
		top_overlord ?= {  
			is_country_type = unrecognized  
		}  
	}  
}
**Supported Scopes**: none  
**Supported Targets**: state  

## ordered_state_in_japan
ai_country_is_valid_colonization_target = {  
	OR = {  
		is_country_type = unrecognized  
		is_country_type = decentralized # Could be useful for the rare cases this is used outside of AI strategies  
	}  
	OR = {  
		is_subject = no  
		top_overlord ?= {  
			is_country_type = unrecognized  
		}  
	}  
}
**Supported Scopes**: none  
**Supported Targets**: state  

## ordered_state_in_japan_old
ai_is_regional_objective_protect_target = {  
	any_scope_regional_objective = {  
		type = aro:ai_regional_objective_protect_country  
		is_completed = no  
		region = {  
			root = {  
				"root.variable_map(aro_protect_country_map|prev)" ?= { this = $TARGET$ }  
			}  
		}  
	}  
}
**Supported Scopes**: none  
**Supported Targets**: state  

## ordered_state_in_korea
ai_country_is_valid_colonization_target = {  
	OR = {  
		is_country_type = unrecognized  
		is_country_type = decentralized # Could be useful for the rare cases this is used outside of AI strategies  
	}  
	OR = {  
		is_subject = no  
		top_overlord ?= {  
			is_country_type = unrecognized  
		}  
	}  
}
**Supported Scopes**: none  
**Supported Targets**: state  

## ordered_state_in_krakatoa_tsunami_zone
ai_is_regional_objective_subjugate_target = {  
	any_scope_regional_objective = {  
		type = aro:ai_regional_objective_subjugate_country  
		is_completed = no  
		region = {  
			root = {  
				"root.variable_map(aro_subjugate_country_map|prev)" ?= { this = $TARGET$ }  
			}  
		}  
	}  
}
**Supported Scopes**: none  
**Supported Targets**: state  

## ordered_state_in_la_plata
ai_country_is_valid_colonization_target = {  
	OR = {  
		is_country_type = unrecognized  
		is_country_type = decentralized # Could be useful for the rare cases this is used outside of AI strategies  
	}  
	OR = {  
		is_subject = no  
		top_overlord ?= {  
			is_country_type = unrecognized  
		}  
	}  
}
**Supported Scopes**: none  
**Supported Targets**: state  

## ordered_state_in_latin_america
ai_is_regional_objective_protect_target = {  
	any_scope_regional_objective = {  
		type = aro:ai_regional_objective_protect_country  
		is_completed = no  
		region = {  
			root = {  
				"root.variable_map(aro_protect_country_map|prev)" ?= { this = $TARGET$ }  
			}  
		}  
	}  
}
**Supported Scopes**: none  
**Supported Targets**: state  

## ordered_state_in_lesser_germany
has_treaty_defensive_pact_with = {  
	custom_description = {  
		text = has_treaty_defensive_pact_with_trigger  
		subject = this # Country  
		object = $TARGET$ # Country  
  
		any_scope_treaty = {  
			binds = $TARGET$  
			any_scope_article = {  
				has_type = defensive_pact  
			}  
		}  
	}  
}
**Supported Scopes**: none  
**Supported Targets**: state  

## ordered_state_in_madras_old
ai_is_regional_objective_protect_target = {  
	any_scope_regional_objective = {  
		type = aro:ai_regional_objective_protect_country  
		is_completed = no  
		region = {  
			root = {  
				"root.variable_map(aro_protect_country_map|prev)" ?= { this = $TARGET$ }  
			}  
		}  
	}  
}
**Supported Scopes**: none  
**Supported Targets**: state  

## ordered_state_in_manchuria_old
ai_country_is_valid_colonization_target = {  
	OR = {  
		is_country_type = unrecognized  
		is_country_type = decentralized # Could be useful for the rare cases this is used outside of AI strategies  
	}  
	OR = {  
		is_subject = no  
		top_overlord ?= {  
			is_country_type = unrecognized  
		}  
	}  
}
**Supported Scopes**: none  
**Supported Targets**: state  

## ordered_state_in_megali_greece
ai_country_is_valid_colonization_target = {  
	OR = {  
		is_country_type = unrecognized  
		is_country_type = decentralized # Could be useful for the rare cases this is used outside of AI strategies  
	}  
	OR = {  
		is_subject = no  
		top_overlord ?= {  
			is_country_type = unrecognized  
		}  
	}  
}
**Supported Scopes**: none  
**Supported Targets**: state  

## ordered_state_in_mexico_old
ai_is_regional_objective_subjugate_target = {  
	any_scope_regional_objective = {  
		type = aro:ai_regional_objective_subjugate_country  
		is_completed = no  
		region = {  
			root = {  
				"root.variable_map(aro_subjugate_country_map|prev)" ?= { this = $TARGET$ }  
			}  
		}  
	}  
}
**Supported Scopes**: none  
**Supported Targets**: state  

## ordered_state_in_middle_east
ai_is_regional_objective_subjugate_target = {  
	any_scope_regional_objective = {  
		type = aro:ai_regional_objective_subjugate_country  
		is_completed = no  
		region = {  
			root = {  
				"root.variable_map(aro_subjugate_country_map|prev)" ?= { this = $TARGET$ }  
			}  
		}  
	}  
}
**Supported Scopes**: none  
**Supported Targets**: state  

## ordered_state_in_mozambique
ai_country_is_valid_colonization_target = {  
	OR = {  
		is_country_type = unrecognized  
		is_country_type = decentralized # Could be useful for the rare cases this is used outside of AI strategies  
	}  
	OR = {  
		is_subject = no  
		top_overlord ?= {  
			is_country_type = unrecognized  
		}  
	}  
}
**Supported Scopes**: none  
**Supported Targets**: state  

## ordered_state_in_near_east
ai_is_regional_objective_subjugate_target = {  
	any_scope_regional_objective = {  
		type = aro:ai_regional_objective_subjugate_country  
		is_completed = no  
		region = {  
			root = {  
				"root.variable_map(aro_subjugate_country_map|prev)" ?= { this = $TARGET$ }  
			}  
		}  
	}  
}
**Supported Scopes**: none  
**Supported Targets**: state  

## ordered_state_in_new_england_old
ai_country_is_valid_colonization_target = {  
	OR = {  
		is_country_type = unrecognized  
		is_country_type = decentralized # Could be useful for the rare cases this is used outside of AI strategies  
	}  
	OR = {  
		is_subject = no  
		top_overlord ?= {  
			is_country_type = unrecognized  
		}  
	}  
}
**Supported Scopes**: none  
**Supported Targets**: state  

## ordered_state_in_new_world
ai_country_is_valid_colonization_target = {  
	OR = {  
		is_country_type = unrecognized  
		is_country_type = decentralized # Could be useful for the rare cases this is used outside of AI strategies  
	}  
	OR = {  
		is_subject = no  
		top_overlord ?= {  
			is_country_type = unrecognized  
		}  
	}  
}
**Supported Scopes**: none  
**Supported Targets**: state  

## ordered_state_in_new_zealand
has_treaty_defensive_pact_with = {  
	custom_description = {  
		text = has_treaty_defensive_pact_with_trigger  
		subject = this # Country  
		object = $TARGET$ # Country  
  
		any_scope_treaty = {  
			binds = $TARGET$  
			any_scope_article = {  
				has_type = defensive_pact  
			}  
		}  
	}  
}
**Supported Scopes**: none  
**Supported Targets**: state  

## ordered_state_in_niger_old
has_treaty_defensive_pact_with = {  
	custom_description = {  
		text = has_treaty_defensive_pact_with_trigger  
		subject = this # Country  
		object = $TARGET$ # Country  
  
		any_scope_treaty = {  
			binds = $TARGET$  
			any_scope_article = {  
				has_type = defensive_pact  
			}  
		}  
	}  
}
**Supported Scopes**: none  
**Supported Targets**: state  

## ordered_state_in_nile_basin
ai_country_is_valid_colonization_target = {  
	OR = {  
		is_country_type = unrecognized  
		is_country_type = decentralized # Could be useful for the rare cases this is used outside of AI strategies  
	}  
	OR = {  
		is_subject = no  
		top_overlord ?= {  
			is_country_type = unrecognized  
		}  
	}  
}
**Supported Scopes**: none  
**Supported Targets**: state  

## ordered_state_in_north_africa
ai_is_regional_objective_protect_target = {  
	any_scope_regional_objective = {  
		type = aro:ai_regional_objective_protect_country  
		is_completed = no  
		region = {  
			root = {  
				"root.variable_map(aro_protect_country_map|prev)" ?= { this = $TARGET$ }  
			}  
		}  
	}  
}
**Supported Scopes**: none  
**Supported Targets**: state  

## ordered_state_in_north_africa_egypt
ai_country_is_valid_colonization_target = {  
	OR = {  
		is_country_type = unrecognized  
		is_country_type = decentralized # Could be useful for the rare cases this is used outside of AI strategies  
	}  
	OR = {  
		is_subject = no  
		top_overlord ?= {  
			is_country_type = unrecognized  
		}  
	}  
}
**Supported Scopes**: none  
**Supported Targets**: state  

## ordered_state_in_north_africa_old
ai_is_regional_objective_protect_target = {  
	any_scope_regional_objective = {  
		type = aro:ai_regional_objective_protect_country  
		is_completed = no  
		region = {  
			root = {  
				"root.variable_map(aro_protect_country_map|prev)" ?= { this = $TARGET$ }  
			}  
		}  
	}  
}
**Supported Scopes**: none  
**Supported Targets**: state  

## ordered_state_in_north_america
ai_is_regional_objective_subjugate_target = {  
	any_scope_regional_objective = {  
		type = aro:ai_regional_objective_subjugate_country  
		is_completed = no  
		region = {  
			root = {  
				"root.variable_map(aro_subjugate_country_map|prev)" ?= { this = $TARGET$ }  
			}  
		}  
	}  
}
**Supported Scopes**: none  
**Supported Targets**: state  

## ordered_state_in_north_andes
has_treaty_defensive_pact_with = {  
	custom_description = {  
		text = has_treaty_defensive_pact_with_trigger  
		subject = this # Country  
		object = $TARGET$ # Country  
  
		any_scope_treaty = {  
			binds = $TARGET$  
			any_scope_article = {  
				has_type = defensive_pact  
			}  
		}  
	}  
}
**Supported Scopes**: none  
**Supported Targets**: state  

## ordered_state_in_north_china
ai_is_regional_objective_protect_target = {  
	any_scope_regional_objective = {  
		type = aro:ai_regional_objective_protect_country  
		is_completed = no  
		region = {  
			root = {  
				"root.variable_map(aro_protect_country_map|prev)" ?= { this = $TARGET$ }  
			}  
		}  
	}  
}
**Supported Scopes**: none  
**Supported Targets**: state  

## ordered_state_in_north_germany_old
ai_is_regional_objective_subjugate_target = {  
	any_scope_regional_objective = {  
		type = aro:ai_regional_objective_subjugate_country  
		is_completed = no  
		region = {  
			root = {  
				"root.variable_map(aro_subjugate_country_map|prev)" ?= { this = $TARGET$ }  
			}  
		}  
	}  
}
**Supported Scopes**: none  
**Supported Targets**: state  

## ordered_state_in_north_india
ai_country_is_valid_colonization_target = {  
	OR = {  
		is_country_type = unrecognized  
		is_country_type = decentralized # Could be useful for the rare cases this is used outside of AI strategies  
	}  
	OR = {  
		is_subject = no  
		top_overlord ?= {  
			is_country_type = unrecognized  
		}  
	}  
}
**Supported Scopes**: none  
**Supported Targets**: state  

## ordered_state_in_north_sea_old
ai_is_regional_objective_subjugate_target = {  
	any_scope_regional_objective = {  
		type = aro:ai_regional_objective_subjugate_country  
		is_completed = no  
		region = {  
			root = {  
				"root.variable_map(aro_subjugate_country_map|prev)" ?= { this = $TARGET$ }  
			}  
		}  
	}  
}
**Supported Scopes**: none  
**Supported Targets**: state  

## ordered_state_in_northeast_asia
ai_is_regional_objective_protect_target = {  
	any_scope_regional_objective = {  
		type = aro:ai_regional_objective_protect_country  
		is_completed = no  
		region = {  
			root = {  
				"root.variable_map(aro_protect_country_map|prev)" ?= { this = $TARGET$ }  
			}  
		}  
	}  
}
**Supported Scopes**: none  
**Supported Targets**: state  

## ordered_state_in_northern_europe
ai_is_regional_objective_subjugate_target = {  
	any_scope_regional_objective = {  
		type = aro:ai_regional_objective_subjugate_country  
		is_completed = no  
		region = {  
			root = {  
				"root.variable_map(aro_subjugate_country_map|prev)" ?= { this = $TARGET$ }  
			}  
		}  
	}  
}
**Supported Scopes**: none  
**Supported Targets**: state  

## ordered_state_in_northern_mexico
ai_is_regional_objective_protect_target = {  
	any_scope_regional_objective = {  
		type = aro:ai_regional_objective_protect_country  
		is_completed = no  
		region = {  
			root = {  
				"root.variable_map(aro_protect_country_map|prev)" ?= { this = $TARGET$ }  
			}  
		}  
	}  
}
**Supported Scopes**: none  
**Supported Targets**: state  

## ordered_state_in_occitania_old
ai_is_regional_objective_protect_target = {  
	any_scope_regional_objective = {  
		type = aro:ai_regional_objective_protect_country  
		is_completed = no  
		region = {  
			root = {  
				"root.variable_map(aro_protect_country_map|prev)" ?= { this = $TARGET$ }  
			}  
		}  
	}  
}
**Supported Scopes**: none  
**Supported Targets**: state  

## ordered_state_in_oceania
has_treaty_defensive_pact_with = {  
	custom_description = {  
		text = has_treaty_defensive_pact_with_trigger  
		subject = this # Country  
		object = $TARGET$ # Country  
  
		any_scope_treaty = {  
			binds = $TARGET$  
			any_scope_article = {  
				has_type = defensive_pact  
			}  
		}  
	}  
}
**Supported Scopes**: none  
**Supported Targets**: state  

## ordered_state_in_old_world
has_treaty_defensive_pact_with = {  
	custom_description = {  
		text = has_treaty_defensive_pact_with_trigger  
		subject = this # Country  
		object = $TARGET$ # Country  
  
		any_scope_treaty = {  
			binds = $TARGET$  
			any_scope_article = {  
				has_type = defensive_pact  
			}  
		}  
	}  
}
**Supported Scopes**: none  
**Supported Targets**: state  

## ordered_state_in_pacific_coast
ai_is_regional_objective_subjugate_target = {  
	any_scope_regional_objective = {  
		type = aro:ai_regional_objective_subjugate_country  
		is_completed = no  
		region = {  
			root = {  
				"root.variable_map(aro_subjugate_country_map|prev)" ?= { this = $TARGET$ }  
			}  
		}  
	}  
}
**Supported Scopes**: none  
**Supported Targets**: state  

## ordered_state_in_pacific_coast_old
ai_is_regional_objective_protect_target = {  
	any_scope_regional_objective = {  
		type = aro:ai_regional_objective_protect_country  
		is_completed = no  
		region = {  
			root = {  
				"root.variable_map(aro_protect_country_map|prev)" ?= { this = $TARGET$ }  
			}  
		}  
	}  
}
**Supported Scopes**: none  
**Supported Targets**: state  

## ordered_state_in_persia_old
ai_is_regional_objective_subjugate_target = {  
	any_scope_regional_objective = {  
		type = aro:ai_regional_objective_subjugate_country  
		is_completed = no  
		region = {  
			root = {  
				"root.variable_map(aro_subjugate_country_map|prev)" ?= { this = $TARGET$ }  
			}  
		}  
	}  
}
**Supported Scopes**: none  
**Supported Targets**: state  

## ordered_state_in_peru
ai_is_regional_objective_protect_target = {  
	any_scope_regional_objective = {  
		type = aro:ai_regional_objective_protect_country  
		is_completed = no  
		region = {  
			root = {  
				"root.variable_map(aro_protect_country_map|prev)" ?= { this = $TARGET$ }  
			}  
		}  
	}  
}
**Supported Scopes**: none  
**Supported Targets**: state  

## ordered_state_in_philippines
ai_is_regional_objective_protect_target = {  
	any_scope_regional_objective = {  
		type = aro:ai_regional_objective_protect_country  
		is_completed = no  
		region = {  
			root = {  
				"root.variable_map(aro_protect_country_map|prev)" ?= { this = $TARGET$ }  
			}  
		}  
	}  
}
**Supported Scopes**: none  
**Supported Targets**: state  

## ordered_state_in_poland_old
ai_is_regional_objective_protect_target = {  
	any_scope_regional_objective = {  
		type = aro:ai_regional_objective_protect_country  
		is_completed = no  
		region = {  
			root = {  
				"root.variable_map(aro_protect_country_map|prev)" ?= { this = $TARGET$ }  
			}  
		}  
	}  
}
**Supported Scopes**: none  
**Supported Targets**: state  

## ordered_state_in_polar_seas
ai_country_is_valid_colonization_target = {  
	OR = {  
		is_country_type = unrecognized  
		is_country_type = decentralized # Could be useful for the rare cases this is used outside of AI strategies  
	}  
	OR = {  
		is_subject = no  
		top_overlord ?= {  
			is_country_type = unrecognized  
		}  
	}  
}
**Supported Scopes**: none  
**Supported Targets**: state  

## ordered_state_in_punjab_old
has_treaty_defensive_pact_with = {  
	custom_description = {  
		text = has_treaty_defensive_pact_with_trigger  
		subject = this # Country  
		object = $TARGET$ # Country  
  
		any_scope_treaty = {  
			binds = $TARGET$  
			any_scope_article = {  
				has_type = defensive_pact  
			}  
		}  
	}  
}
**Supported Scopes**: none  
**Supported Targets**: state  

## ordered_state_in_rhine_old
ai_is_regional_objective_protect_target = {  
	any_scope_regional_objective = {  
		type = aro:ai_regional_objective_protect_country  
		is_completed = no  
		region = {  
			root = {  
				"root.variable_map(aro_protect_country_map|prev)" ?= { this = $TARGET$ }  
			}  
		}  
	}  
}
**Supported Scopes**: none  
**Supported Targets**: state  

## ordered_state_in_ring_of_fire
ai_is_regional_objective_subjugate_target = {  
	any_scope_regional_objective = {  
		type = aro:ai_regional_objective_subjugate_country  
		is_completed = no  
		region = {  
			root = {  
				"root.variable_map(aro_subjugate_country_map|prev)" ?= { this = $TARGET$ }  
			}  
		}  
	}  
}
**Supported Scopes**: none  
**Supported Targets**: state  

## ordered_state_in_russia
ai_is_regional_objective_subjugate_target = {  
	any_scope_regional_objective = {  
		type = aro:ai_regional_objective_subjugate_country  
		is_completed = no  
		region = {  
			root = {  
				"root.variable_map(aro_subjugate_country_map|prev)" ?= { this = $TARGET$ }  
			}  
		}  
	}  
}
**Supported Scopes**: none  
**Supported Targets**: state  

## ordered_state_in_russia_old
ai_is_regional_objective_protect_target = {  
	any_scope_regional_objective = {  
		type = aro:ai_regional_objective_protect_country  
		is_completed = no  
		region = {  
			root = {  
				"root.variable_map(aro_protect_country_map|prev)" ?= { this = $TARGET$ }  
			}  
		}  
	}  
}
**Supported Scopes**: none  
**Supported Targets**: state  

## ordered_state_in_scandinavia
ai_is_regional_objective_subjugate_target = {  
	any_scope_regional_objective = {  
		type = aro:ai_regional_objective_subjugate_country  
		is_completed = no  
		region = {  
			root = {  
				"root.variable_map(aro_subjugate_country_map|prev)" ?= { this = $TARGET$ }  
			}  
		}  
	}  
}
**Supported Scopes**: none  
**Supported Targets**: state  

## ordered_state_in_senegal_old
ai_country_is_valid_colonization_target = {  
	OR = {  
		is_country_type = unrecognized  
		is_country_type = decentralized # Could be useful for the rare cases this is used outside of AI strategies  
	}  
	OR = {  
		is_subject = no  
		top_overlord ?= {  
			is_country_type = unrecognized  
		}  
	}  
}
**Supported Scopes**: none  
**Supported Targets**: state  

## ordered_state_in_siberia
ai_country_is_valid_colonization_target = {  
	OR = {  
		is_country_type = unrecognized  
		is_country_type = decentralized # Could be useful for the rare cases this is used outside of AI strategies  
	}  
	OR = {  
		is_subject = no  
		top_overlord ?= {  
			is_country_type = unrecognized  
		}  
	}  
}
**Supported Scopes**: none  
**Supported Targets**: state  

## ordered_state_in_south_africa
ai_is_regional_objective_protect_target = {  
	any_scope_regional_objective = {  
		type = aro:ai_regional_objective_protect_country  
		is_completed = no  
		region = {  
			root = {  
				"root.variable_map(aro_protect_country_map|prev)" ?= { this = $TARGET$ }  
			}  
		}  
	}  
}
**Supported Scopes**: none  
**Supported Targets**: state  

## ordered_state_in_south_america
has_treaty_defensive_pact_with = {  
	custom_description = {  
		text = has_treaty_defensive_pact_with_trigger  
		subject = this # Country  
		object = $TARGET$ # Country  
  
		any_scope_treaty = {  
			binds = $TARGET$  
			any_scope_article = {  
				has_type = defensive_pact  
			}  
		}  
	}  
}
**Supported Scopes**: none  
**Supported Targets**: state  

## ordered_state_in_south_china
ai_country_is_valid_colonization_target = {  
	OR = {  
		is_country_type = unrecognized  
		is_country_type = decentralized # Could be useful for the rare cases this is used outside of AI strategies  
	}  
	OR = {  
		is_subject = no  
		top_overlord ?= {  
			is_country_type = unrecognized  
		}  
	}  
}
**Supported Scopes**: none  
**Supported Targets**: state  

## ordered_state_in_south_east_asia
ai_is_regional_objective_protect_target = {  
	any_scope_regional_objective = {  
		type = aro:ai_regional_objective_protect_country  
		is_completed = no  
		region = {  
			root = {  
				"root.variable_map(aro_protect_country_map|prev)" ?= { this = $TARGET$ }  
			}  
		}  
	}  
}
**Supported Scopes**: none  
**Supported Targets**: state  

## ordered_state_in_south_germany_old
ai_is_regional_objective_subjugate_target = {  
	any_scope_regional_objective = {  
		type = aro:ai_regional_objective_subjugate_country  
		is_completed = no  
		region = {  
			root = {  
				"root.variable_map(aro_subjugate_country_map|prev)" ?= { this = $TARGET$ }  
			}  
		}  
	}  
}
**Supported Scopes**: none  
**Supported Targets**: state  

## ordered_state_in_south_india
ai_is_regional_objective_protect_target = {  
	any_scope_regional_objective = {  
		type = aro:ai_regional_objective_protect_country  
		is_completed = no  
		region = {  
			root = {  
				"root.variable_map(aro_protect_country_map|prev)" ?= { this = $TARGET$ }  
			}  
		}  
	}  
}
**Supported Scopes**: none  
**Supported Targets**: state  

## ordered_state_in_southern_africa
has_treaty_defensive_pact_with = {  
	custom_description = {  
		text = has_treaty_defensive_pact_with_trigger  
		subject = this # Country  
		object = $TARGET$ # Country  
  
		any_scope_treaty = {  
			binds = $TARGET$  
			any_scope_article = {  
				has_type = defensive_pact  
			}  
		}  
	}  
}
**Supported Scopes**: none  
**Supported Targets**: state  

## ordered_state_in_southern_africa_old
ai_is_regional_objective_subjugate_target = {  
	any_scope_regional_objective = {  
		type = aro:ai_regional_objective_subjugate_country  
		is_completed = no  
		region = {  
			root = {  
				"root.variable_map(aro_subjugate_country_map|prev)" ?= { this = $TARGET$ }  
			}  
		}  
	}  
}
**Supported Scopes**: none  
**Supported Targets**: state  

## ordered_state_in_southern_cone
ai_is_regional_objective_subjugate_target = {  
	any_scope_regional_objective = {  
		type = aro:ai_regional_objective_subjugate_country  
		is_completed = no  
		region = {  
			root = {  
				"root.variable_map(aro_subjugate_country_map|prev)" ?= { this = $TARGET$ }  
			}  
		}  
	}  
}
**Supported Scopes**: none  
**Supported Targets**: state  

## ordered_state_in_southern_europe
ai_is_regional_objective_protect_target = {  
	any_scope_regional_objective = {  
		type = aro:ai_regional_objective_protect_country  
		is_completed = no  
		region = {  
			root = {  
				"root.variable_map(aro_protect_country_map|prev)" ?= { this = $TARGET$ }  
			}  
		}  
	}  
}
**Supported Scopes**: none  
**Supported Targets**: state  

## ordered_state_in_subsaharan_africa
has_treaty_defensive_pact_with = {  
	custom_description = {  
		text = has_treaty_defensive_pact_with_trigger  
		subject = this # Country  
		object = $TARGET$ # Country  
  
		any_scope_treaty = {  
			binds = $TARGET$  
			any_scope_article = {  
				has_type = defensive_pact  
			}  
		}  
	}  
}
**Supported Scopes**: none  
**Supported Targets**: state  

## ordered_state_in_the_midwest_old
ai_country_is_valid_colonization_target = {  
	OR = {  
		is_country_type = unrecognized  
		is_country_type = decentralized # Could be useful for the rare cases this is used outside of AI strategies  
	}  
	OR = {  
		is_subject = no  
		top_overlord ?= {  
			is_country_type = unrecognized  
		}  
	}  
}
**Supported Scopes**: none  
**Supported Targets**: state  

## ordered_state_in_transoxiana
ai_is_regional_objective_subjugate_target = {  
	any_scope_regional_objective = {  
		type = aro:ai_regional_objective_subjugate_country  
		is_completed = no  
		region = {  
			root = {  
				"root.variable_map(aro_subjugate_country_map|prev)" ?= { this = $TARGET$ }  
			}  
		}  
	}  
}
**Supported Scopes**: none  
**Supported Targets**: state  

## ordered_state_in_tropical_seas
ai_is_regional_objective_protect_target = {  
	any_scope_regional_objective = {  
		type = aro:ai_regional_objective_protect_country  
		is_completed = no  
		region = {  
			root = {  
				"root.variable_map(aro_protect_country_map|prev)" ?= { this = $TARGET$ }  
			}  
		}  
	}  
}
**Supported Scopes**: none  
**Supported Targets**: state  

## ordered_state_in_turkestan
ai_is_regional_objective_subjugate_target = {  
	any_scope_regional_objective = {  
		type = aro:ai_regional_objective_subjugate_country  
		is_completed = no  
		region = {  
			root = {  
				"root.variable_map(aro_subjugate_country_map|prev)" ?= { this = $TARGET$ }  
			}  
		}  
	}  
}
**Supported Scopes**: none  
**Supported Targets**: state  

## ordered_state_in_urals_old
ai_country_is_valid_colonization_target = {  
	OR = {  
		is_country_type = unrecognized  
		is_country_type = decentralized # Could be useful for the rare cases this is used outside of AI strategies  
	}  
	OR = {  
		is_subject = no  
		top_overlord ?= {  
			is_country_type = unrecognized  
		}  
	}  
}
**Supported Scopes**: none  
**Supported Targets**: state  

## ordered_state_in_west_africa
ai_is_regional_objective_protect_target = {  
	any_scope_regional_objective = {  
		type = aro:ai_regional_objective_protect_country  
		is_completed = no  
		region = {  
			root = {  
				"root.variable_map(aro_protect_country_map|prev)" ?= { this = $TARGET$ }  
			}  
		}  
	}  
}
**Supported Scopes**: none  
**Supported Targets**: state  

## ordered_state_in_west_siberia_old
ai_is_regional_objective_protect_target = {  
	any_scope_regional_objective = {  
		type = aro:ai_regional_objective_protect_country  
		is_completed = no  
		region = {  
			root = {  
				"root.variable_map(aro_protect_country_map|prev)" ?= { this = $TARGET$ }  
			}  
		}  
	}  
}
**Supported Scopes**: none  
**Supported Targets**: state  

## ordered_state_in_western_europe
ai_is_regional_objective_protect_target = {  
	any_scope_regional_objective = {  
		type = aro:ai_regional_objective_protect_country  
		is_completed = no  
		region = {  
			root = {  
				"root.variable_map(aro_protect_country_map|prev)" ?= { this = $TARGET$ }  
			}  
		}  
	}  
}
**Supported Scopes**: none  
**Supported Targets**: state  

## ordered_state_in_wet_process_region
ai_is_regional_objective_protect_target = {  
	any_scope_regional_objective = {  
		type = aro:ai_regional_objective_protect_country  
		is_completed = no  
		region = {  
			root = {  
				"root.variable_map(aro_protect_country_map|prev)" ?= { this = $TARGET$ }  
			}  
		}  
	}  
}
**Supported Scopes**: none  
**Supported Targets**: state  

## ordered_state_in_yugoslavia
ai_is_regional_objective_subjugate_target = {  
	any_scope_regional_objective = {  
		type = aro:ai_regional_objective_subjugate_country  
		is_completed = no  
		region = {  
			root = {  
				"root.variable_map(aro_subjugate_country_map|prev)" ?= { this = $TARGET$ }  
			}  
		}  
	}  
}
**Supported Scopes**: none  
**Supported Targets**: state  

## ordered_state_in_zambezi_basin
has_treaty_defensive_pact_with = {  
	custom_description = {  
		text = has_treaty_defensive_pact_with_trigger  
		subject = this # Country  
		object = $TARGET$ # Country  
  
		any_scope_treaty = {  
			binds = $TARGET$  
			any_scope_article = {  
				has_type = defensive_pact  
			}  
		}  
	}  
}
**Supported Scopes**: none  
**Supported Targets**: state  

## ordered_state_in_zanj_old
has_treaty_defensive_pact_with = {  
	custom_description = {  
		text = has_treaty_defensive_pact_with_trigger  
		subject = this # Country  
		object = $TARGET$ # Country  
  
		any_scope_treaty = {  
			binds = $TARGET$  
			any_scope_article = {  
				has_type = defensive_pact  
			}  
		}  
	}  
}
**Supported Scopes**: none  
**Supported Targets**: state  

## ordered_state_region
Iterate through all state regions  
ordered_state_region = {  
limit = { <triggers> }  
order_by = script_value  
position = int  
min = int  
max = script_value  
check_range_bounds = no # If you don't want an error logged if the list is smaller than the min/max  
<effects> }
**Supported Scopes**: none  
**Supported Targets**: state_region  

## ordered_state_region_in_afghanistan
ai_is_regional_objective_subjugate_target = {  
	any_scope_regional_objective = {  
		type = aro:ai_regional_objective_subjugate_country  
		is_completed = no  
		region = {  
			root = {  
				"root.variable_map(aro_subjugate_country_map|prev)" ?= { this = $TARGET$ }  
			}  
		}  
	}  
}
**Supported Scopes**: none  
**Supported Targets**: state_region  

## ordered_state_region_in_africa
ai_country_is_valid_colonization_target = {  
	OR = {  
		is_country_type = unrecognized  
		is_country_type = decentralized # Could be useful for the rare cases this is used outside of AI strategies  
	}  
	OR = {  
		is_subject = no  
		top_overlord ?= {  
			is_country_type = unrecognized  
		}  
	}  
}
**Supported Scopes**: none  
**Supported Targets**: state_region  

## ordered_state_region_in_allahabad_bombay_line
has_treaty_defensive_pact_with = {  
	custom_description = {  
		text = has_treaty_defensive_pact_with_trigger  
		subject = this # Country  
		object = $TARGET$ # Country  
  
		any_scope_treaty = {  
			binds = $TARGET$  
			any_scope_article = {  
				has_type = defensive_pact  
			}  
		}  
	}  
}
**Supported Scopes**: none  
**Supported Targets**: state_region  

## ordered_state_region_in_alpide_belt
has_treaty_defensive_pact_with = {  
	custom_description = {  
		text = has_treaty_defensive_pact_with_trigger  
		subject = this # Country  
		object = $TARGET$ # Country  
  
		any_scope_treaty = {  
			binds = $TARGET$  
			any_scope_article = {  
				has_type = defensive_pact  
			}  
		}  
	}  
}
**Supported Scopes**: none  
**Supported Targets**: state_region  

## ordered_state_region_in_amazon
ai_is_regional_objective_subjugate_target = {  
	any_scope_regional_objective = {  
		type = aro:ai_regional_objective_subjugate_country  
		is_completed = no  
		region = {  
			root = {  
				"root.variable_map(aro_subjugate_country_map|prev)" ?= { this = $TARGET$ }  
			}  
		}  
	}  
}
**Supported Scopes**: none  
**Supported Targets**: state_region  

## ordered_state_region_in_americas
ai_is_regional_objective_subjugate_target = {  
	any_scope_regional_objective = {  
		type = aro:ai_regional_objective_subjugate_country  
		is_completed = no  
		region = {  
			root = {  
				"root.variable_map(aro_subjugate_country_map|prev)" ?= { this = $TARGET$ }  
			}  
		}  
	}  
}
**Supported Scopes**: none  
**Supported Targets**: state_region  

## ordered_state_region_in_anatolia_old
ai_is_regional_objective_protect_target = {  
	any_scope_regional_objective = {  
		type = aro:ai_regional_objective_protect_country  
		is_completed = no  
		region = {  
			root = {  
				"root.variable_map(aro_protect_country_map|prev)" ?= { this = $TARGET$ }  
			}  
		}  
	}  
}
**Supported Scopes**: none  
**Supported Targets**: state_region  

## ordered_state_region_in_andean_federation
has_treaty_defensive_pact_with = {  
	custom_description = {  
		text = has_treaty_defensive_pact_with_trigger  
		subject = this # Country  
		object = $TARGET$ # Country  
  
		any_scope_treaty = {  
			binds = $TARGET$  
			any_scope_article = {  
				has_type = defensive_pact  
			}  
		}  
	}  
}
**Supported Scopes**: none  
**Supported Targets**: state_region  

## ordered_state_region_in_andes
has_treaty_defensive_pact_with = {  
	custom_description = {  
		text = has_treaty_defensive_pact_with_trigger  
		subject = this # Country  
		object = $TARGET$ # Country  
  
		any_scope_treaty = {  
			binds = $TARGET$  
			any_scope_article = {  
				has_type = defensive_pact  
			}  
		}  
	}  
}
**Supported Scopes**: none  
**Supported Targets**: state_region  

## ordered_state_region_in_angola
has_treaty_defensive_pact_with = {  
	custom_description = {  
		text = has_treaty_defensive_pact_with_trigger  
		subject = this # Country  
		object = $TARGET$ # Country  
  
		any_scope_treaty = {  
			binds = $TARGET$  
			any_scope_article = {  
				has_type = defensive_pact  
			}  
		}  
	}  
}
**Supported Scopes**: none  
**Supported Targets**: state_region  

## ordered_state_region_in_arabia
ai_country_is_valid_colonization_target = {  
	OR = {  
		is_country_type = unrecognized  
		is_country_type = decentralized # Could be useful for the rare cases this is used outside of AI strategies  
	}  
	OR = {  
		is_subject = no  
		top_overlord ?= {  
			is_country_type = unrecognized  
		}  
	}  
}
**Supported Scopes**: none  
**Supported Targets**: state_region  

## ordered_state_region_in_arabic_old
ai_is_regional_objective_protect_target = {  
	any_scope_regional_objective = {  
		type = aro:ai_regional_objective_protect_country  
		is_completed = no  
		region = {  
			root = {  
				"root.variable_map(aro_protect_country_map|prev)" ?= { this = $TARGET$ }  
			}  
		}  
	}  
}
**Supported Scopes**: none  
**Supported Targets**: state_region  

## ordered_state_region_in_aragon
ai_is_regional_objective_subjugate_target = {  
	any_scope_regional_objective = {  
		type = aro:ai_regional_objective_subjugate_country  
		is_completed = no  
		region = {  
			root = {  
				"root.variable_map(aro_subjugate_country_map|prev)" ?= { this = $TARGET$ }  
			}  
		}  
	}  
}
**Supported Scopes**: none  
**Supported Targets**: state_region  

## ordered_state_region_in_arctic_russia_old
has_treaty_defensive_pact_with = {  
	custom_description = {  
		text = has_treaty_defensive_pact_with_trigger  
		subject = this # Country  
		object = $TARGET$ # Country  
  
		any_scope_treaty = {  
			binds = $TARGET$  
			any_scope_article = {  
				has_type = defensive_pact  
			}  
		}  
	}  
}
**Supported Scopes**: none  
**Supported Targets**: state_region  

## ordered_state_region_in_asia
ai_is_regional_objective_protect_target = {  
	any_scope_regional_objective = {  
		type = aro:ai_regional_objective_protect_country  
		is_completed = no  
		region = {  
			root = {  
				"root.variable_map(aro_protect_country_map|prev)" ?= { this = $TARGET$ }  
			}  
		}  
	}  
}
**Supported Scopes**: none  
**Supported Targets**: state_region  

## ordered_state_region_in_atlantic_coast
has_treaty_defensive_pact_with = {  
	custom_description = {  
		text = has_treaty_defensive_pact_with_trigger  
		subject = this # Country  
		object = $TARGET$ # Country  
  
		any_scope_treaty = {  
			binds = $TARGET$  
			any_scope_article = {  
				has_type = defensive_pact  
			}  
		}  
	}  
}
**Supported Scopes**: none  
**Supported Targets**: state_region  

## ordered_state_region_in_australasia
ai_is_regional_objective_protect_target = {  
	any_scope_regional_objective = {  
		type = aro:ai_regional_objective_protect_country  
		is_completed = no  
		region = {  
			root = {  
				"root.variable_map(aro_protect_country_map|prev)" ?= { this = $TARGET$ }  
			}  
		}  
	}  
}
**Supported Scopes**: none  
**Supported Targets**: state_region  

## ordered_state_region_in_australia
ai_country_is_valid_colonization_target = {  
	OR = {  
		is_country_type = unrecognized  
		is_country_type = decentralized # Could be useful for the rare cases this is used outside of AI strategies  
	}  
	OR = {  
		is_subject = no  
		top_overlord ?= {  
			is_country_type = unrecognized  
		}  
	}  
}
**Supported Scopes**: none  
**Supported Targets**: state_region  

## ordered_state_region_in_balkans
ai_country_is_valid_colonization_target = {  
	OR = {  
		is_country_type = unrecognized  
		is_country_type = decentralized # Could be useful for the rare cases this is used outside of AI strategies  
	}  
	OR = {  
		is_subject = no  
		top_overlord ?= {  
			is_country_type = unrecognized  
		}  
	}  
}
**Supported Scopes**: none  
**Supported Targets**: state_region  

## ordered_state_region_in_balkans_old
ai_is_regional_objective_protect_target = {  
	any_scope_regional_objective = {  
		type = aro:ai_regional_objective_protect_country  
		is_completed = no  
		region = {  
			root = {  
				"root.variable_map(aro_protect_country_map|prev)" ?= { this = $TARGET$ }  
			}  
		}  
	}  
}
**Supported Scopes**: none  
**Supported Targets**: state_region  

## ordered_state_region_in_baltic_old
has_treaty_defensive_pact_with = {  
	custom_description = {  
		text = has_treaty_defensive_pact_with_trigger  
		subject = this # Country  
		object = $TARGET$ # Country  
  
		any_scope_treaty = {  
			binds = $TARGET$  
			any_scope_article = {  
				has_type = defensive_pact  
			}  
		}  
	}  
}
**Supported Scopes**: none  
**Supported Targets**: state_region  

## ordered_state_region_in_baltic_states_old
ai_is_regional_objective_protect_target = {  
	any_scope_regional_objective = {  
		type = aro:ai_regional_objective_protect_country  
		is_completed = no  
		region = {  
			root = {  
				"root.variable_map(aro_protect_country_map|prev)" ?= { this = $TARGET$ }  
			}  
		}  
	}  
}
**Supported Scopes**: none  
**Supported Targets**: state_region  

## ordered_state_region_in_belarus_old
ai_is_regional_objective_protect_target = {  
	any_scope_regional_objective = {  
		type = aro:ai_regional_objective_protect_country  
		is_completed = no  
		region = {  
			root = {  
				"root.variable_map(aro_protect_country_map|prev)" ?= { this = $TARGET$ }  
			}  
		}  
	}  
}
**Supported Scopes**: none  
**Supported Targets**: state_region  

## ordered_state_region_in_bengal_old
has_treaty_defensive_pact_with = {  
	custom_description = {  
		text = has_treaty_defensive_pact_with_trigger  
		subject = this # Country  
		object = $TARGET$ # Country  
  
		any_scope_treaty = {  
			binds = $TARGET$  
			any_scope_article = {  
				has_type = defensive_pact  
			}  
		}  
	}  
}
**Supported Scopes**: none  
**Supported Targets**: state_region  

## ordered_state_region_in_bolivia
has_treaty_defensive_pact_with = {  
	custom_description = {  
		text = has_treaty_defensive_pact_with_trigger  
		subject = this # Country  
		object = $TARGET$ # Country  
  
		any_scope_treaty = {  
			binds = $TARGET$  
			any_scope_article = {  
				has_type = defensive_pact  
			}  
		}  
	}  
}
**Supported Scopes**: none  
**Supported Targets**: state_region  

## ordered_state_region_in_bombay_madras_line
ai_is_regional_objective_subjugate_target = {  
	any_scope_regional_objective = {  
		type = aro:ai_regional_objective_subjugate_country  
		is_completed = no  
		region = {  
			root = {  
				"root.variable_map(aro_subjugate_country_map|prev)" ?= { this = $TARGET$ }  
			}  
		}  
	}  
}
**Supported Scopes**: none  
**Supported Targets**: state_region  

## ordered_state_region_in_bombay_old
ai_country_is_valid_colonization_target = {  
	OR = {  
		is_country_type = unrecognized  
		is_country_type = decentralized # Could be useful for the rare cases this is used outside of AI strategies  
	}  
	OR = {  
		is_subject = no  
		top_overlord ?= {  
			is_country_type = unrecognized  
		}  
	}  
}
**Supported Scopes**: none  
**Supported Targets**: state_region  

## ordered_state_region_in_brazil
ai_is_regional_objective_subjugate_target = {  
	any_scope_regional_objective = {  
		type = aro:ai_regional_objective_subjugate_country  
		is_completed = no  
		region = {  
			root = {  
				"root.variable_map(aro_subjugate_country_map|prev)" ?= { this = $TARGET$ }  
			}  
		}  
	}  
}
**Supported Scopes**: none  
**Supported Targets**: state_region  

## ordered_state_region_in_burma
has_treaty_defensive_pact_with = {  
	custom_description = {  
		text = has_treaty_defensive_pact_with_trigger  
		subject = this # Country  
		object = $TARGET$ # Country  
  
		any_scope_treaty = {  
			binds = $TARGET$  
			any_scope_article = {  
				has_type = defensive_pact  
			}  
		}  
	}  
}
**Supported Scopes**: none  
**Supported Targets**: state_region  

## ordered_state_region_in_canada
ai_is_regional_objective_protect_target = {  
	any_scope_regional_objective = {  
		type = aro:ai_regional_objective_protect_country  
		is_completed = no  
		region = {  
			root = {  
				"root.variable_map(aro_protect_country_map|prev)" ?= { this = $TARGET$ }  
			}  
		}  
	}  
}
**Supported Scopes**: none  
**Supported Targets**: state_region  

## ordered_state_region_in_canada_old
has_treaty_defensive_pact_with = {  
	custom_description = {  
		text = has_treaty_defensive_pact_with_trigger  
		subject = this # Country  
		object = $TARGET$ # Country  
  
		any_scope_treaty = {  
			binds = $TARGET$  
			any_scope_article = {  
				has_type = defensive_pact  
			}  
		}  
	}  
}
**Supported Scopes**: none  
**Supported Targets**: state_region  

## ordered_state_region_in_caribbean_old
has_treaty_defensive_pact_with = {  
	custom_description = {  
		text = has_treaty_defensive_pact_with_trigger  
		subject = this # Country  
		object = $TARGET$ # Country  
  
		any_scope_treaty = {  
			binds = $TARGET$  
			any_scope_article = {  
				has_type = defensive_pact  
			}  
		}  
	}  
}
**Supported Scopes**: none  
**Supported Targets**: state_region  

## ordered_state_region_in_castile
has_treaty_defensive_pact_with = {  
	custom_description = {  
		text = has_treaty_defensive_pact_with_trigger  
		subject = this # Country  
		object = $TARGET$ # Country  
  
		any_scope_treaty = {  
			binds = $TARGET$  
			any_scope_article = {  
				has_type = defensive_pact  
			}  
		}  
	}  
}
**Supported Scopes**: none  
**Supported Targets**: state_region  

## ordered_state_region_in_caucasus_old
ai_is_regional_objective_subjugate_target = {  
	any_scope_regional_objective = {  
		type = aro:ai_regional_objective_subjugate_country  
		is_completed = no  
		region = {  
			root = {  
				"root.variable_map(aro_subjugate_country_map|prev)" ?= { this = $TARGET$ }  
			}  
		}  
	}  
}
**Supported Scopes**: none  
**Supported Targets**: state_region  

## ordered_state_region_in_central_america
ai_is_regional_objective_subjugate_target = {  
	any_scope_regional_objective = {  
		type = aro:ai_regional_objective_subjugate_country  
		is_completed = no  
		region = {  
			root = {  
				"root.variable_map(aro_subjugate_country_map|prev)" ?= { this = $TARGET$ }  
			}  
		}  
	}  
}
**Supported Scopes**: none  
**Supported Targets**: state_region  

## ordered_state_region_in_central_america_old
ai_country_is_valid_colonization_target = {  
	OR = {  
		is_country_type = unrecognized  
		is_country_type = decentralized # Could be useful for the rare cases this is used outside of AI strategies  
	}  
	OR = {  
		is_subject = no  
		top_overlord ?= {  
			is_country_type = unrecognized  
		}  
	}  
}
**Supported Scopes**: none  
**Supported Targets**: state_region  

## ordered_state_region_in_central_asia
ai_is_regional_objective_subjugate_target = {  
	any_scope_regional_objective = {  
		type = aro:ai_regional_objective_subjugate_country  
		is_completed = no  
		region = {  
			root = {  
				"root.variable_map(aro_subjugate_country_map|prev)" ?= { this = $TARGET$ }  
			}  
		}  
	}  
}
**Supported Scopes**: none  
**Supported Targets**: state_region  

## ordered_state_region_in_central_asia_old
has_treaty_defensive_pact_with = {  
	custom_description = {  
		text = has_treaty_defensive_pact_with_trigger  
		subject = this # Country  
		object = $TARGET$ # Country  
  
		any_scope_treaty = {  
			binds = $TARGET$  
			any_scope_article = {  
				has_type = defensive_pact  
			}  
		}  
	}  
}
**Supported Scopes**: none  
**Supported Targets**: state_region  

## ordered_state_region_in_central_europe
ai_is_regional_objective_protect_target = {  
	any_scope_regional_objective = {  
		type = aro:ai_regional_objective_protect_country  
		is_completed = no  
		region = {  
			root = {  
				"root.variable_map(aro_protect_country_map|prev)" ?= { this = $TARGET$ }  
			}  
		}  
	}  
}
**Supported Scopes**: none  
**Supported Targets**: state_region  

## ordered_state_region_in_central_india_old
ai_country_is_valid_colonization_target = {  
	OR = {  
		is_country_type = unrecognized  
		is_country_type = decentralized # Could be useful for the rare cases this is used outside of AI strategies  
	}  
	OR = {  
		is_subject = no  
		top_overlord ?= {  
			is_country_type = unrecognized  
		}  
	}  
}
**Supported Scopes**: none  
**Supported Targets**: state_region  

## ordered_state_region_in_china
has_treaty_defensive_pact_with = {  
	custom_description = {  
		text = has_treaty_defensive_pact_with_trigger  
		subject = this # Country  
		object = $TARGET$ # Country  
  
		any_scope_treaty = {  
			binds = $TARGET$  
			any_scope_article = {  
				has_type = defensive_pact  
			}  
		}  
	}  
}
**Supported Scopes**: none  
**Supported Targets**: state_region  

## ordered_state_region_in_chorasmia
ai_is_regional_objective_protect_target = {  
	any_scope_regional_objective = {  
		type = aro:ai_regional_objective_protect_country  
		is_completed = no  
		region = {  
			root = {  
				"root.variable_map(aro_protect_country_map|prev)" ?= { this = $TARGET$ }  
			}  
		}  
	}  
}
**Supported Scopes**: none  
**Supported Targets**: state_region  

## ordered_state_region_in_colonial_la_plata
ai_country_is_valid_colonization_target = {  
	OR = {  
		is_country_type = unrecognized  
		is_country_type = decentralized # Could be useful for the rare cases this is used outside of AI strategies  
	}  
	OR = {  
		is_subject = no  
		top_overlord ?= {  
			is_country_type = unrecognized  
		}  
	}  
}
**Supported Scopes**: none  
**Supported Targets**: state_region  

## ordered_state_region_in_colonial_new_grenada
ai_is_regional_objective_protect_target = {  
	any_scope_regional_objective = {  
		type = aro:ai_regional_objective_protect_country  
		is_completed = no  
		region = {  
			root = {  
				"root.variable_map(aro_protect_country_map|prev)" ?= { this = $TARGET$ }  
			}  
		}  
	}  
}
**Supported Scopes**: none  
**Supported Targets**: state_region  

## ordered_state_region_in_colonial_new_spain
ai_country_is_valid_colonization_target = {  
	OR = {  
		is_country_type = unrecognized  
		is_country_type = decentralized # Could be useful for the rare cases this is used outside of AI strategies  
	}  
	OR = {  
		is_subject = no  
		top_overlord ?= {  
			is_country_type = unrecognized  
		}  
	}  
}
**Supported Scopes**: none  
**Supported Targets**: state_region  

## ordered_state_region_in_colonial_peru
ai_is_regional_objective_protect_target = {  
	any_scope_regional_objective = {  
		type = aro:ai_regional_objective_protect_country  
		is_completed = no  
		region = {  
			root = {  
				"root.variable_map(aro_protect_country_map|prev)" ?= { this = $TARGET$ }  
			}  
		}  
	}  
}
**Supported Scopes**: none  
**Supported Targets**: state_region  

## ordered_state_region_in_congo_old
ai_is_regional_objective_protect_target = {  
	any_scope_regional_objective = {  
		type = aro:ai_regional_objective_protect_country  
		is_completed = no  
		region = {  
			root = {  
				"root.variable_map(aro_protect_country_map|prev)" ?= { this = $TARGET$ }  
			}  
		}  
	}  
}
**Supported Scopes**: none  
**Supported Targets**: state_region  

## ordered_state_region_in_danubia_old
ai_is_regional_objective_subjugate_target = {  
	any_scope_regional_objective = {  
		type = aro:ai_regional_objective_subjugate_country  
		is_completed = no  
		region = {  
			root = {  
				"root.variable_map(aro_subjugate_country_map|prev)" ?= { this = $TARGET$ }  
			}  
		}  
	}  
}
**Supported Scopes**: none  
**Supported Targets**: state_region  

## ordered_state_region_in_delhi_calcutta_line
ai_country_is_valid_colonization_target = {  
	OR = {  
		is_country_type = unrecognized  
		is_country_type = decentralized # Could be useful for the rare cases this is used outside of AI strategies  
	}  
	OR = {  
		is_subject = no  
		top_overlord ?= {  
			is_country_type = unrecognized  
		}  
	}  
}
**Supported Scopes**: none  
**Supported Targets**: state_region  

## ordered_state_region_in_dixie_old
ai_is_regional_objective_protect_target = {  
	any_scope_regional_objective = {  
		type = aro:ai_regional_objective_protect_country  
		is_completed = no  
		region = {  
			root = {  
				"root.variable_map(aro_protect_country_map|prev)" ?= { this = $TARGET$ }  
			}  
		}  
	}  
}
**Supported Scopes**: none  
**Supported Targets**: state_region  

## ordered_state_region_in_dnieper_old
ai_country_is_valid_colonization_target = {  
	OR = {  
		is_country_type = unrecognized  
		is_country_type = decentralized # Could be useful for the rare cases this is used outside of AI strategies  
	}  
	OR = {  
		is_subject = no  
		top_overlord ?= {  
			is_country_type = unrecognized  
		}  
	}  
}
**Supported Scopes**: none  
**Supported Targets**: state_region  

## ordered_state_region_in_east_africa
ai_is_regional_objective_protect_target = {  
	any_scope_regional_objective = {  
		type = aro:ai_regional_objective_protect_country  
		is_completed = no  
		region = {  
			root = {  
				"root.variable_map(aro_protect_country_map|prev)" ?= { this = $TARGET$ }  
			}  
		}  
	}  
}
**Supported Scopes**: none  
**Supported Targets**: state_region  

## ordered_state_region_in_east_asia
ai_is_regional_objective_subjugate_target = {  
	any_scope_regional_objective = {  
		type = aro:ai_regional_objective_subjugate_country  
		is_completed = no  
		region = {  
			root = {  
				"root.variable_map(aro_subjugate_country_map|prev)" ?= { this = $TARGET$ }  
			}  
		}  
	}  
}
**Supported Scopes**: none  
**Supported Targets**: state_region  

## ordered_state_region_in_east_sibera_old
ai_country_is_valid_colonization_target = {  
	OR = {  
		is_country_type = unrecognized  
		is_country_type = decentralized # Could be useful for the rare cases this is used outside of AI strategies  
	}  
	OR = {  
		is_subject = no  
		top_overlord ?= {  
			is_country_type = unrecognized  
		}  
	}  
}
**Supported Scopes**: none  
**Supported Targets**: state_region  

## ordered_state_region_in_eastern_europe
has_treaty_defensive_pact_with = {  
	custom_description = {  
		text = has_treaty_defensive_pact_with_trigger  
		subject = this # Country  
		object = $TARGET$ # Country  
  
		any_scope_treaty = {  
			binds = $TARGET$  
			any_scope_article = {  
				has_type = defensive_pact  
			}  
		}  
	}  
}
**Supported Scopes**: none  
**Supported Targets**: state_region  

## ordered_state_region_in_england_old
ai_is_regional_objective_protect_target = {  
	any_scope_regional_objective = {  
		type = aro:ai_regional_objective_protect_country  
		is_completed = no  
		region = {  
			root = {  
				"root.variable_map(aro_protect_country_map|prev)" ?= { this = $TARGET$ }  
			}  
		}  
	}  
}
**Supported Scopes**: none  
**Supported Targets**: state_region  

## ordered_state_region_in_equatorial_africa
ai_country_is_valid_colonization_target = {  
	OR = {  
		is_country_type = unrecognized  
		is_country_type = decentralized # Could be useful for the rare cases this is used outside of AI strategies  
	}  
	OR = {  
		is_subject = no  
		top_overlord ?= {  
			is_country_type = unrecognized  
		}  
	}  
}
**Supported Scopes**: none  
**Supported Targets**: state_region  

## ordered_state_region_in_ethiopia_old
ai_is_regional_objective_subjugate_target = {  
	any_scope_regional_objective = {  
		type = aro:ai_regional_objective_subjugate_country  
		is_completed = no  
		region = {  
			root = {  
				"root.variable_map(aro_subjugate_country_map|prev)" ?= { this = $TARGET$ }  
			}  
		}  
	}  
}
**Supported Scopes**: none  
**Supported Targets**: state_region  

## ordered_state_region_in_europe
ai_is_regional_objective_protect_target = {  
	any_scope_regional_objective = {  
		type = aro:ai_regional_objective_protect_country  
		is_completed = no  
		region = {  
			root = {  
				"root.variable_map(aro_protect_country_map|prev)" ?= { this = $TARGET$ }  
			}  
		}  
	}  
}
**Supported Scopes**: none  
**Supported Targets**: state_region  

## ordered_state_region_in_ezochi
has_treaty_defensive_pact_with = {  
	custom_description = {  
		text = has_treaty_defensive_pact_with_trigger  
		subject = this # Country  
		object = $TARGET$ # Country  
  
		any_scope_treaty = {  
			binds = $TARGET$  
			any_scope_article = {  
				has_type = defensive_pact  
			}  
		}  
	}  
}
**Supported Scopes**: none  
**Supported Targets**: state_region  

## ordered_state_region_in_finland_old
ai_country_is_valid_colonization_target = {  
	OR = {  
		is_country_type = unrecognized  
		is_country_type = decentralized # Could be useful for the rare cases this is used outside of AI strategies  
	}  
	OR = {  
		is_subject = no  
		top_overlord ?= {  
			is_country_type = unrecognized  
		}  
	}  
}
**Supported Scopes**: none  
**Supported Targets**: state_region  

## ordered_state_region_in_france
has_treaty_defensive_pact_with = {  
	custom_description = {  
		text = has_treaty_defensive_pact_with_trigger  
		subject = this # Country  
		object = $TARGET$ # Country  
  
		any_scope_treaty = {  
			binds = $TARGET$  
			any_scope_article = {  
				has_type = defensive_pact  
			}  
		}  
	}  
}
**Supported Scopes**: none  
**Supported Targets**: state_region  

## ordered_state_region_in_france_old
ai_is_regional_objective_subjugate_target = {  
	any_scope_regional_objective = {  
		type = aro:ai_regional_objective_subjugate_country  
		is_completed = no  
		region = {  
			root = {  
				"root.variable_map(aro_subjugate_country_map|prev)" ?= { this = $TARGET$ }  
			}  
		}  
	}  
}
**Supported Scopes**: none  
**Supported Targets**: state_region  

## ordered_state_region_in_french_natural_borders
ai_is_regional_objective_protect_target = {  
	any_scope_regional_objective = {  
		type = aro:ai_regional_objective_protect_country  
		is_completed = no  
		region = {  
			root = {  
				"root.variable_map(aro_protect_country_map|prev)" ?= { this = $TARGET$ }  
			}  
		}  
	}  
}
**Supported Scopes**: none  
**Supported Targets**: state_region  

## ordered_state_region_in_german_confederation
has_treaty_defensive_pact_with = {  
	custom_description = {  
		text = has_treaty_defensive_pact_with_trigger  
		subject = this # Country  
		object = $TARGET$ # Country  
  
		any_scope_treaty = {  
			binds = $TARGET$  
			any_scope_article = {  
				has_type = defensive_pact  
			}  
		}  
	}  
}
**Supported Scopes**: none  
**Supported Targets**: state_region  

## ordered_state_region_in_gran_colombia
ai_is_regional_objective_protect_target = {  
	any_scope_regional_objective = {  
		type = aro:ai_regional_objective_protect_country  
		is_completed = no  
		region = {  
			root = {  
				"root.variable_map(aro_protect_country_map|prev)" ?= { this = $TARGET$ }  
			}  
		}  
	}  
}
**Supported Scopes**: none  
**Supported Targets**: state_region  

## ordered_state_region_in_great_game_region
has_treaty_defensive_pact_with = {  
	custom_description = {  
		text = has_treaty_defensive_pact_with_trigger  
		subject = this # Country  
		object = $TARGET$ # Country  
  
		any_scope_treaty = {  
			binds = $TARGET$  
			any_scope_article = {  
				has_type = defensive_pact  
			}  
		}  
	}  
}
**Supported Scopes**: none  
**Supported Targets**: state_region  

## ordered_state_region_in_great_plains
ai_country_is_valid_colonization_target = {  
	OR = {  
		is_country_type = unrecognized  
		is_country_type = decentralized # Could be useful for the rare cases this is used outside of AI strategies  
	}  
	OR = {  
		is_subject = no  
		top_overlord ?= {  
			is_country_type = unrecognized  
		}  
	}  
}
**Supported Scopes**: none  
**Supported Targets**: state_region  

## ordered_state_region_in_great_plains_old
has_treaty_defensive_pact_with = {  
	custom_description = {  
		text = has_treaty_defensive_pact_with_trigger  
		subject = this # Country  
		object = $TARGET$ # Country  
  
		any_scope_treaty = {  
			binds = $TARGET$  
			any_scope_article = {  
				has_type = defensive_pact  
			}  
		}  
	}  
}
**Supported Scopes**: none  
**Supported Targets**: state_region  

## ordered_state_region_in_great_rift_valley
ai_is_regional_objective_subjugate_target = {  
	any_scope_regional_objective = {  
		type = aro:ai_regional_objective_subjugate_country  
		is_completed = no  
		region = {  
			root = {  
				"root.variable_map(aro_subjugate_country_map|prev)" ?= { this = $TARGET$ }  
			}  
		}  
	}  
}
**Supported Scopes**: none  
**Supported Targets**: state_region  

## ordered_state_region_in_greater_afghanistan
ai_is_regional_objective_subjugate_target = {  
	any_scope_regional_objective = {  
		type = aro:ai_regional_objective_subjugate_country  
		is_completed = no  
		region = {  
			root = {  
				"root.variable_map(aro_subjugate_country_map|prev)" ?= { this = $TARGET$ }  
			}  
		}  
	}  
}
**Supported Scopes**: none  
**Supported Targets**: state_region  

## ordered_state_region_in_greater_bulgaria
ai_is_regional_objective_protect_target = {  
	any_scope_regional_objective = {  
		type = aro:ai_regional_objective_protect_country  
		is_completed = no  
		region = {  
			root = {  
				"root.variable_map(aro_protect_country_map|prev)" ?= { this = $TARGET$ }  
			}  
		}  
	}  
}
**Supported Scopes**: none  
**Supported Targets**: state_region  

## ordered_state_region_in_greater_canada
ai_country_is_valid_colonization_target = {  
	OR = {  
		is_country_type = unrecognized  
		is_country_type = decentralized # Could be useful for the rare cases this is used outside of AI strategies  
	}  
	OR = {  
		is_subject = no  
		top_overlord ?= {  
			is_country_type = unrecognized  
		}  
	}  
}
**Supported Scopes**: none  
**Supported Targets**: state_region  

## ordered_state_region_in_greater_croatia
ai_country_is_valid_colonization_target = {  
	OR = {  
		is_country_type = unrecognized  
		is_country_type = decentralized # Could be useful for the rare cases this is used outside of AI strategies  
	}  
	OR = {  
		is_subject = no  
		top_overlord ?= {  
			is_country_type = unrecognized  
		}  
	}  
}
**Supported Scopes**: none  
**Supported Targets**: state_region  

## ordered_state_region_in_greater_germany
ai_country_is_valid_colonization_target = {  
	OR = {  
		is_country_type = unrecognized  
		is_country_type = decentralized # Could be useful for the rare cases this is used outside of AI strategies  
	}  
	OR = {  
		is_subject = no  
		top_overlord ?= {  
			is_country_type = unrecognized  
		}  
	}  
}
**Supported Scopes**: none  
**Supported Targets**: state_region  

## ordered_state_region_in_greater_khorasan
ai_country_is_valid_colonization_target = {  
	OR = {  
		is_country_type = unrecognized  
		is_country_type = decentralized # Could be useful for the rare cases this is used outside of AI strategies  
	}  
	OR = {  
		is_subject = no  
		top_overlord ?= {  
			is_country_type = unrecognized  
		}  
	}  
}
**Supported Scopes**: none  
**Supported Targets**: state_region  

## ordered_state_region_in_greater_persia
has_treaty_defensive_pact_with = {  
	custom_description = {  
		text = has_treaty_defensive_pact_with_trigger  
		subject = this # Country  
		object = $TARGET$ # Country  
  
		any_scope_treaty = {  
			binds = $TARGET$  
			any_scope_article = {  
				has_type = defensive_pact  
			}  
		}  
	}  
}
**Supported Scopes**: none  
**Supported Targets**: state_region  

## ordered_state_region_in_greater_romania
ai_is_regional_objective_subjugate_target = {  
	any_scope_regional_objective = {  
		type = aro:ai_regional_objective_subjugate_country  
		is_completed = no  
		region = {  
			root = {  
				"root.variable_map(aro_subjugate_country_map|prev)" ?= { this = $TARGET$ }  
			}  
		}  
	}  
}
**Supported Scopes**: none  
**Supported Targets**: state_region  

## ordered_state_region_in_gujarat_bombay_line
ai_is_regional_objective_subjugate_target = {  
	any_scope_regional_objective = {  
		type = aro:ai_regional_objective_subjugate_country  
		is_completed = no  
		region = {  
			root = {  
				"root.variable_map(aro_subjugate_country_map|prev)" ?= { this = $TARGET$ }  
			}  
		}  
	}  
}
**Supported Scopes**: none  
**Supported Targets**: state_region  

## ordered_state_region_in_han_homelands
ai_is_regional_objective_protect_target = {  
	any_scope_regional_objective = {  
		type = aro:ai_regional_objective_protect_country  
		is_completed = no  
		region = {  
			root = {  
				"root.variable_map(aro_protect_country_map|prev)" ?= { this = $TARGET$ }  
			}  
		}  
	}  
}
**Supported Scopes**: none  
**Supported Targets**: state_region  

## ordered_state_region_in_himalayas
has_treaty_defensive_pact_with = {  
	custom_description = {  
		text = has_treaty_defensive_pact_with_trigger  
		subject = this # Country  
		object = $TARGET$ # Country  
  
		any_scope_treaty = {  
			binds = $TARGET$  
			any_scope_article = {  
				has_type = defensive_pact  
			}  
		}  
	}  
}
**Supported Scopes**: none  
**Supported Targets**: state_region  

## ordered_state_region_in_himalayas_old
ai_is_regional_objective_protect_target = {  
	any_scope_regional_objective = {  
		type = aro:ai_regional_objective_protect_country  
		is_completed = no  
		region = {  
			root = {  
				"root.variable_map(aro_protect_country_map|prev)" ?= { this = $TARGET$ }  
			}  
		}  
	}  
}
**Supported Scopes**: none  
**Supported Targets**: state_region  

## ordered_state_region_in_historic_byzantium
ai_is_regional_objective_subjugate_target = {  
	any_scope_regional_objective = {  
		type = aro:ai_regional_objective_subjugate_country  
		is_completed = no  
		region = {  
			root = {  
				"root.variable_map(aro_subjugate_country_map|prev)" ?= { this = $TARGET$ }  
			}  
		}  
	}  
}
**Supported Scopes**: none  
**Supported Targets**: state_region  

## ordered_state_region_in_home_islands
has_treaty_defensive_pact_with = {  
	custom_description = {  
		text = has_treaty_defensive_pact_with_trigger  
		subject = this # Country  
		object = $TARGET$ # Country  
  
		any_scope_treaty = {  
			binds = $TARGET$  
			any_scope_article = {  
				has_type = defensive_pact  
			}  
		}  
	}  
}
**Supported Scopes**: none  
**Supported Targets**: state_region  

## ordered_state_region_in_honshu
ai_country_is_valid_colonization_target = {  
	OR = {  
		is_country_type = unrecognized  
		is_country_type = decentralized # Could be useful for the rare cases this is used outside of AI strategies  
	}  
	OR = {  
		is_subject = no  
		top_overlord ?= {  
			is_country_type = unrecognized  
		}  
	}  
}
**Supported Scopes**: none  
**Supported Targets**: state_region  

## ordered_state_region_in_hungary
ai_country_is_valid_colonization_target = {  
	OR = {  
		is_country_type = unrecognized  
		is_country_type = decentralized # Could be useful for the rare cases this is used outside of AI strategies  
	}  
	OR = {  
		is_subject = no  
		top_overlord ?= {  
			is_country_type = unrecognized  
		}  
	}  
}
**Supported Scopes**: none  
**Supported Targets**: state_region  

## ordered_state_region_in_iberia_old
has_treaty_defensive_pact_with = {  
	custom_description = {  
		text = has_treaty_defensive_pact_with_trigger  
		subject = this # Country  
		object = $TARGET$ # Country  
  
		any_scope_treaty = {  
			binds = $TARGET$  
			any_scope_article = {  
				has_type = defensive_pact  
			}  
		}  
	}  
}
**Supported Scopes**: none  
**Supported Targets**: state_region  

## ordered_state_region_in_iceland
has_treaty_defensive_pact_with = {  
	custom_description = {  
		text = has_treaty_defensive_pact_with_trigger  
		subject = this # Country  
		object = $TARGET$ # Country  
  
		any_scope_treaty = {  
			binds = $TARGET$  
			any_scope_article = {  
				has_type = defensive_pact  
			}  
		}  
	}  
}
**Supported Scopes**: none  
**Supported Targets**: state_region  

## ordered_state_region_in_india
has_treaty_defensive_pact_with = {  
	custom_description = {  
		text = has_treaty_defensive_pact_with_trigger  
		subject = this # Country  
		object = $TARGET$ # Country  
  
		any_scope_treaty = {  
			binds = $TARGET$  
			any_scope_article = {  
				has_type = defensive_pact  
			}  
		}  
	}  
}
**Supported Scopes**: none  
**Supported Targets**: state_region  

## ordered_state_region_in_indian_frontier
ai_is_regional_objective_protect_target = {  
	any_scope_regional_objective = {  
		type = aro:ai_regional_objective_protect_country  
		is_completed = no  
		region = {  
			root = {  
				"root.variable_map(aro_protect_country_map|prev)" ?= { this = $TARGET$ }  
			}  
		}  
	}  
}
**Supported Scopes**: none  
**Supported Targets**: state_region  

## ordered_state_region_in_indochina
ai_country_is_valid_colonization_target = {  
	OR = {  
		is_country_type = unrecognized  
		is_country_type = decentralized # Could be useful for the rare cases this is used outside of AI strategies  
	}  
	OR = {  
		is_subject = no  
		top_overlord ?= {  
			is_country_type = unrecognized  
		}  
	}  
}
**Supported Scopes**: none  
**Supported Targets**: state_region  

## ordered_state_region_in_indonesia
has_treaty_defensive_pact_with = {  
	custom_description = {  
		text = has_treaty_defensive_pact_with_trigger  
		subject = this # Country  
		object = $TARGET$ # Country  
  
		any_scope_treaty = {  
			binds = $TARGET$  
			any_scope_article = {  
				has_type = defensive_pact  
			}  
		}  
	}  
}
**Supported Scopes**: none  
**Supported Targets**: state_region  

## ordered_state_region_in_italy_old
ai_country_is_valid_colonization_target = {  
	OR = {  
		is_country_type = unrecognized  
		is_country_type = decentralized # Could be useful for the rare cases this is used outside of AI strategies  
	}  
	OR = {  
		is_subject = no  
		top_overlord ?= {  
			is_country_type = unrecognized  
		}  
	}  
}
**Supported Scopes**: none  
**Supported Targets**: state_region  

## ordered_state_region_in_japan
ai_is_regional_objective_subjugate_target = {  
	any_scope_regional_objective = {  
		type = aro:ai_regional_objective_subjugate_country  
		is_completed = no  
		region = {  
			root = {  
				"root.variable_map(aro_subjugate_country_map|prev)" ?= { this = $TARGET$ }  
			}  
		}  
	}  
}
**Supported Scopes**: none  
**Supported Targets**: state_region  

## ordered_state_region_in_japan_old
ai_is_regional_objective_subjugate_target = {  
	any_scope_regional_objective = {  
		type = aro:ai_regional_objective_subjugate_country  
		is_completed = no  
		region = {  
			root = {  
				"root.variable_map(aro_subjugate_country_map|prev)" ?= { this = $TARGET$ }  
			}  
		}  
	}  
}
**Supported Scopes**: none  
**Supported Targets**: state_region  

## ordered_state_region_in_korea
ai_country_is_valid_colonization_target = {  
	OR = {  
		is_country_type = unrecognized  
		is_country_type = decentralized # Could be useful for the rare cases this is used outside of AI strategies  
	}  
	OR = {  
		is_subject = no  
		top_overlord ?= {  
			is_country_type = unrecognized  
		}  
	}  
}
**Supported Scopes**: none  
**Supported Targets**: state_region  

## ordered_state_region_in_krakatoa_tsunami_zone
ai_is_regional_objective_protect_target = {  
	any_scope_regional_objective = {  
		type = aro:ai_regional_objective_protect_country  
		is_completed = no  
		region = {  
			root = {  
				"root.variable_map(aro_protect_country_map|prev)" ?= { this = $TARGET$ }  
			}  
		}  
	}  
}
**Supported Scopes**: none  
**Supported Targets**: state_region  

## ordered_state_region_in_la_plata
ai_country_is_valid_colonization_target = {  
	OR = {  
		is_country_type = unrecognized  
		is_country_type = decentralized # Could be useful for the rare cases this is used outside of AI strategies  
	}  
	OR = {  
		is_subject = no  
		top_overlord ?= {  
			is_country_type = unrecognized  
		}  
	}  
}
**Supported Scopes**: none  
**Supported Targets**: state_region  

## ordered_state_region_in_latin_america
has_treaty_defensive_pact_with = {  
	custom_description = {  
		text = has_treaty_defensive_pact_with_trigger  
		subject = this # Country  
		object = $TARGET$ # Country  
  
		any_scope_treaty = {  
			binds = $TARGET$  
			any_scope_article = {  
				has_type = defensive_pact  
			}  
		}  
	}  
}
**Supported Scopes**: none  
**Supported Targets**: state_region  

## ordered_state_region_in_lesser_germany
ai_is_regional_objective_protect_target = {  
	any_scope_regional_objective = {  
		type = aro:ai_regional_objective_protect_country  
		is_completed = no  
		region = {  
			root = {  
				"root.variable_map(aro_protect_country_map|prev)" ?= { this = $TARGET$ }  
			}  
		}  
	}  
}
**Supported Scopes**: none  
**Supported Targets**: state_region  

## ordered_state_region_in_madras_old
ai_is_regional_objective_subjugate_target = {  
	any_scope_regional_objective = {  
		type = aro:ai_regional_objective_subjugate_country  
		is_completed = no  
		region = {  
			root = {  
				"root.variable_map(aro_subjugate_country_map|prev)" ?= { this = $TARGET$ }  
			}  
		}  
	}  
}
**Supported Scopes**: none  
**Supported Targets**: state_region  

## ordered_state_region_in_manchuria_old
ai_is_regional_objective_subjugate_target = {  
	any_scope_regional_objective = {  
		type = aro:ai_regional_objective_subjugate_country  
		is_completed = no  
		region = {  
			root = {  
				"root.variable_map(aro_subjugate_country_map|prev)" ?= { this = $TARGET$ }  
			}  
		}  
	}  
}
**Supported Scopes**: none  
**Supported Targets**: state_region  

## ordered_state_region_in_megali_greece
ai_is_regional_objective_subjugate_target = {  
	any_scope_regional_objective = {  
		type = aro:ai_regional_objective_subjugate_country  
		is_completed = no  
		region = {  
			root = {  
				"root.variable_map(aro_subjugate_country_map|prev)" ?= { this = $TARGET$ }  
			}  
		}  
	}  
}
**Supported Scopes**: none  
**Supported Targets**: state_region  

## ordered_state_region_in_mexico_old
ai_is_regional_objective_protect_target = {  
	any_scope_regional_objective = {  
		type = aro:ai_regional_objective_protect_country  
		is_completed = no  
		region = {  
			root = {  
				"root.variable_map(aro_protect_country_map|prev)" ?= { this = $TARGET$ }  
			}  
		}  
	}  
}
**Supported Scopes**: none  
**Supported Targets**: state_region  

## ordered_state_region_in_middle_east
ai_country_is_valid_colonization_target = {  
	OR = {  
		is_country_type = unrecognized  
		is_country_type = decentralized # Could be useful for the rare cases this is used outside of AI strategies  
	}  
	OR = {  
		is_subject = no  
		top_overlord ?= {  
			is_country_type = unrecognized  
		}  
	}  
}
**Supported Scopes**: none  
**Supported Targets**: state_region  

## ordered_state_region_in_mozambique
ai_country_is_valid_colonization_target = {  
	OR = {  
		is_country_type = unrecognized  
		is_country_type = decentralized # Could be useful for the rare cases this is used outside of AI strategies  
	}  
	OR = {  
		is_subject = no  
		top_overlord ?= {  
			is_country_type = unrecognized  
		}  
	}  
}
**Supported Scopes**: none  
**Supported Targets**: state_region  

## ordered_state_region_in_near_east
ai_is_regional_objective_protect_target = {  
	any_scope_regional_objective = {  
		type = aro:ai_regional_objective_protect_country  
		is_completed = no  
		region = {  
			root = {  
				"root.variable_map(aro_protect_country_map|prev)" ?= { this = $TARGET$ }  
			}  
		}  
	}  
}
**Supported Scopes**: none  
**Supported Targets**: state_region  

## ordered_state_region_in_new_england_old
ai_is_regional_objective_subjugate_target = {  
	any_scope_regional_objective = {  
		type = aro:ai_regional_objective_subjugate_country  
		is_completed = no  
		region = {  
			root = {  
				"root.variable_map(aro_subjugate_country_map|prev)" ?= { this = $TARGET$ }  
			}  
		}  
	}  
}
**Supported Scopes**: none  
**Supported Targets**: state_region  

## ordered_state_region_in_new_world
ai_country_is_valid_colonization_target = {  
	OR = {  
		is_country_type = unrecognized  
		is_country_type = decentralized # Could be useful for the rare cases this is used outside of AI strategies  
	}  
	OR = {  
		is_subject = no  
		top_overlord ?= {  
			is_country_type = unrecognized  
		}  
	}  
}
**Supported Scopes**: none  
**Supported Targets**: state_region  

## ordered_state_region_in_new_zealand
ai_is_regional_objective_protect_target = {  
	any_scope_regional_objective = {  
		type = aro:ai_regional_objective_protect_country  
		is_completed = no  
		region = {  
			root = {  
				"root.variable_map(aro_protect_country_map|prev)" ?= { this = $TARGET$ }  
			}  
		}  
	}  
}
**Supported Scopes**: none  
**Supported Targets**: state_region  

## ordered_state_region_in_niger_old
ai_is_regional_objective_protect_target = {  
	any_scope_regional_objective = {  
		type = aro:ai_regional_objective_protect_country  
		is_completed = no  
		region = {  
			root = {  
				"root.variable_map(aro_protect_country_map|prev)" ?= { this = $TARGET$ }  
			}  
		}  
	}  
}
**Supported Scopes**: none  
**Supported Targets**: state_region  

## ordered_state_region_in_nile_basin
ai_is_regional_objective_subjugate_target = {  
	any_scope_regional_objective = {  
		type = aro:ai_regional_objective_subjugate_country  
		is_completed = no  
		region = {  
			root = {  
				"root.variable_map(aro_subjugate_country_map|prev)" ?= { this = $TARGET$ }  
			}  
		}  
	}  
}
**Supported Scopes**: none  
**Supported Targets**: state_region  

## ordered_state_region_in_north_africa
ai_is_regional_objective_subjugate_target = {  
	any_scope_regional_objective = {  
		type = aro:ai_regional_objective_subjugate_country  
		is_completed = no  
		region = {  
			root = {  
				"root.variable_map(aro_subjugate_country_map|prev)" ?= { this = $TARGET$ }  
			}  
		}  
	}  
}
**Supported Scopes**: none  
**Supported Targets**: state_region  

## ordered_state_region_in_north_africa_egypt
ai_is_regional_objective_subjugate_target = {  
	any_scope_regional_objective = {  
		type = aro:ai_regional_objective_subjugate_country  
		is_completed = no  
		region = {  
			root = {  
				"root.variable_map(aro_subjugate_country_map|prev)" ?= { this = $TARGET$ }  
			}  
		}  
	}  
}
**Supported Scopes**: none  
**Supported Targets**: state_region  

## ordered_state_region_in_north_africa_old
has_treaty_defensive_pact_with = {  
	custom_description = {  
		text = has_treaty_defensive_pact_with_trigger  
		subject = this # Country  
		object = $TARGET$ # Country  
  
		any_scope_treaty = {  
			binds = $TARGET$  
			any_scope_article = {  
				has_type = defensive_pact  
			}  
		}  
	}  
}
**Supported Scopes**: none  
**Supported Targets**: state_region  

## ordered_state_region_in_north_america
ai_country_is_valid_colonization_target = {  
	OR = {  
		is_country_type = unrecognized  
		is_country_type = decentralized # Could be useful for the rare cases this is used outside of AI strategies  
	}  
	OR = {  
		is_subject = no  
		top_overlord ?= {  
			is_country_type = unrecognized  
		}  
	}  
}
**Supported Scopes**: none  
**Supported Targets**: state_region  

## ordered_state_region_in_north_andes
ai_is_regional_objective_protect_target = {  
	any_scope_regional_objective = {  
		type = aro:ai_regional_objective_protect_country  
		is_completed = no  
		region = {  
			root = {  
				"root.variable_map(aro_protect_country_map|prev)" ?= { this = $TARGET$ }  
			}  
		}  
	}  
}
**Supported Scopes**: none  
**Supported Targets**: state_region  

## ordered_state_region_in_north_china
ai_is_regional_objective_subjugate_target = {  
	any_scope_regional_objective = {  
		type = aro:ai_regional_objective_subjugate_country  
		is_completed = no  
		region = {  
			root = {  
				"root.variable_map(aro_subjugate_country_map|prev)" ?= { this = $TARGET$ }  
			}  
		}  
	}  
}
**Supported Scopes**: none  
**Supported Targets**: state_region  

## ordered_state_region_in_north_germany_old
ai_is_regional_objective_protect_target = {  
	any_scope_regional_objective = {  
		type = aro:ai_regional_objective_protect_country  
		is_completed = no  
		region = {  
			root = {  
				"root.variable_map(aro_protect_country_map|prev)" ?= { this = $TARGET$ }  
			}  
		}  
	}  
}
**Supported Scopes**: none  
**Supported Targets**: state_region  

## ordered_state_region_in_north_india
ai_country_is_valid_colonization_target = {  
	OR = {  
		is_country_type = unrecognized  
		is_country_type = decentralized # Could be useful for the rare cases this is used outside of AI strategies  
	}  
	OR = {  
		is_subject = no  
		top_overlord ?= {  
			is_country_type = unrecognized  
		}  
	}  
}
**Supported Scopes**: none  
**Supported Targets**: state_region  

## ordered_state_region_in_north_sea_old
ai_country_is_valid_colonization_target = {  
	OR = {  
		is_country_type = unrecognized  
		is_country_type = decentralized # Could be useful for the rare cases this is used outside of AI strategies  
	}  
	OR = {  
		is_subject = no  
		top_overlord ?= {  
			is_country_type = unrecognized  
		}  
	}  
}
**Supported Scopes**: none  
**Supported Targets**: state_region  

## ordered_state_region_in_northeast_asia
has_treaty_defensive_pact_with = {  
	custom_description = {  
		text = has_treaty_defensive_pact_with_trigger  
		subject = this # Country  
		object = $TARGET$ # Country  
  
		any_scope_treaty = {  
			binds = $TARGET$  
			any_scope_article = {  
				has_type = defensive_pact  
			}  
		}  
	}  
}
**Supported Scopes**: none  
**Supported Targets**: state_region  

## ordered_state_region_in_northern_europe
ai_is_regional_objective_protect_target = {  
	any_scope_regional_objective = {  
		type = aro:ai_regional_objective_protect_country  
		is_completed = no  
		region = {  
			root = {  
				"root.variable_map(aro_protect_country_map|prev)" ?= { this = $TARGET$ }  
			}  
		}  
	}  
}
**Supported Scopes**: none  
**Supported Targets**: state_region  

## ordered_state_region_in_northern_mexico
ai_is_regional_objective_subjugate_target = {  
	any_scope_regional_objective = {  
		type = aro:ai_regional_objective_subjugate_country  
		is_completed = no  
		region = {  
			root = {  
				"root.variable_map(aro_subjugate_country_map|prev)" ?= { this = $TARGET$ }  
			}  
		}  
	}  
}
**Supported Scopes**: none  
**Supported Targets**: state_region  

## ordered_state_region_in_occitania_old
ai_is_regional_objective_subjugate_target = {  
	any_scope_regional_objective = {  
		type = aro:ai_regional_objective_subjugate_country  
		is_completed = no  
		region = {  
			root = {  
				"root.variable_map(aro_subjugate_country_map|prev)" ?= { this = $TARGET$ }  
			}  
		}  
	}  
}
**Supported Scopes**: none  
**Supported Targets**: state_region  

## ordered_state_region_in_oceania
ai_is_regional_objective_protect_target = {  
	any_scope_regional_objective = {  
		type = aro:ai_regional_objective_protect_country  
		is_completed = no  
		region = {  
			root = {  
				"root.variable_map(aro_protect_country_map|prev)" ?= { this = $TARGET$ }  
			}  
		}  
	}  
}
**Supported Scopes**: none  
**Supported Targets**: state_region  

## ordered_state_region_in_old_world
ai_is_regional_objective_protect_target = {  
	any_scope_regional_objective = {  
		type = aro:ai_regional_objective_protect_country  
		is_completed = no  
		region = {  
			root = {  
				"root.variable_map(aro_protect_country_map|prev)" ?= { this = $TARGET$ }  
			}  
		}  
	}  
}
**Supported Scopes**: none  
**Supported Targets**: state_region  

## ordered_state_region_in_pacific_coast
ai_is_regional_objective_protect_target = {  
	any_scope_regional_objective = {  
		type = aro:ai_regional_objective_protect_country  
		is_completed = no  
		region = {  
			root = {  
				"root.variable_map(aro_protect_country_map|prev)" ?= { this = $TARGET$ }  
			}  
		}  
	}  
}
**Supported Scopes**: none  
**Supported Targets**: state_region  

## ordered_state_region_in_pacific_coast_old
ai_is_regional_objective_subjugate_target = {  
	any_scope_regional_objective = {  
		type = aro:ai_regional_objective_subjugate_country  
		is_completed = no  
		region = {  
			root = {  
				"root.variable_map(aro_subjugate_country_map|prev)" ?= { this = $TARGET$ }  
			}  
		}  
	}  
}
**Supported Scopes**: none  
**Supported Targets**: state_region  

## ordered_state_region_in_persia_old
ai_country_is_valid_colonization_target = {  
	OR = {  
		is_country_type = unrecognized  
		is_country_type = decentralized # Could be useful for the rare cases this is used outside of AI strategies  
	}  
	OR = {  
		is_subject = no  
		top_overlord ?= {  
			is_country_type = unrecognized  
		}  
	}  
}
**Supported Scopes**: none  
**Supported Targets**: state_region  

## ordered_state_region_in_peru
ai_is_regional_objective_subjugate_target = {  
	any_scope_regional_objective = {  
		type = aro:ai_regional_objective_subjugate_country  
		is_completed = no  
		region = {  
			root = {  
				"root.variable_map(aro_subjugate_country_map|prev)" ?= { this = $TARGET$ }  
			}  
		}  
	}  
}
**Supported Scopes**: none  
**Supported Targets**: state_region  

## ordered_state_region_in_philippines
ai_is_regional_objective_subjugate_target = {  
	any_scope_regional_objective = {  
		type = aro:ai_regional_objective_subjugate_country  
		is_completed = no  
		region = {  
			root = {  
				"root.variable_map(aro_subjugate_country_map|prev)" ?= { this = $TARGET$ }  
			}  
		}  
	}  
}
**Supported Scopes**: none  
**Supported Targets**: state_region  

## ordered_state_region_in_poland_old
ai_is_regional_objective_subjugate_target = {  
	any_scope_regional_objective = {  
		type = aro:ai_regional_objective_subjugate_country  
		is_completed = no  
		region = {  
			root = {  
				"root.variable_map(aro_subjugate_country_map|prev)" ?= { this = $TARGET$ }  
			}  
		}  
	}  
}
**Supported Scopes**: none  
**Supported Targets**: state_region  

## ordered_state_region_in_polar_seas
ai_is_regional_objective_subjugate_target = {  
	any_scope_regional_objective = {  
		type = aro:ai_regional_objective_subjugate_country  
		is_completed = no  
		region = {  
			root = {  
				"root.variable_map(aro_subjugate_country_map|prev)" ?= { this = $TARGET$ }  
			}  
		}  
	}  
}
**Supported Scopes**: none  
**Supported Targets**: state_region  

## ordered_state_region_in_punjab_old
ai_is_regional_objective_protect_target = {  
	any_scope_regional_objective = {  
		type = aro:ai_regional_objective_protect_country  
		is_completed = no  
		region = {  
			root = {  
				"root.variable_map(aro_protect_country_map|prev)" ?= { this = $TARGET$ }  
			}  
		}  
	}  
}
**Supported Scopes**: none  
**Supported Targets**: state_region  

## ordered_state_region_in_rhine_old
has_treaty_defensive_pact_with = {  
	custom_description = {  
		text = has_treaty_defensive_pact_with_trigger  
		subject = this # Country  
		object = $TARGET$ # Country  
  
		any_scope_treaty = {  
			binds = $TARGET$  
			any_scope_article = {  
				has_type = defensive_pact  
			}  
		}  
	}  
}
**Supported Scopes**: none  
**Supported Targets**: state_region  

## ordered_state_region_in_ring_of_fire
ai_country_is_valid_colonization_target = {  
	OR = {  
		is_country_type = unrecognized  
		is_country_type = decentralized # Could be useful for the rare cases this is used outside of AI strategies  
	}  
	OR = {  
		is_subject = no  
		top_overlord ?= {  
			is_country_type = unrecognized  
		}  
	}  
}
**Supported Scopes**: none  
**Supported Targets**: state_region  

## ordered_state_region_in_russia
ai_country_is_valid_colonization_target = {  
	OR = {  
		is_country_type = unrecognized  
		is_country_type = decentralized # Could be useful for the rare cases this is used outside of AI strategies  
	}  
	OR = {  
		is_subject = no  
		top_overlord ?= {  
			is_country_type = unrecognized  
		}  
	}  
}
**Supported Scopes**: none  
**Supported Targets**: state_region  

## ordered_state_region_in_russia_old
has_treaty_defensive_pact_with = {  
	custom_description = {  
		text = has_treaty_defensive_pact_with_trigger  
		subject = this # Country  
		object = $TARGET$ # Country  
  
		any_scope_treaty = {  
			binds = $TARGET$  
			any_scope_article = {  
				has_type = defensive_pact  
			}  
		}  
	}  
}
**Supported Scopes**: none  
**Supported Targets**: state_region  

## ordered_state_region_in_scandinavia
ai_is_regional_objective_protect_target = {  
	any_scope_regional_objective = {  
		type = aro:ai_regional_objective_protect_country  
		is_completed = no  
		region = {  
			root = {  
				"root.variable_map(aro_protect_country_map|prev)" ?= { this = $TARGET$ }  
			}  
		}  
	}  
}
**Supported Scopes**: none  
**Supported Targets**: state_region  

## ordered_state_region_in_senegal_old
ai_country_is_valid_colonization_target = {  
	OR = {  
		is_country_type = unrecognized  
		is_country_type = decentralized # Could be useful for the rare cases this is used outside of AI strategies  
	}  
	OR = {  
		is_subject = no  
		top_overlord ?= {  
			is_country_type = unrecognized  
		}  
	}  
}
**Supported Scopes**: none  
**Supported Targets**: state_region  

## ordered_state_region_in_siberia
ai_country_is_valid_colonization_target = {  
	OR = {  
		is_country_type = unrecognized  
		is_country_type = decentralized # Could be useful for the rare cases this is used outside of AI strategies  
	}  
	OR = {  
		is_subject = no  
		top_overlord ?= {  
			is_country_type = unrecognized  
		}  
	}  
}
**Supported Scopes**: none  
**Supported Targets**: state_region  

## ordered_state_region_in_south_africa
ai_is_regional_objective_subjugate_target = {  
	any_scope_regional_objective = {  
		type = aro:ai_regional_objective_subjugate_country  
		is_completed = no  
		region = {  
			root = {  
				"root.variable_map(aro_subjugate_country_map|prev)" ?= { this = $TARGET$ }  
			}  
		}  
	}  
}
**Supported Scopes**: none  
**Supported Targets**: state_region  

## ordered_state_region_in_south_america
has_treaty_defensive_pact_with = {  
	custom_description = {  
		text = has_treaty_defensive_pact_with_trigger  
		subject = this # Country  
		object = $TARGET$ # Country  
  
		any_scope_treaty = {  
			binds = $TARGET$  
			any_scope_article = {  
				has_type = defensive_pact  
			}  
		}  
	}  
}
**Supported Scopes**: none  
**Supported Targets**: state_region  

## ordered_state_region_in_south_china
ai_is_regional_objective_subjugate_target = {  
	any_scope_regional_objective = {  
		type = aro:ai_regional_objective_subjugate_country  
		is_completed = no  
		region = {  
			root = {  
				"root.variable_map(aro_subjugate_country_map|prev)" ?= { this = $TARGET$ }  
			}  
		}  
	}  
}
**Supported Scopes**: none  
**Supported Targets**: state_region  

## ordered_state_region_in_south_east_asia
ai_is_regional_objective_subjugate_target = {  
	any_scope_regional_objective = {  
		type = aro:ai_regional_objective_subjugate_country  
		is_completed = no  
		region = {  
			root = {  
				"root.variable_map(aro_subjugate_country_map|prev)" ?= { this = $TARGET$ }  
			}  
		}  
	}  
}
**Supported Scopes**: none  
**Supported Targets**: state_region  

## ordered_state_region_in_south_germany_old
ai_country_is_valid_colonization_target = {  
	OR = {  
		is_country_type = unrecognized  
		is_country_type = decentralized # Could be useful for the rare cases this is used outside of AI strategies  
	}  
	OR = {  
		is_subject = no  
		top_overlord ?= {  
			is_country_type = unrecognized  
		}  
	}  
}
**Supported Scopes**: none  
**Supported Targets**: state_region  

## ordered_state_region_in_south_india
ai_is_regional_objective_subjugate_target = {  
	any_scope_regional_objective = {  
		type = aro:ai_regional_objective_subjugate_country  
		is_completed = no  
		region = {  
			root = {  
				"root.variable_map(aro_subjugate_country_map|prev)" ?= { this = $TARGET$ }  
			}  
		}  
	}  
}
**Supported Scopes**: none  
**Supported Targets**: state_region  

## ordered_state_region_in_southern_africa
ai_is_regional_objective_protect_target = {  
	any_scope_regional_objective = {  
		type = aro:ai_regional_objective_protect_country  
		is_completed = no  
		region = {  
			root = {  
				"root.variable_map(aro_protect_country_map|prev)" ?= { this = $TARGET$ }  
			}  
		}  
	}  
}
**Supported Scopes**: none  
**Supported Targets**: state_region  

## ordered_state_region_in_southern_africa_old
ai_country_is_valid_colonization_target = {  
	OR = {  
		is_country_type = unrecognized  
		is_country_type = decentralized # Could be useful for the rare cases this is used outside of AI strategies  
	}  
	OR = {  
		is_subject = no  
		top_overlord ?= {  
			is_country_type = unrecognized  
		}  
	}  
}
**Supported Scopes**: none  
**Supported Targets**: state_region  

## ordered_state_region_in_southern_cone
ai_is_regional_objective_protect_target = {  
	any_scope_regional_objective = {  
		type = aro:ai_regional_objective_protect_country  
		is_completed = no  
		region = {  
			root = {  
				"root.variable_map(aro_protect_country_map|prev)" ?= { this = $TARGET$ }  
			}  
		}  
	}  
}
**Supported Scopes**: none  
**Supported Targets**: state_region  

## ordered_state_region_in_southern_europe
has_treaty_defensive_pact_with = {  
	custom_description = {  
		text = has_treaty_defensive_pact_with_trigger  
		subject = this # Country  
		object = $TARGET$ # Country  
  
		any_scope_treaty = {  
			binds = $TARGET$  
			any_scope_article = {  
				has_type = defensive_pact  
			}  
		}  
	}  
}
**Supported Scopes**: none  
**Supported Targets**: state_region  

## ordered_state_region_in_subsaharan_africa
has_treaty_defensive_pact_with = {  
	custom_description = {  
		text = has_treaty_defensive_pact_with_trigger  
		subject = this # Country  
		object = $TARGET$ # Country  
  
		any_scope_treaty = {  
			binds = $TARGET$  
			any_scope_article = {  
				has_type = defensive_pact  
			}  
		}  
	}  
}
**Supported Scopes**: none  
**Supported Targets**: state_region  

## ordered_state_region_in_the_midwest_old
ai_country_is_valid_colonization_target = {  
	OR = {  
		is_country_type = unrecognized  
		is_country_type = decentralized # Could be useful for the rare cases this is used outside of AI strategies  
	}  
	OR = {  
		is_subject = no  
		top_overlord ?= {  
			is_country_type = unrecognized  
		}  
	}  
}
**Supported Scopes**: none  
**Supported Targets**: state_region  

## ordered_state_region_in_transoxiana
ai_is_regional_objective_protect_target = {  
	any_scope_regional_objective = {  
		type = aro:ai_regional_objective_protect_country  
		is_completed = no  
		region = {  
			root = {  
				"root.variable_map(aro_protect_country_map|prev)" ?= { this = $TARGET$ }  
			}  
		}  
	}  
}
**Supported Scopes**: none  
**Supported Targets**: state_region  

## ordered_state_region_in_tropical_seas
ai_is_regional_objective_subjugate_target = {  
	any_scope_regional_objective = {  
		type = aro:ai_regional_objective_subjugate_country  
		is_completed = no  
		region = {  
			root = {  
				"root.variable_map(aro_subjugate_country_map|prev)" ?= { this = $TARGET$ }  
			}  
		}  
	}  
}
**Supported Scopes**: none  
**Supported Targets**: state_region  

## ordered_state_region_in_turkestan
ai_country_is_valid_colonization_target = {  
	OR = {  
		is_country_type = unrecognized  
		is_country_type = decentralized # Could be useful for the rare cases this is used outside of AI strategies  
	}  
	OR = {  
		is_subject = no  
		top_overlord ?= {  
			is_country_type = unrecognized  
		}  
	}  
}
**Supported Scopes**: none  
**Supported Targets**: state_region  

## ordered_state_region_in_urals_old
ai_is_regional_objective_subjugate_target = {  
	any_scope_regional_objective = {  
		type = aro:ai_regional_objective_subjugate_country  
		is_completed = no  
		region = {  
			root = {  
				"root.variable_map(aro_subjugate_country_map|prev)" ?= { this = $TARGET$ }  
			}  
		}  
	}  
}
**Supported Scopes**: none  
**Supported Targets**: state_region  

## ordered_state_region_in_west_africa
has_treaty_defensive_pact_with = {  
	custom_description = {  
		text = has_treaty_defensive_pact_with_trigger  
		subject = this # Country  
		object = $TARGET$ # Country  
  
		any_scope_treaty = {  
			binds = $TARGET$  
			any_scope_article = {  
				has_type = defensive_pact  
			}  
		}  
	}  
}
**Supported Scopes**: none  
**Supported Targets**: state_region  

## ordered_state_region_in_west_siberia_old
has_treaty_defensive_pact_with = {  
	custom_description = {  
		text = has_treaty_defensive_pact_with_trigger  
		subject = this # Country  
		object = $TARGET$ # Country  
  
		any_scope_treaty = {  
			binds = $TARGET$  
			any_scope_article = {  
				has_type = defensive_pact  
			}  
		}  
	}  
}
**Supported Scopes**: none  
**Supported Targets**: state_region  

## ordered_state_region_in_western_europe
ai_is_regional_objective_subjugate_target = {  
	any_scope_regional_objective = {  
		type = aro:ai_regional_objective_subjugate_country  
		is_completed = no  
		region = {  
			root = {  
				"root.variable_map(aro_subjugate_country_map|prev)" ?= { this = $TARGET$ }  
			}  
		}  
	}  
}
**Supported Scopes**: none  
**Supported Targets**: state_region  

## ordered_state_region_in_wet_process_region
has_treaty_defensive_pact_with = {  
	custom_description = {  
		text = has_treaty_defensive_pact_with_trigger  
		subject = this # Country  
		object = $TARGET$ # Country  
  
		any_scope_treaty = {  
			binds = $TARGET$  
			any_scope_article = {  
				has_type = defensive_pact  
			}  
		}  
	}  
}
**Supported Scopes**: none  
**Supported Targets**: state_region  

## ordered_state_region_in_yugoslavia
ai_country_is_valid_colonization_target = {  
	OR = {  
		is_country_type = unrecognized  
		is_country_type = decentralized # Could be useful for the rare cases this is used outside of AI strategies  
	}  
	OR = {  
		is_subject = no  
		top_overlord ?= {  
			is_country_type = unrecognized  
		}  
	}  
}
**Supported Scopes**: none  
**Supported Targets**: state_region  

## ordered_state_region_in_zambezi_basin
ai_is_regional_objective_protect_target = {  
	any_scope_regional_objective = {  
		type = aro:ai_regional_objective_protect_country  
		is_completed = no  
		region = {  
			root = {  
				"root.variable_map(aro_protect_country_map|prev)" ?= { this = $TARGET$ }  
			}  
		}  
	}  
}
**Supported Scopes**: none  
**Supported Targets**: state_region  

## ordered_state_region_in_zanj_old
has_treaty_defensive_pact_with = {  
	custom_description = {  
		text = has_treaty_defensive_pact_with_trigger  
		subject = this # Country  
		object = $TARGET$ # Country  
  
		any_scope_treaty = {  
			binds = $TARGET$  
			any_scope_article = {  
				has_type = defensive_pact  
			}  
		}  
	}  
}
**Supported Scopes**: none  
**Supported Targets**: state_region  

## ordered_strategic_objective
Iterate through all Strategic Objective states from the scoped Country  
ordered_strategic_objective = {  
limit = { <triggers> }  
order_by = script_value  
position = int  
min = int  
max = script_value  
check_range_bounds = no # If you don't want an error logged if the list is smaller than the min/max  
<effects> }
**Supported Scopes**: country  
**Supported Targets**: state  

## ordered_strategic_region
Iterate through all strategic regions globally  
ordered_strategic_region = {  
limit = { <triggers> }  
order_by = script_value  
position = int  
min = int  
max = script_value  
check_range_bounds = no # If you don't want an error logged if the list is smaller than the min/max  
<effects> }
**Supported Scopes**: none  
**Supported Targets**: strategic_region  

## ordered_strategic_region_in_afghanistan
ai_is_regional_objective_protect_target = {  
	any_scope_regional_objective = {  
		type = aro:ai_regional_objective_protect_country  
		is_completed = no  
		region = {  
			root = {  
				"root.variable_map(aro_protect_country_map|prev)" ?= { this = $TARGET$ }  
			}  
		}  
	}  
}
**Supported Scopes**: none  
**Supported Targets**: strategic_region  

## ordered_strategic_region_in_africa
ai_country_is_valid_colonization_target = {  
	OR = {  
		is_country_type = unrecognized  
		is_country_type = decentralized # Could be useful for the rare cases this is used outside of AI strategies  
	}  
	OR = {  
		is_subject = no  
		top_overlord ?= {  
			is_country_type = unrecognized  
		}  
	}  
}
**Supported Scopes**: none  
**Supported Targets**: strategic_region  

## ordered_strategic_region_in_allahabad_bombay_line
ai_is_regional_objective_protect_target = {  
	any_scope_regional_objective = {  
		type = aro:ai_regional_objective_protect_country  
		is_completed = no  
		region = {  
			root = {  
				"root.variable_map(aro_protect_country_map|prev)" ?= { this = $TARGET$ }  
			}  
		}  
	}  
}
**Supported Scopes**: none  
**Supported Targets**: strategic_region  

## ordered_strategic_region_in_alpide_belt
ai_is_regional_objective_protect_target = {  
	any_scope_regional_objective = {  
		type = aro:ai_regional_objective_protect_country  
		is_completed = no  
		region = {  
			root = {  
				"root.variable_map(aro_protect_country_map|prev)" ?= { this = $TARGET$ }  
			}  
		}  
	}  
}
**Supported Scopes**: none  
**Supported Targets**: strategic_region  

## ordered_strategic_region_in_amazon
ai_is_regional_objective_protect_target = {  
	any_scope_regional_objective = {  
		type = aro:ai_regional_objective_protect_country  
		is_completed = no  
		region = {  
			root = {  
				"root.variable_map(aro_protect_country_map|prev)" ?= { this = $TARGET$ }  
			}  
		}  
	}  
}
**Supported Scopes**: none  
**Supported Targets**: strategic_region  

## ordered_strategic_region_in_americas
ai_is_regional_objective_protect_target = {  
	any_scope_regional_objective = {  
		type = aro:ai_regional_objective_protect_country  
		is_completed = no  
		region = {  
			root = {  
				"root.variable_map(aro_protect_country_map|prev)" ?= { this = $TARGET$ }  
			}  
		}  
	}  
}
**Supported Scopes**: none  
**Supported Targets**: strategic_region  

## ordered_strategic_region_in_anatolia_old
ai_is_regional_objective_subjugate_target = {  
	any_scope_regional_objective = {  
		type = aro:ai_regional_objective_subjugate_country  
		is_completed = no  
		region = {  
			root = {  
				"root.variable_map(aro_subjugate_country_map|prev)" ?= { this = $TARGET$ }  
			}  
		}  
	}  
}
**Supported Scopes**: none  
**Supported Targets**: strategic_region  

## ordered_strategic_region_in_andean_federation
ai_is_regional_objective_protect_target = {  
	any_scope_regional_objective = {  
		type = aro:ai_regional_objective_protect_country  
		is_completed = no  
		region = {  
			root = {  
				"root.variable_map(aro_protect_country_map|prev)" ?= { this = $TARGET$ }  
			}  
		}  
	}  
}
**Supported Scopes**: none  
**Supported Targets**: strategic_region  

## ordered_strategic_region_in_andes
has_treaty_defensive_pact_with = {  
	custom_description = {  
		text = has_treaty_defensive_pact_with_trigger  
		subject = this # Country  
		object = $TARGET$ # Country  
  
		any_scope_treaty = {  
			binds = $TARGET$  
			any_scope_article = {  
				has_type = defensive_pact  
			}  
		}  
	}  
}
**Supported Scopes**: none  
**Supported Targets**: strategic_region  

## ordered_strategic_region_in_angola
has_treaty_defensive_pact_with = {  
	custom_description = {  
		text = has_treaty_defensive_pact_with_trigger  
		subject = this # Country  
		object = $TARGET$ # Country  
  
		any_scope_treaty = {  
			binds = $TARGET$  
			any_scope_article = {  
				has_type = defensive_pact  
			}  
		}  
	}  
}
**Supported Scopes**: none  
**Supported Targets**: strategic_region  

## ordered_strategic_region_in_arabia
ai_country_is_valid_colonization_target = {  
	OR = {  
		is_country_type = unrecognized  
		is_country_type = decentralized # Could be useful for the rare cases this is used outside of AI strategies  
	}  
	OR = {  
		is_subject = no  
		top_overlord ?= {  
			is_country_type = unrecognized  
		}  
	}  
}
**Supported Scopes**: none  
**Supported Targets**: strategic_region  

## ordered_strategic_region_in_arabic_old
has_treaty_defensive_pact_with = {  
	custom_description = {  
		text = has_treaty_defensive_pact_with_trigger  
		subject = this # Country  
		object = $TARGET$ # Country  
  
		any_scope_treaty = {  
			binds = $TARGET$  
			any_scope_article = {  
				has_type = defensive_pact  
			}  
		}  
	}  
}
**Supported Scopes**: none  
**Supported Targets**: strategic_region  

## ordered_strategic_region_in_aragon
ai_is_regional_objective_protect_target = {  
	any_scope_regional_objective = {  
		type = aro:ai_regional_objective_protect_country  
		is_completed = no  
		region = {  
			root = {  
				"root.variable_map(aro_protect_country_map|prev)" ?= { this = $TARGET$ }  
			}  
		}  
	}  
}
**Supported Scopes**: none  
**Supported Targets**: strategic_region  

## ordered_strategic_region_in_arctic_russia_old
ai_is_regional_objective_protect_target = {  
	any_scope_regional_objective = {  
		type = aro:ai_regional_objective_protect_country  
		is_completed = no  
		region = {  
			root = {  
				"root.variable_map(aro_protect_country_map|prev)" ?= { this = $TARGET$ }  
			}  
		}  
	}  
}
**Supported Scopes**: none  
**Supported Targets**: strategic_region  

## ordered_strategic_region_in_asia
has_treaty_defensive_pact_with = {  
	custom_description = {  
		text = has_treaty_defensive_pact_with_trigger  
		subject = this # Country  
		object = $TARGET$ # Country  
  
		any_scope_treaty = {  
			binds = $TARGET$  
			any_scope_article = {  
				has_type = defensive_pact  
			}  
		}  
	}  
}
**Supported Scopes**: none  
**Supported Targets**: strategic_region  

## ordered_strategic_region_in_atlantic_coast
ai_is_regional_objective_protect_target = {  
	any_scope_regional_objective = {  
		type = aro:ai_regional_objective_protect_country  
		is_completed = no  
		region = {  
			root = {  
				"root.variable_map(aro_protect_country_map|prev)" ?= { this = $TARGET$ }  
			}  
		}  
	}  
}
**Supported Scopes**: none  
**Supported Targets**: strategic_region  

## ordered_strategic_region_in_australasia
has_treaty_defensive_pact_with = {  
	custom_description = {  
		text = has_treaty_defensive_pact_with_trigger  
		subject = this # Country  
		object = $TARGET$ # Country  
  
		any_scope_treaty = {  
			binds = $TARGET$  
			any_scope_article = {  
				has_type = defensive_pact  
			}  
		}  
	}  
}
**Supported Scopes**: none  
**Supported Targets**: strategic_region  

## ordered_strategic_region_in_australia
ai_is_regional_objective_subjugate_target = {  
	any_scope_regional_objective = {  
		type = aro:ai_regional_objective_subjugate_country  
		is_completed = no  
		region = {  
			root = {  
				"root.variable_map(aro_subjugate_country_map|prev)" ?= { this = $TARGET$ }  
			}  
		}  
	}  
}
**Supported Scopes**: none  
**Supported Targets**: strategic_region  

## ordered_strategic_region_in_balkans
ai_is_regional_objective_subjugate_target = {  
	any_scope_regional_objective = {  
		type = aro:ai_regional_objective_subjugate_country  
		is_completed = no  
		region = {  
			root = {  
				"root.variable_map(aro_subjugate_country_map|prev)" ?= { this = $TARGET$ }  
			}  
		}  
	}  
}
**Supported Scopes**: none  
**Supported Targets**: strategic_region  

## ordered_strategic_region_in_balkans_old
ai_is_regional_objective_subjugate_target = {  
	any_scope_regional_objective = {  
		type = aro:ai_regional_objective_subjugate_country  
		is_completed = no  
		region = {  
			root = {  
				"root.variable_map(aro_subjugate_country_map|prev)" ?= { this = $TARGET$ }  
			}  
		}  
	}  
}
**Supported Scopes**: none  
**Supported Targets**: strategic_region  

## ordered_strategic_region_in_baltic_old
ai_is_regional_objective_protect_target = {  
	any_scope_regional_objective = {  
		type = aro:ai_regional_objective_protect_country  
		is_completed = no  
		region = {  
			root = {  
				"root.variable_map(aro_protect_country_map|prev)" ?= { this = $TARGET$ }  
			}  
		}  
	}  
}
**Supported Scopes**: none  
**Supported Targets**: strategic_region  

## ordered_strategic_region_in_baltic_states_old
has_treaty_defensive_pact_with = {  
	custom_description = {  
		text = has_treaty_defensive_pact_with_trigger  
		subject = this # Country  
		object = $TARGET$ # Country  
  
		any_scope_treaty = {  
			binds = $TARGET$  
			any_scope_article = {  
				has_type = defensive_pact  
			}  
		}  
	}  
}
**Supported Scopes**: none  
**Supported Targets**: strategic_region  

## ordered_strategic_region_in_belarus_old
ai_is_regional_objective_subjugate_target = {  
	any_scope_regional_objective = {  
		type = aro:ai_regional_objective_subjugate_country  
		is_completed = no  
		region = {  
			root = {  
				"root.variable_map(aro_subjugate_country_map|prev)" ?= { this = $TARGET$ }  
			}  
		}  
	}  
}
**Supported Scopes**: none  
**Supported Targets**: strategic_region  

## ordered_strategic_region_in_bengal_old
has_treaty_defensive_pact_with = {  
	custom_description = {  
		text = has_treaty_defensive_pact_with_trigger  
		subject = this # Country  
		object = $TARGET$ # Country  
  
		any_scope_treaty = {  
			binds = $TARGET$  
			any_scope_article = {  
				has_type = defensive_pact  
			}  
		}  
	}  
}
**Supported Scopes**: none  
**Supported Targets**: strategic_region  

## ordered_strategic_region_in_bolivia
has_treaty_defensive_pact_with = {  
	custom_description = {  
		text = has_treaty_defensive_pact_with_trigger  
		subject = this # Country  
		object = $TARGET$ # Country  
  
		any_scope_treaty = {  
			binds = $TARGET$  
			any_scope_article = {  
				has_type = defensive_pact  
			}  
		}  
	}  
}
**Supported Scopes**: none  
**Supported Targets**: strategic_region  

## ordered_strategic_region_in_bombay_madras_line
ai_is_regional_objective_protect_target = {  
	any_scope_regional_objective = {  
		type = aro:ai_regional_objective_protect_country  
		is_completed = no  
		region = {  
			root = {  
				"root.variable_map(aro_protect_country_map|prev)" ?= { this = $TARGET$ }  
			}  
		}  
	}  
}
**Supported Scopes**: none  
**Supported Targets**: strategic_region  

## ordered_strategic_region_in_bombay_old
ai_is_regional_objective_subjugate_target = {  
	any_scope_regional_objective = {  
		type = aro:ai_regional_objective_subjugate_country  
		is_completed = no  
		region = {  
			root = {  
				"root.variable_map(aro_subjugate_country_map|prev)" ?= { this = $TARGET$ }  
			}  
		}  
	}  
}
**Supported Scopes**: none  
**Supported Targets**: strategic_region  

## ordered_strategic_region_in_brazil
ai_country_is_valid_colonization_target = {  
	OR = {  
		is_country_type = unrecognized  
		is_country_type = decentralized # Could be useful for the rare cases this is used outside of AI strategies  
	}  
	OR = {  
		is_subject = no  
		top_overlord ?= {  
			is_country_type = unrecognized  
		}  
	}  
}
**Supported Scopes**: none  
**Supported Targets**: strategic_region  

## ordered_strategic_region_in_burma
ai_is_regional_objective_protect_target = {  
	any_scope_regional_objective = {  
		type = aro:ai_regional_objective_protect_country  
		is_completed = no  
		region = {  
			root = {  
				"root.variable_map(aro_protect_country_map|prev)" ?= { this = $TARGET$ }  
			}  
		}  
	}  
}
**Supported Scopes**: none  
**Supported Targets**: strategic_region  

## ordered_strategic_region_in_canada
ai_is_regional_objective_subjugate_target = {  
	any_scope_regional_objective = {  
		type = aro:ai_regional_objective_subjugate_country  
		is_completed = no  
		region = {  
			root = {  
				"root.variable_map(aro_subjugate_country_map|prev)" ?= { this = $TARGET$ }  
			}  
		}  
	}  
}
**Supported Scopes**: none  
**Supported Targets**: strategic_region  

## ordered_strategic_region_in_canada_old
ai_is_regional_objective_protect_target = {  
	any_scope_regional_objective = {  
		type = aro:ai_regional_objective_protect_country  
		is_completed = no  
		region = {  
			root = {  
				"root.variable_map(aro_protect_country_map|prev)" ?= { this = $TARGET$ }  
			}  
		}  
	}  
}
**Supported Scopes**: none  
**Supported Targets**: strategic_region  

## ordered_strategic_region_in_caribbean_old
ai_is_regional_objective_protect_target = {  
	any_scope_regional_objective = {  
		type = aro:ai_regional_objective_protect_country  
		is_completed = no  
		region = {  
			root = {  
				"root.variable_map(aro_protect_country_map|prev)" ?= { this = $TARGET$ }  
			}  
		}  
	}  
}
**Supported Scopes**: none  
**Supported Targets**: strategic_region  

## ordered_strategic_region_in_castile
ai_is_regional_objective_protect_target = {  
	any_scope_regional_objective = {  
		type = aro:ai_regional_objective_protect_country  
		is_completed = no  
		region = {  
			root = {  
				"root.variable_map(aro_protect_country_map|prev)" ?= { this = $TARGET$ }  
			}  
		}  
	}  
}
**Supported Scopes**: none  
**Supported Targets**: strategic_region  

## ordered_strategic_region_in_caucasus_old
ai_is_regional_objective_protect_target = {  
	any_scope_regional_objective = {  
		type = aro:ai_regional_objective_protect_country  
		is_completed = no  
		region = {  
			root = {  
				"root.variable_map(aro_protect_country_map|prev)" ?= { this = $TARGET$ }  
			}  
		}  
	}  
}
**Supported Scopes**: none  
**Supported Targets**: strategic_region  

## ordered_strategic_region_in_central_america
ai_is_regional_objective_protect_target = {  
	any_scope_regional_objective = {  
		type = aro:ai_regional_objective_protect_country  
		is_completed = no  
		region = {  
			root = {  
				"root.variable_map(aro_protect_country_map|prev)" ?= { this = $TARGET$ }  
			}  
		}  
	}  
}
**Supported Scopes**: none  
**Supported Targets**: strategic_region  

## ordered_strategic_region_in_central_america_old
ai_country_is_valid_colonization_target = {  
	OR = {  
		is_country_type = unrecognized  
		is_country_type = decentralized # Could be useful for the rare cases this is used outside of AI strategies  
	}  
	OR = {  
		is_subject = no  
		top_overlord ?= {  
			is_country_type = unrecognized  
		}  
	}  
}
**Supported Scopes**: none  
**Supported Targets**: strategic_region  

## ordered_strategic_region_in_central_asia
ai_is_regional_objective_protect_target = {  
	any_scope_regional_objective = {  
		type = aro:ai_regional_objective_protect_country  
		is_completed = no  
		region = {  
			root = {  
				"root.variable_map(aro_protect_country_map|prev)" ?= { this = $TARGET$ }  
			}  
		}  
	}  
}
**Supported Scopes**: none  
**Supported Targets**: strategic_region  

## ordered_strategic_region_in_central_asia_old
ai_is_regional_objective_protect_target = {  
	any_scope_regional_objective = {  
		type = aro:ai_regional_objective_protect_country  
		is_completed = no  
		region = {  
			root = {  
				"root.variable_map(aro_protect_country_map|prev)" ?= { this = $TARGET$ }  
			}  
		}  
	}  
}
**Supported Scopes**: none  
**Supported Targets**: strategic_region  

## ordered_strategic_region_in_central_europe
ai_is_regional_objective_subjugate_target = {  
	any_scope_regional_objective = {  
		type = aro:ai_regional_objective_subjugate_country  
		is_completed = no  
		region = {  
			root = {  
				"root.variable_map(aro_subjugate_country_map|prev)" ?= { this = $TARGET$ }  
			}  
		}  
	}  
}
**Supported Scopes**: none  
**Supported Targets**: strategic_region  

## ordered_strategic_region_in_central_india_old
ai_country_is_valid_colonization_target = {  
	OR = {  
		is_country_type = unrecognized  
		is_country_type = decentralized # Could be useful for the rare cases this is used outside of AI strategies  
	}  
	OR = {  
		is_subject = no  
		top_overlord ?= {  
			is_country_type = unrecognized  
		}  
	}  
}
**Supported Scopes**: none  
**Supported Targets**: strategic_region  

## ordered_strategic_region_in_china
has_treaty_defensive_pact_with = {  
	custom_description = {  
		text = has_treaty_defensive_pact_with_trigger  
		subject = this # Country  
		object = $TARGET$ # Country  
  
		any_scope_treaty = {  
			binds = $TARGET$  
			any_scope_article = {  
				has_type = defensive_pact  
			}  
		}  
	}  
}
**Supported Scopes**: none  
**Supported Targets**: strategic_region  

## ordered_strategic_region_in_chorasmia
ai_is_regional_objective_subjugate_target = {  
	any_scope_regional_objective = {  
		type = aro:ai_regional_objective_subjugate_country  
		is_completed = no  
		region = {  
			root = {  
				"root.variable_map(aro_subjugate_country_map|prev)" ?= { this = $TARGET$ }  
			}  
		}  
	}  
}
**Supported Scopes**: none  
**Supported Targets**: strategic_region  

## ordered_strategic_region_in_colonial_la_plata
ai_country_is_valid_colonization_target = {  
	OR = {  
		is_country_type = unrecognized  
		is_country_type = decentralized # Could be useful for the rare cases this is used outside of AI strategies  
	}  
	OR = {  
		is_subject = no  
		top_overlord ?= {  
			is_country_type = unrecognized  
		}  
	}  
}
**Supported Scopes**: none  
**Supported Targets**: strategic_region  

## ordered_strategic_region_in_colonial_new_grenada
ai_is_regional_objective_subjugate_target = {  
	any_scope_regional_objective = {  
		type = aro:ai_regional_objective_subjugate_country  
		is_completed = no  
		region = {  
			root = {  
				"root.variable_map(aro_subjugate_country_map|prev)" ?= { this = $TARGET$ }  
			}  
		}  
	}  
}
**Supported Scopes**: none  
**Supported Targets**: strategic_region  

## ordered_strategic_region_in_colonial_new_spain
ai_is_regional_objective_subjugate_target = {  
	any_scope_regional_objective = {  
		type = aro:ai_regional_objective_subjugate_country  
		is_completed = no  
		region = {  
			root = {  
				"root.variable_map(aro_subjugate_country_map|prev)" ?= { this = $TARGET$ }  
			}  
		}  
	}  
}
**Supported Scopes**: none  
**Supported Targets**: strategic_region  

## ordered_strategic_region_in_colonial_peru
has_treaty_defensive_pact_with = {  
	custom_description = {  
		text = has_treaty_defensive_pact_with_trigger  
		subject = this # Country  
		object = $TARGET$ # Country  
  
		any_scope_treaty = {  
			binds = $TARGET$  
			any_scope_article = {  
				has_type = defensive_pact  
			}  
		}  
	}  
}
**Supported Scopes**: none  
**Supported Targets**: strategic_region  

## ordered_strategic_region_in_congo_old
has_treaty_defensive_pact_with = {  
	custom_description = {  
		text = has_treaty_defensive_pact_with_trigger  
		subject = this # Country  
		object = $TARGET$ # Country  
  
		any_scope_treaty = {  
			binds = $TARGET$  
			any_scope_article = {  
				has_type = defensive_pact  
			}  
		}  
	}  
}
**Supported Scopes**: none  
**Supported Targets**: strategic_region  

## ordered_strategic_region_in_danubia_old
ai_is_regional_objective_protect_target = {  
	any_scope_regional_objective = {  
		type = aro:ai_regional_objective_protect_country  
		is_completed = no  
		region = {  
			root = {  
				"root.variable_map(aro_protect_country_map|prev)" ?= { this = $TARGET$ }  
			}  
		}  
	}  
}
**Supported Scopes**: none  
**Supported Targets**: strategic_region  

## ordered_strategic_region_in_delhi_calcutta_line
ai_country_is_valid_colonization_target = {  
	OR = {  
		is_country_type = unrecognized  
		is_country_type = decentralized # Could be useful for the rare cases this is used outside of AI strategies  
	}  
	OR = {  
		is_subject = no  
		top_overlord ?= {  
			is_country_type = unrecognized  
		}  
	}  
}
**Supported Scopes**: none  
**Supported Targets**: strategic_region  

## ordered_strategic_region_in_dixie_old
ai_is_regional_objective_subjugate_target = {  
	any_scope_regional_objective = {  
		type = aro:ai_regional_objective_subjugate_country  
		is_completed = no  
		region = {  
			root = {  
				"root.variable_map(aro_subjugate_country_map|prev)" ?= { this = $TARGET$ }  
			}  
		}  
	}  
}
**Supported Scopes**: none  
**Supported Targets**: strategic_region  

## ordered_strategic_region_in_dnieper_old
ai_is_regional_objective_subjugate_target = {  
	any_scope_regional_objective = {  
		type = aro:ai_regional_objective_subjugate_country  
		is_completed = no  
		region = {  
			root = {  
				"root.variable_map(aro_subjugate_country_map|prev)" ?= { this = $TARGET$ }  
			}  
		}  
	}  
}
**Supported Scopes**: none  
**Supported Targets**: strategic_region  

## ordered_strategic_region_in_east_africa
has_treaty_defensive_pact_with = {  
	custom_description = {  
		text = has_treaty_defensive_pact_with_trigger  
		subject = this # Country  
		object = $TARGET$ # Country  
  
		any_scope_treaty = {  
			binds = $TARGET$  
			any_scope_article = {  
				has_type = defensive_pact  
			}  
		}  
	}  
}
**Supported Scopes**: none  
**Supported Targets**: strategic_region  

## ordered_strategic_region_in_east_asia
ai_is_regional_objective_protect_target = {  
	any_scope_regional_objective = {  
		type = aro:ai_regional_objective_protect_country  
		is_completed = no  
		region = {  
			root = {  
				"root.variable_map(aro_protect_country_map|prev)" ?= { this = $TARGET$ }  
			}  
		}  
	}  
}
**Supported Scopes**: none  
**Supported Targets**: strategic_region  

## ordered_strategic_region_in_east_sibera_old
ai_is_regional_objective_subjugate_target = {  
	any_scope_regional_objective = {  
		type = aro:ai_regional_objective_subjugate_country  
		is_completed = no  
		region = {  
			root = {  
				"root.variable_map(aro_subjugate_country_map|prev)" ?= { this = $TARGET$ }  
			}  
		}  
	}  
}
**Supported Scopes**: none  
**Supported Targets**: strategic_region  

## ordered_strategic_region_in_eastern_europe
ai_is_regional_objective_protect_target = {  
	any_scope_regional_objective = {  
		type = aro:ai_regional_objective_protect_country  
		is_completed = no  
		region = {  
			root = {  
				"root.variable_map(aro_protect_country_map|prev)" ?= { this = $TARGET$ }  
			}  
		}  
	}  
}
**Supported Scopes**: none  
**Supported Targets**: strategic_region  

## ordered_strategic_region_in_england_old
has_treaty_defensive_pact_with = {  
	custom_description = {  
		text = has_treaty_defensive_pact_with_trigger  
		subject = this # Country  
		object = $TARGET$ # Country  
  
		any_scope_treaty = {  
			binds = $TARGET$  
			any_scope_article = {  
				has_type = defensive_pact  
			}  
		}  
	}  
}
**Supported Scopes**: none  
**Supported Targets**: strategic_region  

## ordered_strategic_region_in_equatorial_africa
ai_is_regional_objective_subjugate_target = {  
	any_scope_regional_objective = {  
		type = aro:ai_regional_objective_subjugate_country  
		is_completed = no  
		region = {  
			root = {  
				"root.variable_map(aro_subjugate_country_map|prev)" ?= { this = $TARGET$ }  
			}  
		}  
	}  
}
**Supported Scopes**: none  
**Supported Targets**: strategic_region  

## ordered_strategic_region_in_ethiopia_old
ai_country_is_valid_colonization_target = {  
	OR = {  
		is_country_type = unrecognized  
		is_country_type = decentralized # Could be useful for the rare cases this is used outside of AI strategies  
	}  
	OR = {  
		is_subject = no  
		top_overlord ?= {  
			is_country_type = unrecognized  
		}  
	}  
}
**Supported Scopes**: none  
**Supported Targets**: strategic_region  

## ordered_strategic_region_in_europe
has_treaty_defensive_pact_with = {  
	custom_description = {  
		text = has_treaty_defensive_pact_with_trigger  
		subject = this # Country  
		object = $TARGET$ # Country  
  
		any_scope_treaty = {  
			binds = $TARGET$  
			any_scope_article = {  
				has_type = defensive_pact  
			}  
		}  
	}  
}
**Supported Scopes**: none  
**Supported Targets**: strategic_region  

## ordered_strategic_region_in_ezochi
ai_is_regional_objective_protect_target = {  
	any_scope_regional_objective = {  
		type = aro:ai_regional_objective_protect_country  
		is_completed = no  
		region = {  
			root = {  
				"root.variable_map(aro_protect_country_map|prev)" ?= { this = $TARGET$ }  
			}  
		}  
	}  
}
**Supported Scopes**: none  
**Supported Targets**: strategic_region  

## ordered_strategic_region_in_finland_old
ai_country_is_valid_colonization_target = {  
	OR = {  
		is_country_type = unrecognized  
		is_country_type = decentralized # Could be useful for the rare cases this is used outside of AI strategies  
	}  
	OR = {  
		is_subject = no  
		top_overlord ?= {  
			is_country_type = unrecognized  
		}  
	}  
}
**Supported Scopes**: none  
**Supported Targets**: strategic_region  

## ordered_strategic_region_in_france
has_treaty_defensive_pact_with = {  
	custom_description = {  
		text = has_treaty_defensive_pact_with_trigger  
		subject = this # Country  
		object = $TARGET$ # Country  
  
		any_scope_treaty = {  
			binds = $TARGET$  
			any_scope_article = {  
				has_type = defensive_pact  
			}  
		}  
	}  
}
**Supported Scopes**: none  
**Supported Targets**: strategic_region  

## ordered_strategic_region_in_france_old
ai_is_regional_objective_protect_target = {  
	any_scope_regional_objective = {  
		type = aro:ai_regional_objective_protect_country  
		is_completed = no  
		region = {  
			root = {  
				"root.variable_map(aro_protect_country_map|prev)" ?= { this = $TARGET$ }  
			}  
		}  
	}  
}
**Supported Scopes**: none  
**Supported Targets**: strategic_region  

## ordered_strategic_region_in_french_natural_borders
ai_is_regional_objective_subjugate_target = {  
	any_scope_regional_objective = {  
		type = aro:ai_regional_objective_subjugate_country  
		is_completed = no  
		region = {  
			root = {  
				"root.variable_map(aro_subjugate_country_map|prev)" ?= { this = $TARGET$ }  
			}  
		}  
	}  
}
**Supported Scopes**: none  
**Supported Targets**: strategic_region  

## ordered_strategic_region_in_german_confederation
ai_is_regional_objective_protect_target = {  
	any_scope_regional_objective = {  
		type = aro:ai_regional_objective_protect_country  
		is_completed = no  
		region = {  
			root = {  
				"root.variable_map(aro_protect_country_map|prev)" ?= { this = $TARGET$ }  
			}  
		}  
	}  
}
**Supported Scopes**: none  
**Supported Targets**: strategic_region  

## ordered_strategic_region_in_gran_colombia
ai_is_regional_objective_subjugate_target = {  
	any_scope_regional_objective = {  
		type = aro:ai_regional_objective_subjugate_country  
		is_completed = no  
		region = {  
			root = {  
				"root.variable_map(aro_subjugate_country_map|prev)" ?= { this = $TARGET$ }  
			}  
		}  
	}  
}
**Supported Scopes**: none  
**Supported Targets**: strategic_region  

## ordered_strategic_region_in_great_game_region
has_treaty_defensive_pact_with = {  
	custom_description = {  
		text = has_treaty_defensive_pact_with_trigger  
		subject = this # Country  
		object = $TARGET$ # Country  
  
		any_scope_treaty = {  
			binds = $TARGET$  
			any_scope_article = {  
				has_type = defensive_pact  
			}  
		}  
	}  
}
**Supported Scopes**: none  
**Supported Targets**: strategic_region  

## ordered_strategic_region_in_great_plains
ai_country_is_valid_colonization_target = {  
	OR = {  
		is_country_type = unrecognized  
		is_country_type = decentralized # Could be useful for the rare cases this is used outside of AI strategies  
	}  
	OR = {  
		is_subject = no  
		top_overlord ?= {  
			is_country_type = unrecognized  
		}  
	}  
}
**Supported Scopes**: none  
**Supported Targets**: strategic_region  

## ordered_strategic_region_in_great_plains_old
has_treaty_defensive_pact_with = {  
	custom_description = {  
		text = has_treaty_defensive_pact_with_trigger  
		subject = this # Country  
		object = $TARGET$ # Country  
  
		any_scope_treaty = {  
			binds = $TARGET$  
			any_scope_article = {  
				has_type = defensive_pact  
			}  
		}  
	}  
}
**Supported Scopes**: none  
**Supported Targets**: strategic_region  

## ordered_strategic_region_in_great_rift_valley
ai_is_regional_objective_protect_target = {  
	any_scope_regional_objective = {  
		type = aro:ai_regional_objective_protect_country  
		is_completed = no  
		region = {  
			root = {  
				"root.variable_map(aro_protect_country_map|prev)" ?= { this = $TARGET$ }  
			}  
		}  
	}  
}
**Supported Scopes**: none  
**Supported Targets**: strategic_region  

## ordered_strategic_region_in_greater_afghanistan
ai_country_is_valid_colonization_target = {  
	OR = {  
		is_country_type = unrecognized  
		is_country_type = decentralized # Could be useful for the rare cases this is used outside of AI strategies  
	}  
	OR = {  
		is_subject = no  
		top_overlord ?= {  
			is_country_type = unrecognized  
		}  
	}  
}
**Supported Scopes**: none  
**Supported Targets**: strategic_region  

## ordered_strategic_region_in_greater_bulgaria
has_treaty_defensive_pact_with = {  
	custom_description = {  
		text = has_treaty_defensive_pact_with_trigger  
		subject = this # Country  
		object = $TARGET$ # Country  
  
		any_scope_treaty = {  
			binds = $TARGET$  
			any_scope_article = {  
				has_type = defensive_pact  
			}  
		}  
	}  
}
**Supported Scopes**: none  
**Supported Targets**: strategic_region  

## ordered_strategic_region_in_greater_canada
ai_is_regional_objective_subjugate_target = {  
	any_scope_regional_objective = {  
		type = aro:ai_regional_objective_subjugate_country  
		is_completed = no  
		region = {  
			root = {  
				"root.variable_map(aro_subjugate_country_map|prev)" ?= { this = $TARGET$ }  
			}  
		}  
	}  
}
**Supported Scopes**: none  
**Supported Targets**: strategic_region  

## ordered_strategic_region_in_greater_croatia
ai_is_regional_objective_subjugate_target = {  
	any_scope_regional_objective = {  
		type = aro:ai_regional_objective_subjugate_country  
		is_completed = no  
		region = {  
			root = {  
				"root.variable_map(aro_subjugate_country_map|prev)" ?= { this = $TARGET$ }  
			}  
		}  
	}  
}
**Supported Scopes**: none  
**Supported Targets**: strategic_region  

## ordered_strategic_region_in_greater_germany
ai_is_regional_objective_subjugate_target = {  
	any_scope_regional_objective = {  
		type = aro:ai_regional_objective_subjugate_country  
		is_completed = no  
		region = {  
			root = {  
				"root.variable_map(aro_subjugate_country_map|prev)" ?= { this = $TARGET$ }  
			}  
		}  
	}  
}
**Supported Scopes**: none  
**Supported Targets**: strategic_region  

## ordered_strategic_region_in_greater_khorasan
ai_is_regional_objective_subjugate_target = {  
	any_scope_regional_objective = {  
		type = aro:ai_regional_objective_subjugate_country  
		is_completed = no  
		region = {  
			root = {  
				"root.variable_map(aro_subjugate_country_map|prev)" ?= { this = $TARGET$ }  
			}  
		}  
	}  
}
**Supported Scopes**: none  
**Supported Targets**: strategic_region  

## ordered_strategic_region_in_greater_persia
ai_is_regional_objective_protect_target = {  
	any_scope_regional_objective = {  
		type = aro:ai_regional_objective_protect_country  
		is_completed = no  
		region = {  
			root = {  
				"root.variable_map(aro_protect_country_map|prev)" ?= { this = $TARGET$ }  
			}  
		}  
	}  
}
**Supported Scopes**: none  
**Supported Targets**: strategic_region  

## ordered_strategic_region_in_greater_romania
ai_country_is_valid_colonization_target = {  
	OR = {  
		is_country_type = unrecognized  
		is_country_type = decentralized # Could be useful for the rare cases this is used outside of AI strategies  
	}  
	OR = {  
		is_subject = no  
		top_overlord ?= {  
			is_country_type = unrecognized  
		}  
	}  
}
**Supported Scopes**: none  
**Supported Targets**: strategic_region  

## ordered_strategic_region_in_gujarat_bombay_line
ai_country_is_valid_colonization_target = {  
	OR = {  
		is_country_type = unrecognized  
		is_country_type = decentralized # Could be useful for the rare cases this is used outside of AI strategies  
	}  
	OR = {  
		is_subject = no  
		top_overlord ?= {  
			is_country_type = unrecognized  
		}  
	}  
}
**Supported Scopes**: none  
**Supported Targets**: strategic_region  

## ordered_strategic_region_in_han_homelands
ai_is_regional_objective_subjugate_target = {  
	any_scope_regional_objective = {  
		type = aro:ai_regional_objective_subjugate_country  
		is_completed = no  
		region = {  
			root = {  
				"root.variable_map(aro_subjugate_country_map|prev)" ?= { this = $TARGET$ }  
			}  
		}  
	}  
}
**Supported Scopes**: none  
**Supported Targets**: strategic_region  

## ordered_strategic_region_in_himalayas
has_treaty_defensive_pact_with = {  
	custom_description = {  
		text = has_treaty_defensive_pact_with_trigger  
		subject = this # Country  
		object = $TARGET$ # Country  
  
		any_scope_treaty = {  
			binds = $TARGET$  
			any_scope_article = {  
				has_type = defensive_pact  
			}  
		}  
	}  
}
**Supported Scopes**: none  
**Supported Targets**: strategic_region  

## ordered_strategic_region_in_himalayas_old
has_treaty_defensive_pact_with = {  
	custom_description = {  
		text = has_treaty_defensive_pact_with_trigger  
		subject = this # Country  
		object = $TARGET$ # Country  
  
		any_scope_treaty = {  
			binds = $TARGET$  
			any_scope_article = {  
				has_type = defensive_pact  
			}  
		}  
	}  
}
**Supported Scopes**: none  
**Supported Targets**: strategic_region  

## ordered_strategic_region_in_historic_byzantium
ai_country_is_valid_colonization_target = {  
	OR = {  
		is_country_type = unrecognized  
		is_country_type = decentralized # Could be useful for the rare cases this is used outside of AI strategies  
	}  
	OR = {  
		is_subject = no  
		top_overlord ?= {  
			is_country_type = unrecognized  
		}  
	}  
}
**Supported Scopes**: none  
**Supported Targets**: strategic_region  

## ordered_strategic_region_in_home_islands
has_treaty_defensive_pact_with = {  
	custom_description = {  
		text = has_treaty_defensive_pact_with_trigger  
		subject = this # Country  
		object = $TARGET$ # Country  
  
		any_scope_treaty = {  
			binds = $TARGET$  
			any_scope_article = {  
				has_type = defensive_pact  
			}  
		}  
	}  
}
**Supported Scopes**: none  
**Supported Targets**: strategic_region  

## ordered_strategic_region_in_honshu
ai_country_is_valid_colonization_target = {  
	OR = {  
		is_country_type = unrecognized  
		is_country_type = decentralized # Could be useful for the rare cases this is used outside of AI strategies  
	}  
	OR = {  
		is_subject = no  
		top_overlord ?= {  
			is_country_type = unrecognized  
		}  
	}  
}
**Supported Scopes**: none  
**Supported Targets**: strategic_region  

## ordered_strategic_region_in_hungary
ai_country_is_valid_colonization_target = {  
	OR = {  
		is_country_type = unrecognized  
		is_country_type = decentralized # Could be useful for the rare cases this is used outside of AI strategies  
	}  
	OR = {  
		is_subject = no  
		top_overlord ?= {  
			is_country_type = unrecognized  
		}  
	}  
}
**Supported Scopes**: none  
**Supported Targets**: strategic_region  

## ordered_strategic_region_in_iberia_old
ai_is_regional_objective_protect_target = {  
	any_scope_regional_objective = {  
		type = aro:ai_regional_objective_protect_country  
		is_completed = no  
		region = {  
			root = {  
				"root.variable_map(aro_protect_country_map|prev)" ?= { this = $TARGET$ }  
			}  
		}  
	}  
}
**Supported Scopes**: none  
**Supported Targets**: strategic_region  

## ordered_strategic_region_in_iceland
has_treaty_defensive_pact_with = {  
	custom_description = {  
		text = has_treaty_defensive_pact_with_trigger  
		subject = this # Country  
		object = $TARGET$ # Country  
  
		any_scope_treaty = {  
			binds = $TARGET$  
			any_scope_article = {  
				has_type = defensive_pact  
			}  
		}  
	}  
}
**Supported Scopes**: none  
**Supported Targets**: strategic_region  

## ordered_strategic_region_in_india
ai_is_regional_objective_protect_target = {  
	any_scope_regional_objective = {  
		type = aro:ai_regional_objective_protect_country  
		is_completed = no  
		region = {  
			root = {  
				"root.variable_map(aro_protect_country_map|prev)" ?= { this = $TARGET$ }  
			}  
		}  
	}  
}
**Supported Scopes**: none  
**Supported Targets**: strategic_region  

## ordered_strategic_region_in_indian_frontier
has_treaty_defensive_pact_with = {  
	custom_description = {  
		text = has_treaty_defensive_pact_with_trigger  
		subject = this # Country  
		object = $TARGET$ # Country  
  
		any_scope_treaty = {  
			binds = $TARGET$  
			any_scope_article = {  
				has_type = defensive_pact  
			}  
		}  
	}  
}
**Supported Scopes**: none  
**Supported Targets**: strategic_region  

## ordered_strategic_region_in_indochina
ai_country_is_valid_colonization_target = {  
	OR = {  
		is_country_type = unrecognized  
		is_country_type = decentralized # Could be useful for the rare cases this is used outside of AI strategies  
	}  
	OR = {  
		is_subject = no  
		top_overlord ?= {  
			is_country_type = unrecognized  
		}  
	}  
}
**Supported Scopes**: none  
**Supported Targets**: strategic_region  

## ordered_strategic_region_in_indonesia
ai_is_regional_objective_protect_target = {  
	any_scope_regional_objective = {  
		type = aro:ai_regional_objective_protect_country  
		is_completed = no  
		region = {  
			root = {  
				"root.variable_map(aro_protect_country_map|prev)" ?= { this = $TARGET$ }  
			}  
		}  
	}  
}
**Supported Scopes**: none  
**Supported Targets**: strategic_region  

## ordered_strategic_region_in_italy_old
ai_is_regional_objective_subjugate_target = {  
	any_scope_regional_objective = {  
		type = aro:ai_regional_objective_subjugate_country  
		is_completed = no  
		region = {  
			root = {  
				"root.variable_map(aro_subjugate_country_map|prev)" ?= { this = $TARGET$ }  
			}  
		}  
	}  
}
**Supported Scopes**: none  
**Supported Targets**: strategic_region  

## ordered_strategic_region_in_japan
ai_is_regional_objective_protect_target = {  
	any_scope_regional_objective = {  
		type = aro:ai_regional_objective_protect_country  
		is_completed = no  
		region = {  
			root = {  
				"root.variable_map(aro_protect_country_map|prev)" ?= { this = $TARGET$ }  
			}  
		}  
	}  
}
**Supported Scopes**: none  
**Supported Targets**: strategic_region  

## ordered_strategic_region_in_japan_old
ai_country_is_valid_colonization_target = {  
	OR = {  
		is_country_type = unrecognized  
		is_country_type = decentralized # Could be useful for the rare cases this is used outside of AI strategies  
	}  
	OR = {  
		is_subject = no  
		top_overlord ?= {  
			is_country_type = unrecognized  
		}  
	}  
}
**Supported Scopes**: none  
**Supported Targets**: strategic_region  

## ordered_strategic_region_in_korea
ai_is_regional_objective_subjugate_target = {  
	any_scope_regional_objective = {  
		type = aro:ai_regional_objective_subjugate_country  
		is_completed = no  
		region = {  
			root = {  
				"root.variable_map(aro_subjugate_country_map|prev)" ?= { this = $TARGET$ }  
			}  
		}  
	}  
}
**Supported Scopes**: none  
**Supported Targets**: strategic_region  

## ordered_strategic_region_in_krakatoa_tsunami_zone
has_treaty_defensive_pact_with = {  
	custom_description = {  
		text = has_treaty_defensive_pact_with_trigger  
		subject = this # Country  
		object = $TARGET$ # Country  
  
		any_scope_treaty = {  
			binds = $TARGET$  
			any_scope_article = {  
				has_type = defensive_pact  
			}  
		}  
	}  
}
**Supported Scopes**: none  
**Supported Targets**: strategic_region  

## ordered_strategic_region_in_la_plata
ai_is_regional_objective_subjugate_target = {  
	any_scope_regional_objective = {  
		type = aro:ai_regional_objective_subjugate_country  
		is_completed = no  
		region = {  
			root = {  
				"root.variable_map(aro_subjugate_country_map|prev)" ?= { this = $TARGET$ }  
			}  
		}  
	}  
}
**Supported Scopes**: none  
**Supported Targets**: strategic_region  

## ordered_strategic_region_in_latin_america
has_treaty_defensive_pact_with = {  
	custom_description = {  
		text = has_treaty_defensive_pact_with_trigger  
		subject = this # Country  
		object = $TARGET$ # Country  
  
		any_scope_treaty = {  
			binds = $TARGET$  
			any_scope_article = {  
				has_type = defensive_pact  
			}  
		}  
	}  
}
**Supported Scopes**: none  
**Supported Targets**: strategic_region  

## ordered_strategic_region_in_lesser_germany
ai_is_regional_objective_subjugate_target = {  
	any_scope_regional_objective = {  
		type = aro:ai_regional_objective_subjugate_country  
		is_completed = no  
		region = {  
			root = {  
				"root.variable_map(aro_subjugate_country_map|prev)" ?= { this = $TARGET$ }  
			}  
		}  
	}  
}
**Supported Scopes**: none  
**Supported Targets**: strategic_region  

## ordered_strategic_region_in_madras_old
ai_country_is_valid_colonization_target = {  
	OR = {  
		is_country_type = unrecognized  
		is_country_type = decentralized # Could be useful for the rare cases this is used outside of AI strategies  
	}  
	OR = {  
		is_subject = no  
		top_overlord ?= {  
			is_country_type = unrecognized  
		}  
	}  
}
**Supported Scopes**: none  
**Supported Targets**: strategic_region  

## ordered_strategic_region_in_manchuria_old
ai_is_regional_objective_protect_target = {  
	any_scope_regional_objective = {  
		type = aro:ai_regional_objective_protect_country  
		is_completed = no  
		region = {  
			root = {  
				"root.variable_map(aro_protect_country_map|prev)" ?= { this = $TARGET$ }  
			}  
		}  
	}  
}
**Supported Scopes**: none  
**Supported Targets**: strategic_region  

## ordered_strategic_region_in_megali_greece
ai_is_regional_objective_protect_target = {  
	any_scope_regional_objective = {  
		type = aro:ai_regional_objective_protect_country  
		is_completed = no  
		region = {  
			root = {  
				"root.variable_map(aro_protect_country_map|prev)" ?= { this = $TARGET$ }  
			}  
		}  
	}  
}
**Supported Scopes**: none  
**Supported Targets**: strategic_region  

## ordered_strategic_region_in_mexico_old
has_treaty_defensive_pact_with = {  
	custom_description = {  
		text = has_treaty_defensive_pact_with_trigger  
		subject = this # Country  
		object = $TARGET$ # Country  
  
		any_scope_treaty = {  
			binds = $TARGET$  
			any_scope_article = {  
				has_type = defensive_pact  
			}  
		}  
	}  
}
**Supported Scopes**: none  
**Supported Targets**: strategic_region  

## ordered_strategic_region_in_middle_east
ai_country_is_valid_colonization_target = {  
	OR = {  
		is_country_type = unrecognized  
		is_country_type = decentralized # Could be useful for the rare cases this is used outside of AI strategies  
	}  
	OR = {  
		is_subject = no  
		top_overlord ?= {  
			is_country_type = unrecognized  
		}  
	}  
}
**Supported Scopes**: none  
**Supported Targets**: strategic_region  

## ordered_strategic_region_in_mozambique
ai_is_regional_objective_subjugate_target = {  
	any_scope_regional_objective = {  
		type = aro:ai_regional_objective_subjugate_country  
		is_completed = no  
		region = {  
			root = {  
				"root.variable_map(aro_subjugate_country_map|prev)" ?= { this = $TARGET$ }  
			}  
		}  
	}  
}
**Supported Scopes**: none  
**Supported Targets**: strategic_region  

## ordered_strategic_region_in_near_east
has_treaty_defensive_pact_with = {  
	custom_description = {  
		text = has_treaty_defensive_pact_with_trigger  
		subject = this # Country  
		object = $TARGET$ # Country  
  
		any_scope_treaty = {  
			binds = $TARGET$  
			any_scope_article = {  
				has_type = defensive_pact  
			}  
		}  
	}  
}
**Supported Scopes**: none  
**Supported Targets**: strategic_region  

## ordered_strategic_region_in_new_england_old
ai_is_regional_objective_protect_target = {  
	any_scope_regional_objective = {  
		type = aro:ai_regional_objective_protect_country  
		is_completed = no  
		region = {  
			root = {  
				"root.variable_map(aro_protect_country_map|prev)" ?= { this = $TARGET$ }  
			}  
		}  
	}  
}
**Supported Scopes**: none  
**Supported Targets**: strategic_region  

## ordered_strategic_region_in_new_world
ai_is_regional_objective_subjugate_target = {  
	any_scope_regional_objective = {  
		type = aro:ai_regional_objective_subjugate_country  
		is_completed = no  
		region = {  
			root = {  
				"root.variable_map(aro_subjugate_country_map|prev)" ?= { this = $TARGET$ }  
			}  
		}  
	}  
}
**Supported Scopes**: none  
**Supported Targets**: strategic_region  

## ordered_strategic_region_in_new_zealand
ai_is_regional_objective_subjugate_target = {  
	any_scope_regional_objective = {  
		type = aro:ai_regional_objective_subjugate_country  
		is_completed = no  
		region = {  
			root = {  
				"root.variable_map(aro_subjugate_country_map|prev)" ?= { this = $TARGET$ }  
			}  
		}  
	}  
}
**Supported Scopes**: none  
**Supported Targets**: strategic_region  

## ordered_strategic_region_in_niger_old
ai_is_regional_objective_subjugate_target = {  
	any_scope_regional_objective = {  
		type = aro:ai_regional_objective_subjugate_country  
		is_completed = no  
		region = {  
			root = {  
				"root.variable_map(aro_subjugate_country_map|prev)" ?= { this = $TARGET$ }  
			}  
		}  
	}  
}
**Supported Scopes**: none  
**Supported Targets**: strategic_region  

## ordered_strategic_region_in_nile_basin
ai_is_regional_objective_protect_target = {  
	any_scope_regional_objective = {  
		type = aro:ai_regional_objective_protect_country  
		is_completed = no  
		region = {  
			root = {  
				"root.variable_map(aro_protect_country_map|prev)" ?= { this = $TARGET$ }  
			}  
		}  
	}  
}
**Supported Scopes**: none  
**Supported Targets**: strategic_region  

## ordered_strategic_region_in_north_africa
ai_country_is_valid_colonization_target = {  
	OR = {  
		is_country_type = unrecognized  
		is_country_type = decentralized # Could be useful for the rare cases this is used outside of AI strategies  
	}  
	OR = {  
		is_subject = no  
		top_overlord ?= {  
			is_country_type = unrecognized  
		}  
	}  
}
**Supported Scopes**: none  
**Supported Targets**: strategic_region  

## ordered_strategic_region_in_north_africa_egypt
ai_is_regional_objective_protect_target = {  
	any_scope_regional_objective = {  
		type = aro:ai_regional_objective_protect_country  
		is_completed = no  
		region = {  
			root = {  
				"root.variable_map(aro_protect_country_map|prev)" ?= { this = $TARGET$ }  
			}  
		}  
	}  
}
**Supported Scopes**: none  
**Supported Targets**: strategic_region  

## ordered_strategic_region_in_north_africa_old
has_treaty_defensive_pact_with = {  
	custom_description = {  
		text = has_treaty_defensive_pact_with_trigger  
		subject = this # Country  
		object = $TARGET$ # Country  
  
		any_scope_treaty = {  
			binds = $TARGET$  
			any_scope_article = {  
				has_type = defensive_pact  
			}  
		}  
	}  
}
**Supported Scopes**: none  
**Supported Targets**: strategic_region  

## ordered_strategic_region_in_north_america
ai_country_is_valid_colonization_target = {  
	OR = {  
		is_country_type = unrecognized  
		is_country_type = decentralized # Could be useful for the rare cases this is used outside of AI strategies  
	}  
	OR = {  
		is_subject = no  
		top_overlord ?= {  
			is_country_type = unrecognized  
		}  
	}  
}
**Supported Scopes**: none  
**Supported Targets**: strategic_region  

## ordered_strategic_region_in_north_andes
ai_is_regional_objective_subjugate_target = {  
	any_scope_regional_objective = {  
		type = aro:ai_regional_objective_subjugate_country  
		is_completed = no  
		region = {  
			root = {  
				"root.variable_map(aro_subjugate_country_map|prev)" ?= { this = $TARGET$ }  
			}  
		}  
	}  
}
**Supported Scopes**: none  
**Supported Targets**: strategic_region  

## ordered_strategic_region_in_north_china
ai_country_is_valid_colonization_target = {  
	OR = {  
		is_country_type = unrecognized  
		is_country_type = decentralized # Could be useful for the rare cases this is used outside of AI strategies  
	}  
	OR = {  
		is_subject = no  
		top_overlord ?= {  
			is_country_type = unrecognized  
		}  
	}  
}
**Supported Scopes**: none  
**Supported Targets**: strategic_region  

## ordered_strategic_region_in_north_germany_old
has_treaty_defensive_pact_with = {  
	custom_description = {  
		text = has_treaty_defensive_pact_with_trigger  
		subject = this # Country  
		object = $TARGET$ # Country  
  
		any_scope_treaty = {  
			binds = $TARGET$  
			any_scope_article = {  
				has_type = defensive_pact  
			}  
		}  
	}  
}
**Supported Scopes**: none  
**Supported Targets**: strategic_region  

## ordered_strategic_region_in_north_india
ai_is_regional_objective_subjugate_target = {  
	any_scope_regional_objective = {  
		type = aro:ai_regional_objective_subjugate_country  
		is_completed = no  
		region = {  
			root = {  
				"root.variable_map(aro_subjugate_country_map|prev)" ?= { this = $TARGET$ }  
			}  
		}  
	}  
}
**Supported Scopes**: none  
**Supported Targets**: strategic_region  

## ordered_strategic_region_in_north_sea_old
ai_country_is_valid_colonization_target = {  
	OR = {  
		is_country_type = unrecognized  
		is_country_type = decentralized # Could be useful for the rare cases this is used outside of AI strategies  
	}  
	OR = {  
		is_subject = no  
		top_overlord ?= {  
			is_country_type = unrecognized  
		}  
	}  
}
**Supported Scopes**: none  
**Supported Targets**: strategic_region  

## ordered_strategic_region_in_northeast_asia
has_treaty_defensive_pact_with = {  
	custom_description = {  
		text = has_treaty_defensive_pact_with_trigger  
		subject = this # Country  
		object = $TARGET$ # Country  
  
		any_scope_treaty = {  
			binds = $TARGET$  
			any_scope_article = {  
				has_type = defensive_pact  
			}  
		}  
	}  
}
**Supported Scopes**: none  
**Supported Targets**: strategic_region  

## ordered_strategic_region_in_northern_europe
has_treaty_defensive_pact_with = {  
	custom_description = {  
		text = has_treaty_defensive_pact_with_trigger  
		subject = this # Country  
		object = $TARGET$ # Country  
  
		any_scope_treaty = {  
			binds = $TARGET$  
			any_scope_article = {  
				has_type = defensive_pact  
			}  
		}  
	}  
}
**Supported Scopes**: none  
**Supported Targets**: strategic_region  

## ordered_strategic_region_in_northern_mexico
ai_country_is_valid_colonization_target = {  
	OR = {  
		is_country_type = unrecognized  
		is_country_type = decentralized # Could be useful for the rare cases this is used outside of AI strategies  
	}  
	OR = {  
		is_subject = no  
		top_overlord ?= {  
			is_country_type = unrecognized  
		}  
	}  
}
**Supported Scopes**: none  
**Supported Targets**: strategic_region  

## ordered_strategic_region_in_occitania_old
ai_country_is_valid_colonization_target = {  
	OR = {  
		is_country_type = unrecognized  
		is_country_type = decentralized # Could be useful for the rare cases this is used outside of AI strategies  
	}  
	OR = {  
		is_subject = no  
		top_overlord ?= {  
			is_country_type = unrecognized  
		}  
	}  
}
**Supported Scopes**: none  
**Supported Targets**: strategic_region  

## ordered_strategic_region_in_oceania
ai_is_regional_objective_subjugate_target = {  
	any_scope_regional_objective = {  
		type = aro:ai_regional_objective_subjugate_country  
		is_completed = no  
		region = {  
			root = {  
				"root.variable_map(aro_subjugate_country_map|prev)" ?= { this = $TARGET$ }  
			}  
		}  
	}  
}
**Supported Scopes**: none  
**Supported Targets**: strategic_region  

## ordered_strategic_region_in_old_world
ai_is_regional_objective_subjugate_target = {  
	any_scope_regional_objective = {  
		type = aro:ai_regional_objective_subjugate_country  
		is_completed = no  
		region = {  
			root = {  
				"root.variable_map(aro_subjugate_country_map|prev)" ?= { this = $TARGET$ }  
			}  
		}  
	}  
}
**Supported Scopes**: none  
**Supported Targets**: strategic_region  

## ordered_strategic_region_in_pacific_coast
has_treaty_defensive_pact_with = {  
	custom_description = {  
		text = has_treaty_defensive_pact_with_trigger  
		subject = this # Country  
		object = $TARGET$ # Country  
  
		any_scope_treaty = {  
			binds = $TARGET$  
			any_scope_article = {  
				has_type = defensive_pact  
			}  
		}  
	}  
}
**Supported Scopes**: none  
**Supported Targets**: strategic_region  

## ordered_strategic_region_in_pacific_coast_old
ai_country_is_valid_colonization_target = {  
	OR = {  
		is_country_type = unrecognized  
		is_country_type = decentralized # Could be useful for the rare cases this is used outside of AI strategies  
	}  
	OR = {  
		is_subject = no  
		top_overlord ?= {  
			is_country_type = unrecognized  
		}  
	}  
}
**Supported Scopes**: none  
**Supported Targets**: strategic_region  

## ordered_strategic_region_in_persia_old
ai_country_is_valid_colonization_target = {  
	OR = {  
		is_country_type = unrecognized  
		is_country_type = decentralized # Could be useful for the rare cases this is used outside of AI strategies  
	}  
	OR = {  
		is_subject = no  
		top_overlord ?= {  
			is_country_type = unrecognized  
		}  
	}  
}
**Supported Scopes**: none  
**Supported Targets**: strategic_region  

## ordered_strategic_region_in_peru
ai_country_is_valid_colonization_target = {  
	OR = {  
		is_country_type = unrecognized  
		is_country_type = decentralized # Could be useful for the rare cases this is used outside of AI strategies  
	}  
	OR = {  
		is_subject = no  
		top_overlord ?= {  
			is_country_type = unrecognized  
		}  
	}  
}
**Supported Scopes**: none  
**Supported Targets**: strategic_region  

## ordered_strategic_region_in_philippines
ai_country_is_valid_colonization_target = {  
	OR = {  
		is_country_type = unrecognized  
		is_country_type = decentralized # Could be useful for the rare cases this is used outside of AI strategies  
	}  
	OR = {  
		is_subject = no  
		top_overlord ?= {  
			is_country_type = unrecognized  
		}  
	}  
}
**Supported Scopes**: none  
**Supported Targets**: strategic_region  

## ordered_strategic_region_in_poland_old
ai_country_is_valid_colonization_target = {  
	OR = {  
		is_country_type = unrecognized  
		is_country_type = decentralized # Could be useful for the rare cases this is used outside of AI strategies  
	}  
	OR = {  
		is_subject = no  
		top_overlord ?= {  
			is_country_type = unrecognized  
		}  
	}  
}
**Supported Scopes**: none  
**Supported Targets**: strategic_region  

## ordered_strategic_region_in_polar_seas
ai_is_regional_objective_protect_target = {  
	any_scope_regional_objective = {  
		type = aro:ai_regional_objective_protect_country  
		is_completed = no  
		region = {  
			root = {  
				"root.variable_map(aro_protect_country_map|prev)" ?= { this = $TARGET$ }  
			}  
		}  
	}  
}
**Supported Scopes**: none  
**Supported Targets**: strategic_region  

## ordered_strategic_region_in_punjab_old
ai_is_regional_objective_subjugate_target = {  
	any_scope_regional_objective = {  
		type = aro:ai_regional_objective_subjugate_country  
		is_completed = no  
		region = {  
			root = {  
				"root.variable_map(aro_subjugate_country_map|prev)" ?= { this = $TARGET$ }  
			}  
		}  
	}  
}
**Supported Scopes**: none  
**Supported Targets**: strategic_region  

## ordered_strategic_region_in_rhine_old
has_treaty_defensive_pact_with = {  
	custom_description = {  
		text = has_treaty_defensive_pact_with_trigger  
		subject = this # Country  
		object = $TARGET$ # Country  
  
		any_scope_treaty = {  
			binds = $TARGET$  
			any_scope_article = {  
				has_type = defensive_pact  
			}  
		}  
	}  
}
**Supported Scopes**: none  
**Supported Targets**: strategic_region  

## ordered_strategic_region_in_ring_of_fire
ai_country_is_valid_colonization_target = {  
	OR = {  
		is_country_type = unrecognized  
		is_country_type = decentralized # Could be useful for the rare cases this is used outside of AI strategies  
	}  
	OR = {  
		is_subject = no  
		top_overlord ?= {  
			is_country_type = unrecognized  
		}  
	}  
}
**Supported Scopes**: none  
**Supported Targets**: strategic_region  

## ordered_strategic_region_in_russia
ai_country_is_valid_colonization_target = {  
	OR = {  
		is_country_type = unrecognized  
		is_country_type = decentralized # Could be useful for the rare cases this is used outside of AI strategies  
	}  
	OR = {  
		is_subject = no  
		top_overlord ?= {  
			is_country_type = unrecognized  
		}  
	}  
}
**Supported Scopes**: none  
**Supported Targets**: strategic_region  

## ordered_strategic_region_in_russia_old
has_treaty_defensive_pact_with = {  
	custom_description = {  
		text = has_treaty_defensive_pact_with_trigger  
		subject = this # Country  
		object = $TARGET$ # Country  
  
		any_scope_treaty = {  
			binds = $TARGET$  
			any_scope_article = {  
				has_type = defensive_pact  
			}  
		}  
	}  
}
**Supported Scopes**: none  
**Supported Targets**: strategic_region  

## ordered_strategic_region_in_scandinavia
has_treaty_defensive_pact_with = {  
	custom_description = {  
		text = has_treaty_defensive_pact_with_trigger  
		subject = this # Country  
		object = $TARGET$ # Country  
  
		any_scope_treaty = {  
			binds = $TARGET$  
			any_scope_article = {  
				has_type = defensive_pact  
			}  
		}  
	}  
}
**Supported Scopes**: none  
**Supported Targets**: strategic_region  

## ordered_strategic_region_in_senegal_old
ai_is_regional_objective_subjugate_target = {  
	any_scope_regional_objective = {  
		type = aro:ai_regional_objective_subjugate_country  
		is_completed = no  
		region = {  
			root = {  
				"root.variable_map(aro_subjugate_country_map|prev)" ?= { this = $TARGET$ }  
			}  
		}  
	}  
}
**Supported Scopes**: none  
**Supported Targets**: strategic_region  

## ordered_strategic_region_in_siberia
ai_is_regional_objective_subjugate_target = {  
	any_scope_regional_objective = {  
		type = aro:ai_regional_objective_subjugate_country  
		is_completed = no  
		region = {  
			root = {  
				"root.variable_map(aro_subjugate_country_map|prev)" ?= { this = $TARGET$ }  
			}  
		}  
	}  
}
**Supported Scopes**: none  
**Supported Targets**: strategic_region  

## ordered_strategic_region_in_south_africa
ai_country_is_valid_colonization_target = {  
	OR = {  
		is_country_type = unrecognized  
		is_country_type = decentralized # Could be useful for the rare cases this is used outside of AI strategies  
	}  
	OR = {  
		is_subject = no  
		top_overlord ?= {  
			is_country_type = unrecognized  
		}  
	}  
}
**Supported Scopes**: none  
**Supported Targets**: strategic_region  

## ordered_strategic_region_in_south_america
ai_is_regional_objective_protect_target = {  
	any_scope_regional_objective = {  
		type = aro:ai_regional_objective_protect_country  
		is_completed = no  
		region = {  
			root = {  
				"root.variable_map(aro_protect_country_map|prev)" ?= { this = $TARGET$ }  
			}  
		}  
	}  
}
**Supported Scopes**: none  
**Supported Targets**: strategic_region  

## ordered_strategic_region_in_south_china
ai_is_regional_objective_protect_target = {  
	any_scope_regional_objective = {  
		type = aro:ai_regional_objective_protect_country  
		is_completed = no  
		region = {  
			root = {  
				"root.variable_map(aro_protect_country_map|prev)" ?= { this = $TARGET$ }  
			}  
		}  
	}  
}
**Supported Scopes**: none  
**Supported Targets**: strategic_region  

## ordered_strategic_region_in_south_east_asia
ai_country_is_valid_colonization_target = {  
	OR = {  
		is_country_type = unrecognized  
		is_country_type = decentralized # Could be useful for the rare cases this is used outside of AI strategies  
	}  
	OR = {  
		is_subject = no  
		top_overlord ?= {  
			is_country_type = unrecognized  
		}  
	}  
}
**Supported Scopes**: none  
**Supported Targets**: strategic_region  

## ordered_strategic_region_in_south_germany_old
ai_country_is_valid_colonization_target = {  
	OR = {  
		is_country_type = unrecognized  
		is_country_type = decentralized # Could be useful for the rare cases this is used outside of AI strategies  
	}  
	OR = {  
		is_subject = no  
		top_overlord ?= {  
			is_country_type = unrecognized  
		}  
	}  
}
**Supported Scopes**: none  
**Supported Targets**: strategic_region  

## ordered_strategic_region_in_south_india
ai_country_is_valid_colonization_target = {  
	OR = {  
		is_country_type = unrecognized  
		is_country_type = decentralized # Could be useful for the rare cases this is used outside of AI strategies  
	}  
	OR = {  
		is_subject = no  
		top_overlord ?= {  
			is_country_type = unrecognized  
		}  
	}  
}
**Supported Scopes**: none  
**Supported Targets**: strategic_region  

## ordered_strategic_region_in_southern_africa
ai_is_regional_objective_subjugate_target = {  
	any_scope_regional_objective = {  
		type = aro:ai_regional_objective_subjugate_country  
		is_completed = no  
		region = {  
			root = {  
				"root.variable_map(aro_subjugate_country_map|prev)" ?= { this = $TARGET$ }  
			}  
		}  
	}  
}
**Supported Scopes**: none  
**Supported Targets**: strategic_region  

## ordered_strategic_region_in_southern_africa_old
ai_country_is_valid_colonization_target = {  
	OR = {  
		is_country_type = unrecognized  
		is_country_type = decentralized # Could be useful for the rare cases this is used outside of AI strategies  
	}  
	OR = {  
		is_subject = no  
		top_overlord ?= {  
			is_country_type = unrecognized  
		}  
	}  
}
**Supported Scopes**: none  
**Supported Targets**: strategic_region  

## ordered_strategic_region_in_southern_cone
has_treaty_defensive_pact_with = {  
	custom_description = {  
		text = has_treaty_defensive_pact_with_trigger  
		subject = this # Country  
		object = $TARGET$ # Country  
  
		any_scope_treaty = {  
			binds = $TARGET$  
			any_scope_article = {  
				has_type = defensive_pact  
			}  
		}  
	}  
}
**Supported Scopes**: none  
**Supported Targets**: strategic_region  

## ordered_strategic_region_in_southern_europe
has_treaty_defensive_pact_with = {  
	custom_description = {  
		text = has_treaty_defensive_pact_with_trigger  
		subject = this # Country  
		object = $TARGET$ # Country  
  
		any_scope_treaty = {  
			binds = $TARGET$  
			any_scope_article = {  
				has_type = defensive_pact  
			}  
		}  
	}  
}
**Supported Scopes**: none  
**Supported Targets**: strategic_region  

## ordered_strategic_region_in_subsaharan_africa
ai_is_regional_objective_protect_target = {  
	any_scope_regional_objective = {  
		type = aro:ai_regional_objective_protect_country  
		is_completed = no  
		region = {  
			root = {  
				"root.variable_map(aro_protect_country_map|prev)" ?= { this = $TARGET$ }  
			}  
		}  
	}  
}
**Supported Scopes**: none  
**Supported Targets**: strategic_region  

## ordered_strategic_region_in_the_midwest_old
ai_is_regional_objective_subjugate_target = {  
	any_scope_regional_objective = {  
		type = aro:ai_regional_objective_subjugate_country  
		is_completed = no  
		region = {  
			root = {  
				"root.variable_map(aro_subjugate_country_map|prev)" ?= { this = $TARGET$ }  
			}  
		}  
	}  
}
**Supported Scopes**: none  
**Supported Targets**: strategic_region  

## ordered_strategic_region_in_transoxiana
has_treaty_defensive_pact_with = {  
	custom_description = {  
		text = has_treaty_defensive_pact_with_trigger  
		subject = this # Country  
		object = $TARGET$ # Country  
  
		any_scope_treaty = {  
			binds = $TARGET$  
			any_scope_article = {  
				has_type = defensive_pact  
			}  
		}  
	}  
}
**Supported Scopes**: none  
**Supported Targets**: strategic_region  

## ordered_strategic_region_in_tropical_seas
ai_country_is_valid_colonization_target = {  
	OR = {  
		is_country_type = unrecognized  
		is_country_type = decentralized # Could be useful for the rare cases this is used outside of AI strategies  
	}  
	OR = {  
		is_subject = no  
		top_overlord ?= {  
			is_country_type = unrecognized  
		}  
	}  
}
**Supported Scopes**: none  
**Supported Targets**: strategic_region  

## ordered_strategic_region_in_turkestan
ai_country_is_valid_colonization_target = {  
	OR = {  
		is_country_type = unrecognized  
		is_country_type = decentralized # Could be useful for the rare cases this is used outside of AI strategies  
	}  
	OR = {  
		is_subject = no  
		top_overlord ?= {  
			is_country_type = unrecognized  
		}  
	}  
}
**Supported Scopes**: none  
**Supported Targets**: strategic_region  

## ordered_strategic_region_in_urals_old
ai_is_regional_objective_protect_target = {  
	any_scope_regional_objective = {  
		type = aro:ai_regional_objective_protect_country  
		is_completed = no  
		region = {  
			root = {  
				"root.variable_map(aro_protect_country_map|prev)" ?= { this = $TARGET$ }  
			}  
		}  
	}  
}
**Supported Scopes**: none  
**Supported Targets**: strategic_region  

## ordered_strategic_region_in_west_africa
has_treaty_defensive_pact_with = {  
	custom_description = {  
		text = has_treaty_defensive_pact_with_trigger  
		subject = this # Country  
		object = $TARGET$ # Country  
  
		any_scope_treaty = {  
			binds = $TARGET$  
			any_scope_article = {  
				has_type = defensive_pact  
			}  
		}  
	}  
}
**Supported Scopes**: none  
**Supported Targets**: strategic_region  

## ordered_strategic_region_in_west_siberia_old
has_treaty_defensive_pact_with = {  
	custom_description = {  
		text = has_treaty_defensive_pact_with_trigger  
		subject = this # Country  
		object = $TARGET$ # Country  
  
		any_scope_treaty = {  
			binds = $TARGET$  
			any_scope_article = {  
				has_type = defensive_pact  
			}  
		}  
	}  
}
**Supported Scopes**: none  
**Supported Targets**: strategic_region  

## ordered_strategic_region_in_western_europe
ai_country_is_valid_colonization_target = {  
	OR = {  
		is_country_type = unrecognized  
		is_country_type = decentralized # Could be useful for the rare cases this is used outside of AI strategies  
	}  
	OR = {  
		is_subject = no  
		top_overlord ?= {  
			is_country_type = unrecognized  
		}  
	}  
}
**Supported Scopes**: none  
**Supported Targets**: strategic_region  

## ordered_strategic_region_in_wet_process_region
has_treaty_defensive_pact_with = {  
	custom_description = {  
		text = has_treaty_defensive_pact_with_trigger  
		subject = this # Country  
		object = $TARGET$ # Country  
  
		any_scope_treaty = {  
			binds = $TARGET$  
			any_scope_article = {  
				has_type = defensive_pact  
			}  
		}  
	}  
}
**Supported Scopes**: none  
**Supported Targets**: strategic_region  

## ordered_strategic_region_in_yugoslavia
ai_country_is_valid_colonization_target = {  
	OR = {  
		is_country_type = unrecognized  
		is_country_type = decentralized # Could be useful for the rare cases this is used outside of AI strategies  
	}  
	OR = {  
		is_subject = no  
		top_overlord ?= {  
			is_country_type = unrecognized  
		}  
	}  
}
**Supported Scopes**: none  
**Supported Targets**: strategic_region  

## ordered_strategic_region_in_zambezi_basin
ai_is_regional_objective_subjugate_target = {  
	any_scope_regional_objective = {  
		type = aro:ai_regional_objective_subjugate_country  
		is_completed = no  
		region = {  
			root = {  
				"root.variable_map(aro_subjugate_country_map|prev)" ?= { this = $TARGET$ }  
			}  
		}  
	}  
}
**Supported Scopes**: none  
**Supported Targets**: strategic_region  

## ordered_strategic_region_in_zanj_old
ai_is_regional_objective_protect_target = {  
	any_scope_regional_objective = {  
		type = aro:ai_regional_objective_protect_country  
		is_completed = no  
		region = {  
			root = {  
				"root.variable_map(aro_protect_country_map|prev)" ?= { this = $TARGET$ }  
			}  
		}  
	}  
}
**Supported Scopes**: none  
**Supported Targets**: strategic_region  

## ordered_subject_of_subject
Any country below direct subjects in hierarchy  
ordered_subject_of_subject = {  
limit = { <triggers> }  
order_by = script_value  
position = int  
min = int  
max = script_value  
check_range_bounds = no # If you don't want an error logged if the list is smaller than the min/max  
<effects> }
**Supported Scopes**: country  
**Supported Targets**: country  

## ordered_subject_or_below
Any country below current in hierarchy  
ordered_subject_or_below = {  
limit = { <triggers> }  
order_by = script_value  
position = int  
min = int  
max = script_value  
check_range_bounds = no # If you don't want an error logged if the list is smaller than the min/max  
<effects> }
**Supported Scopes**: country  
**Supported Targets**: country  

## ordered_supporting_character
Iterate through all characters that support the scoped political movement  
ordered_supporting_character = {  
limit = { <triggers> }  
order_by = script_value  
position = int  
min = int  
max = script_value  
check_range_bounds = no # If you don't want an error logged if the list is smaller than the min/max  
<effects> }
**Supported Scopes**: political_movement  
**Supported Targets**: character  

## ordered_treaty
Iterate through treaties (both in force and drafts)  
ordered_treaty = {  
limit = { <triggers> }  
order_by = script_value  
position = int  
min = int  
max = script_value  
check_range_bounds = no # If you don't want an error logged if the list is smaller than the min/max  
<effects> }
**Supported Scopes**: none  
**Supported Targets**: treaty  

## ordered_valid_mass_migration_culture
Lists for cultures in the scoped country that are valid for mass migration  
ordered_valid_mass_migration_culture = {  
limit = { <triggers> }  
order_by = script_value  
position = int  
min = int  
max = script_value  
check_range_bounds = no # If you don't want an error logged if the list is smaller than the min/max  
<effects> }
**Supported Scopes**: country  
**Supported Targets**: culture  

## ordered_war_participant
Iterate through all participants in a war  
ordered_war_participant = {  
limit = { <triggers> }  
order_by = script_value  
position = int  
min = int  
max = script_value  
check_range_bounds = no # If you don't want an error logged if the list is smaller than the min/max  
<effects> }
**Supported Scopes**: war  
**Supported Targets**: country  

## place_character_in_void
Banishes a character to the void, duration is how long character is kept before being deleted  
place_character_in_void = months
**Supported Scopes**: character  

## play_as
Change which country scoped country's player will play as  
play_as = <scope>
**Supported Scopes**: country  
**Supported Targets**: country  

## post_audio_event
Runs an audio even on a "persistent" audio object   
post_audio_event = {  
 persistent_object = [object_name] # For example music_manager  
	event = [audio_event] # For example start_debug_music  
}
**Supported Scopes**: none  

## post_notification
Posts notification
**Supported Scopes**: none  

## post_proposal
Posts proposal
**Supported Scopes**: none  

## random
run an effect depending on a random chance, do nothing otherwise.  
random = {  
    chance = 0-100     # random chance in percent. can also be a script value or complex math  
    modifier = { ... } # optional MTTH-style modifier for the chance  
    effects...         # effects to run if the random roll succeeds  
}
**Supported Scopes**: none  

## random_active_law
Iterate through all active laws in a country  
random_active_law = { limit = { <triggers> } (optional) weight = { mtth } <effects> }
**Supported Scopes**: country  
**Supported Targets**: law  

## random_active_party
Iterate through all active political parties in a country  
random_active_party = { limit = { <triggers> } (optional) weight = { mtth } <effects> }
**Supported Scopes**: country  
**Supported Targets**: party  

## random_character
Iterate through all characters globally  
random_character = { limit = { <triggers> } (optional) weight = { mtth } <effects> }
**Supported Scopes**: none  
**Supported Targets**: character  

## random_character_in_exile_pool
Iterate through characters in the exile pool  
random_character_in_exile_pool = { limit = { <triggers> } (optional) weight = { mtth } <effects> }
**Supported Scopes**: none  
**Supported Targets**: character  

## random_character_in_void
Iterate through characters in the void  
random_character_in_void = { limit = { <triggers> } (optional) weight = { mtth } <effects> }
**Supported Scopes**: none  
**Supported Targets**: character  

## random_character_role
Iterate through all roles of the scoped character  
random_character_role = { limit = { <triggers> } (optional) weight = { mtth } <effects> }
**Supported Scopes**: character  
**Supported Targets**: character_role  

## random_civil_war
Iterate through all civil wars related to the scoped country  
random_civil_war = { limit = { <triggers> } (optional) weight = { mtth } <effects> }
**Supported Scopes**: country  
**Supported Targets**: civil_war  

## random_cobelligerent_in_diplo_play
Iterate through all co-belligerents of scope country in all diplomatic plays (includes wars)  
random_cobelligerent_in_diplo_play = { limit = { <triggers> } (optional) weight = { mtth } <effects> }
**Supported Scopes**: country  
**Supported Targets**: country  

## random_cobelligerent_in_war
Iterate through all co-belligerents of scope country in all wars  
random_cobelligerent_in_war = { limit = { <triggers> } (optional) weight = { mtth } <effects> }
**Supported Scopes**: country  
**Supported Targets**: country  

## random_combat_unit
Iterate through all combat units of input scope  
Supported scopes: building, military formation, front, battle  
random_combat_unit = { limit = { <triggers> } (optional) weight = { mtth } <effects> }
**Supported Scopes**: battle, building, front, hq, military_formation  
**Supported Targets**: new_combat_unit  

## random_company
Iterate through all companies in a country  
random_company = { limit = { <triggers> } (optional) weight = { mtth } <effects> }
**Supported Scopes**: country  
**Supported Targets**: company  

## random_container
Iterate through all script containers globally. Optional filters: tag = <tag> / tags = { <tag> ... } (all listed tags) and parent = <scope>  
random_container = { limit = { <triggers> } (optional) weight = { mtth } <effects> }
**Supported Scopes**: none  
**Supported Targets**: container  

## random_country
Iterate through all countries globally  
random_country = { limit = { <triggers> } (optional) weight = { mtth } <effects> }
**Supported Scopes**: none  
**Supported Targets**: country  

## random_country_in_afghanistan
**Supported Scopes**: none  
**Supported Targets**: country  

## random_country_in_africa
target_is_our_or_fellow_subject = {  
	OR = {  
		is_subject_of = root  
		AND = {  
			root = { is_subject = yes }  
			is_subject_of = root.overlord  
		}  
	}  
}
**Supported Scopes**: none  
**Supported Targets**: country  

## random_country_in_allahabad_bombay_line
ai_state_ambition_colonial = {  
	scope:target_country = { ai_country_is_valid_colonization_target = yes }  
	can_reach_target_state = { TARGET_STATE = scope:target_state }  
}
**Supported Scopes**: none  
**Supported Targets**: country  

## random_country_in_alpide_belt
**Supported Scopes**: none  
**Supported Targets**: country  

## random_country_in_amazon
target_is_our_or_fellow_subject = {  
	OR = {  
		is_subject_of = root  
		AND = {  
			root = { is_subject = yes }  
			is_subject_of = root.overlord  
		}  
	}  
}
**Supported Scopes**: none  
**Supported Targets**: country  

## random_country_in_americas
target_is_our_or_fellow_subject = {  
	OR = {  
		is_subject_of = root  
		AND = {  
			root = { is_subject = yes }  
			is_subject_of = root.overlord  
		}  
	}  
}
**Supported Scopes**: none  
**Supported Targets**: country  

## random_country_in_anatolia_old
target_is_our_or_fellow_subject = {  
	OR = {  
		is_subject_of = root  
		AND = {  
			root = { is_subject = yes }  
			is_subject_of = root.overlord  
		}  
	}  
}
**Supported Scopes**: none  
**Supported Targets**: country  

## random_country_in_andean_federation
south_east_asia_clothes_pop_trigger = {  
	exists = scope:pop  
	scope:pop = {  
		culture = {  
			has_discrimination_trait_group = heritage_group_southeast_asian  
		}  
	}  
}
**Supported Scopes**: none  
**Supported Targets**: country  

## random_country_in_andes
ai_can_incorporate_state = {  
	OR = {  
		is_homeland_of_country_cultures = root  
		"years_to_incorporate(root)" <= define:NAI|INCORPORATE_STATE_MAX_YEARS  
	}  
}
**Supported Scopes**: none  
**Supported Targets**: country  

## random_country_in_angola
**Supported Scopes**: none  
**Supported Targets**: country  

## random_country_in_arabia
ai_is_regional_objective_state = {  
	any_scope_regional_objective = {  
		type = $TYPE$  
		is_completed = no  
		region = { $STATE$.region = this }  
	}  
}
**Supported Scopes**: none  
**Supported Targets**: country  

## random_country_in_arabic_old
target_is_our_or_fellow_subject = {  
	OR = {  
		is_subject_of = root  
		AND = {  
			root = { is_subject = yes }  
			is_subject_of = root.overlord  
		}  
	}  
}
**Supported Scopes**: none  
**Supported Targets**: country  

## random_country_in_aragon
target_is_our_or_fellow_subject = {  
	OR = {  
		is_subject_of = root  
		AND = {  
			root = { is_subject = yes }  
			is_subject_of = root.overlord  
		}  
	}  
}
**Supported Scopes**: none  
**Supported Targets**: country  

## random_country_in_arctic_russia_old
  
set_up_new_spain_pre_napoleonic = yes   
set_up_new_grenada_pre_napoleonic = yes   
set_up_peru_pre_napoleonic = yes   
set_up_la_plata_pre_napoleonic = yes 
**Supported Scopes**: none  
**Supported Targets**: country  

## random_country_in_asia
**Supported Scopes**: none  
**Supported Targets**: country  

## random_country_in_atlantic_coast
°ÖÙö
**Supported Scopes**: none  
**Supported Targets**: country  

## random_country_in_australasia
**Supported Scopes**: none  
**Supported Targets**: country  

## random_country_in_australia
**Supported Scopes**: none  
**Supported Targets**: country  

## random_country_in_balkans
**Supported Scopes**: none  
**Supported Targets**: country  

## random_country_in_balkans_old
**Supported Scopes**: none  
**Supported Targets**: country  

## random_country_in_baltic_old
ai_can_incorporate_state = {  
	OR = {  
		is_homeland_of_country_cultures = root  
		"years_to_incorporate(root)" <= define:NAI|INCORPORATE_STATE_MAX_YEARS  
	}  
}
**Supported Scopes**: none  
**Supported Targets**: country  

## random_country_in_baltic_states_old
  
set_variable = expedition_leader_var   
set_character_busy_and_immortal = yes   
ROOT = {   
set_variable = { name = expedition_leader_storage_var value = prev }   
} 
**Supported Scopes**: none  
**Supported Targets**: country  

## random_country_in_belarus_old
target_is_our_or_fellow_subject = {  
	OR = {  
		is_subject_of = root  
		AND = {  
			root = { is_subject = yes }  
			is_subject_of = root.overlord  
		}  
	}  
}
**Supported Scopes**: none  
**Supported Targets**: country  

## random_country_in_bengal_old
target_is_our_or_fellow_subject = {  
	OR = {  
		is_subject_of = root  
		AND = {  
			root = { is_subject = yes }  
			is_subject_of = root.overlord  
		}  
	}  
}
**Supported Scopes**: none  
**Supported Targets**: country  

## random_country_in_bolivia
**Supported Scopes**: none  
**Supported Targets**: country  

## random_country_in_bombay_madras_line
scripted_effect_parties_disappearence = {  
	if = {  
		limit = {  
			country_has_voting_franchise = yes  
		}  
		custom_tooltip = PARTIES_DISAPPEARENCE  
	}  
  
	deactivate_parties = yes  
}
**Supported Scopes**: none  
**Supported Targets**: country  

## random_country_in_bombay_old
ai_can_incorporate_state = {  
	OR = {  
		is_homeland_of_country_cultures = root  
		"years_to_incorporate(root)" <= define:NAI|INCORPORATE_STATE_MAX_YEARS  
	}  
}
**Supported Scopes**: none  
**Supported Targets**: country  

## random_country_in_brazil
target_is_our_or_fellow_subject = {  
	OR = {  
		is_subject_of = root  
		AND = {  
			root = { is_subject = yes }  
			is_subject_of = root.overlord  
		}  
	}  
}
**Supported Scopes**: none  
**Supported Targets**: country  

## random_country_in_burma
ai_can_incorporate_state = {  
	OR = {  
		is_homeland_of_country_cultures = root  
		"years_to_incorporate(root)" <= define:NAI|INCORPORATE_STATE_MAX_YEARS  
	}  
}
**Supported Scopes**: none  
**Supported Targets**: country  

## random_country_in_canada
ai_is_regional_objective_state = {  
	any_scope_regional_objective = {  
		type = $TYPE$  
		is_completed = no  
		region = { $STATE$.region = this }  
	}  
}
**Supported Scopes**: none  
**Supported Targets**: country  

## random_country_in_canada_old
ai_is_regional_objective_state = {  
	any_scope_regional_objective = {  
		type = $TYPE$  
		is_completed = no  
		region = { $STATE$.region = this }  
	}  
}
**Supported Scopes**: none  
**Supported Targets**: country  

## random_country_in_caribbean_old
**Supported Scopes**: none  
**Supported Targets**: country  

## random_country_in_castile
ai_can_incorporate_state = {  
	OR = {  
		is_homeland_of_country_cultures = root  
		"years_to_incorporate(root)" <= define:NAI|INCORPORATE_STATE_MAX_YEARS  
	}  
}
**Supported Scopes**: none  
**Supported Targets**: country  

## random_country_in_caucasus_old
ai_is_regional_objective_state = {  
	any_scope_regional_objective = {  
		type = $TYPE$  
		is_completed = no  
		region = { $STATE$.region = this }  
	}  
}
**Supported Scopes**: none  
**Supported Targets**: country  

## random_country_in_central_america
  
set_variable = expedition_leader_var   
set_character_busy_and_immortal = yes   
ROOT = {   
set_variable = { name = expedition_leader_storage_var value = prev }   
} 
**Supported Scopes**: none  
**Supported Targets**: country  

## random_country_in_central_america_old
È§ØÙö
**Supported Scopes**: none  
**Supported Targets**: country  

## random_country_in_central_asia
**Supported Scopes**: none  
**Supported Targets**: country  

## random_country_in_central_asia_old
°ÖÙö
**Supported Scopes**: none  
**Supported Targets**: country  

## random_country_in_central_europe
°ÖÙö
**Supported Scopes**: none  
**Supported Targets**: country  

## random_country_in_central_india_old
°ÖÙö
**Supported Scopes**: none  
**Supported Targets**: country  

## random_country_in_china
**Supported Scopes**: none  
**Supported Targets**: country  

## random_country_in_chorasmia
**Supported Scopes**: none  
**Supported Targets**: country  

## random_country_in_colonial_la_plata
°ÖÙö
**Supported Scopes**: none  
**Supported Targets**: country  

## random_country_in_colonial_new_grenada
coa_def_german_trigger = {  
    any_primary_culture = {  
        has_discrimination_trait = heritage_germanic  
        has_discrimination_trait_group = heritage_group_european  
    }  
}
**Supported Scopes**: none  
**Supported Targets**: country  

## random_country_in_colonial_new_spain
°ÖÙö
**Supported Scopes**: none  
**Supported Targets**: country  

## random_country_in_colonial_peru
target_is_our_or_fellow_subject = {  
	OR = {  
		is_subject_of = root  
		AND = {  
			root = { is_subject = yes }  
			is_subject_of = root.overlord  
		}  
	}  
}
**Supported Scopes**: none  
**Supported Targets**: country  

## random_country_in_congo_old
**Supported Scopes**: none  
**Supported Targets**: country  

## random_country_in_danubia_old
target_is_our_or_fellow_subject = {  
	OR = {  
		is_subject_of = root  
		AND = {  
			root = { is_subject = yes }  
			is_subject_of = root.overlord  
		}  
	}  
}
**Supported Scopes**: none  
**Supported Targets**: country  

## random_country_in_delhi_calcutta_line
bulgarian_clothes_pop_trigger = {  
	exists = scope:pop  
	scope:pop = {  
		exists = home_country  
		home_country = {  
			country_has_primary_culture = cu:bulgarian  
		}  
	}  
}
**Supported Scopes**: none  
**Supported Targets**: country  

## random_country_in_dixie_old
target_is_our_or_fellow_subject = {  
	OR = {  
		is_subject_of = root  
		AND = {  
			root = { is_subject = yes }  
			is_subject_of = root.overlord  
		}  
	}  
}
**Supported Scopes**: none  
**Supported Targets**: country  

## random_country_in_dnieper_old
ai_can_incorporate_state = {  
	OR = {  
		is_homeland_of_country_cultures = root  
		"years_to_incorporate(root)" <= define:NAI|INCORPORATE_STATE_MAX_YEARS  
	}  
}
**Supported Scopes**: none  
**Supported Targets**: country  

## random_country_in_east_africa
**Supported Scopes**: none  
**Supported Targets**: country  

## random_country_in_east_asia
ai_can_incorporate_state = {  
	OR = {  
		is_homeland_of_country_cultures = root  
		"years_to_incorporate(root)" <= define:NAI|INCORPORATE_STATE_MAX_YEARS  
	}  
}
**Supported Scopes**: none  
**Supported Targets**: country  

## random_country_in_east_sibera_old
°ÖÙö
**Supported Scopes**: none  
**Supported Targets**: country  

## random_country_in_eastern_europe
°ÖÙö
**Supported Scopes**: none  
**Supported Targets**: country  

## random_country_in_england_old
ai_is_regional_objective_state = {  
	any_scope_regional_objective = {  
		type = $TYPE$  
		is_completed = no  
		region = { $STATE$.region = this }  
	}  
}
**Supported Scopes**: none  
**Supported Targets**: country  

## random_country_in_equatorial_africa
°ÖÙö
**Supported Scopes**: none  
**Supported Targets**: country  

## random_country_in_ethiopia_old
ai_is_regional_objective_state = {  
	any_scope_regional_objective = {  
		type = $TYPE$  
		is_completed = no  
		region = { $STATE$.region = this }  
	}  
}
**Supported Scopes**: none  
**Supported Targets**: country  

## random_country_in_europe
ai_can_incorporate_state = {  
	OR = {  
		is_homeland_of_country_cultures = root  
		"years_to_incorporate(root)" <= define:NAI|INCORPORATE_STATE_MAX_YEARS  
	}  
}
**Supported Scopes**: none  
**Supported Targets**: country  

## random_country_in_ezochi
ai_is_regional_objective_state = {  
	any_scope_regional_objective = {  
		type = $TYPE$  
		is_completed = no  
		region = { $STATE$.region = this }  
	}  
}
**Supported Scopes**: none  
**Supported Targets**: country  

## random_country_in_finland_old
ai_is_regional_objective_state = {  
	any_scope_regional_objective = {  
		type = $TYPE$  
		is_completed = no  
		region = { $STATE$.region = this }  
	}  
}
**Supported Scopes**: none  
**Supported Targets**: country  

## random_country_in_france
ai_can_incorporate_state = {  
	OR = {  
		is_homeland_of_country_cultures = root  
		"years_to_incorporate(root)" <= define:NAI|INCORPORATE_STATE_MAX_YEARS  
	}  
}
**Supported Scopes**: none  
**Supported Targets**: country  

## random_country_in_france_old
ai_can_incorporate_state = {  
	OR = {  
		is_homeland_of_country_cultures = root  
		"years_to_incorporate(root)" <= define:NAI|INCORPORATE_STATE_MAX_YEARS  
	}  
}
**Supported Scopes**: none  
**Supported Targets**: country  

## random_country_in_french_natural_borders
  
OR = {   
is_interest_group_type = ig_devout   
is_interest_group_type = ig_rural_folk   
is_interest_group_type = ig_armed_forces   
is_interest_group_type = ig_landowners   
} 
**Supported Scopes**: none  
**Supported Targets**: country  

## random_country_in_german_confederation
¸øÖÙö
**Supported Scopes**: none  
**Supported Targets**: country  

## random_country_in_gran_colombia
ai_is_regional_objective_state = {  
	any_scope_regional_objective = {  
		type = $TYPE$  
		is_completed = no  
		region = { $STATE$.region = this }  
	}  
}
**Supported Scopes**: none  
**Supported Targets**: country  

## random_country_in_great_game_region
effect_native_conscription_6 = {  
	if = {  
		limit = { is_country_type = decentralized }  
		add_modifier = {  
			name = native_conscription_6  
			months = -1  
		}  
	}  
}
**Supported Scopes**: none  
**Supported Targets**: country  

## random_country_in_great_plains
**Supported Scopes**: none  
**Supported Targets**: country  

## random_country_in_great_plains_old
8¬ØÙö
**Supported Scopes**: none  
**Supported Targets**: country  

## random_country_in_great_rift_valley
8¬ØÙö
**Supported Scopes**: none  
**Supported Targets**: country  

## random_country_in_greater_afghanistan
effect_native_conscription_3 = {  
	if = {  
		limit = { is_country_type = decentralized }  
		add_modifier = {  
			name = native_conscription_3  
			months = -1  
		}  
	}  
}
**Supported Scopes**: none  
**Supported Targets**: country  

## random_country_in_greater_bulgaria
°ÖÙö
**Supported Scopes**: none  
**Supported Targets**: country  

## random_country_in_greater_canada
  
release_hungarian_states_puppet = yes   
release_croat_states_puppet = yes   
release_north_italian_states_puppet = yes   
release_polish_states_puppet = yes 
**Supported Scopes**: none  
**Supported Targets**: country  

## random_country_in_greater_croatia
is_jungle_hills = {  
	OR = {  
		is_in_geographic_region = geographic_region_indochina  
		is_in_geographic_region = geographic_region_south_china  
		state_region = s:STATE_RYUKYU_ISLANDS  
	}  
}
**Supported Scopes**: none  
**Supported Targets**: country  

## random_country_in_greater_germany
gfx_military_unit_is_irregular = {  
  
	scope:military_formation = {  
		any_combat_unit = {  
			has_unit_type = unit_type:combat_unit_type_irregular_infantry  
		}  
	}  
  
}
**Supported Scopes**: none  
**Supported Targets**: country  

## random_country_in_greater_khorasan
È§ØÙö
**Supported Scopes**: none  
**Supported Targets**: country  

## random_country_in_greater_persia
  
if = {   
limit = {   
state_region = {   
s:STATE_FRENCH_LOW_COUNTRIES ?= this   
}   
}   
STATE_FRENCH_LOW_COUNTRIES_state_name_assign = yes   
} 
**Supported Scopes**: none  
**Supported Targets**: country  

## random_country_in_greater_romania
°ÖÙö
**Supported Scopes**: none  
**Supported Targets**: country  

## random_country_in_gujarat_bombay_line
release_greater_germany_puppets = {  
	release_hungarian_states_puppet = yes  
	release_croat_states_puppet = yes  
	release_north_italian_states_puppet = yes  
	release_polish_states_puppet = yes  
}
**Supported Scopes**: none  
**Supported Targets**: country  

## random_country_in_han_homelands
ai_can_incorporate_state = {  
	OR = {  
		is_homeland_of_country_cultures = root  
		"years_to_incorporate(root)" <= define:NAI|INCORPORATE_STATE_MAX_YEARS  
	}  
}
**Supported Scopes**: none  
**Supported Targets**: country  

## random_country_in_himalayas
ai_is_regional_objective_state = {  
	any_scope_regional_objective = {  
		type = $TYPE$  
		is_completed = no  
		region = { $STATE$.region = this }  
	}  
}
**Supported Scopes**: none  
**Supported Targets**: country  

## random_country_in_himalayas_old
ai_is_regional_objective_state = {  
	any_scope_regional_objective = {  
		type = $TYPE$  
		is_completed = no  
		region = { $STATE$.region = this }  
	}  
}
**Supported Scopes**: none  
**Supported Targets**: country  

## random_country_in_historic_byzantium
°ÖÙö
**Supported Scopes**: none  
**Supported Targets**: country  

## random_country_in_home_islands
target_is_our_or_fellow_subject = {  
	OR = {  
		is_subject_of = root  
		AND = {  
			root = { is_subject = yes }  
			is_subject_of = root.overlord  
		}  
	}  
}
**Supported Scopes**: none  
**Supported Targets**: country  

## random_country_in_honshu
**Supported Scopes**: none  
**Supported Targets**: country  

## random_country_in_hungary
**Supported Scopes**: none  
**Supported Targets**: country  

## random_country_in_iberia_old
**Supported Scopes**: none  
**Supported Targets**: country  

## random_country_in_iceland
target_is_our_or_fellow_subject = {  
	OR = {  
		is_subject_of = root  
		AND = {  
			root = { is_subject = yes }  
			is_subject_of = root.overlord  
		}  
	}  
}
**Supported Scopes**: none  
**Supported Targets**: country  

## random_country_in_india
**Supported Scopes**: none  
**Supported Targets**: country  

## random_country_in_indian_frontier
effect_native_conscription_1 = {  
	if = {  
		limit = { is_country_type = decentralized }  
		add_modifier = {  
			name = native_conscription_1  
			months = -1  
		}  
	}  
}
**Supported Scopes**: none  
**Supported Targets**: country  

## random_country_in_indochina
ai_can_incorporate_state = {  
	OR = {  
		is_homeland_of_country_cultures = root  
		"years_to_incorporate(root)" <= define:NAI|INCORPORATE_STATE_MAX_YEARS  
	}  
}
**Supported Scopes**: none  
**Supported Targets**: country  

## random_country_in_indonesia
**Supported Scopes**: none  
**Supported Targets**: country  

## random_country_in_italy_old
ai_can_incorporate_state = {  
	OR = {  
		is_homeland_of_country_cultures = root  
		"years_to_incorporate(root)" <= define:NAI|INCORPORATE_STATE_MAX_YEARS  
	}  
}
**Supported Scopes**: none  
**Supported Targets**: country  

## random_country_in_japan
target_is_our_or_fellow_subject = {  
	OR = {  
		is_subject_of = root  
		AND = {  
			root = { is_subject = yes }  
			is_subject_of = root.overlord  
		}  
	}  
}
**Supported Scopes**: none  
**Supported Targets**: country  

## random_country_in_japan_old
ai_is_regional_objective_state = {  
	any_scope_regional_objective = {  
		type = $TYPE$  
		is_completed = no  
		region = { $STATE$.region = this }  
	}  
}
**Supported Scopes**: none  
**Supported Targets**: country  

## random_country_in_korea
target_is_our_or_fellow_subject = {  
	OR = {  
		is_subject_of = root  
		AND = {  
			root = { is_subject = yes }  
			is_subject_of = root.overlord  
		}  
	}  
}
**Supported Scopes**: none  
**Supported Targets**: country  

## random_country_in_krakatoa_tsunami_zone
È§ØÙö
**Supported Scopes**: none  
**Supported Targets**: country  

## random_country_in_la_plata
**Supported Scopes**: none  
**Supported Targets**: country  

## random_country_in_latin_america
ai_can_incorporate_state = {  
	OR = {  
		is_homeland_of_country_cultures = root  
		"years_to_incorporate(root)" <= define:NAI|INCORPORATE_STATE_MAX_YEARS  
	}  
}
**Supported Scopes**: none  
**Supported Targets**: country  

## random_country_in_lesser_germany
gfx_military_mobilization_is_mechanized = {  
  
	country_army_unit_type_fraction = {  
		target = unit_type:combat_unit_type_mechanized_infantry  
		value >= 0.2  
	}  
  
}
**Supported Scopes**: none  
**Supported Targets**: country  

## random_country_in_madras_old
ai_is_regional_objective_state = {  
	any_scope_regional_objective = {  
		type = $TYPE$  
		is_completed = no  
		region = { $STATE$.region = this }  
	}  
}
**Supported Scopes**: none  
**Supported Targets**: country  

## random_country_in_manchuria_old
ai_is_regional_objective_state = {  
	any_scope_regional_objective = {  
		type = $TYPE$  
		is_completed = no  
		region = { $STATE$.region = this }  
	}  
}
**Supported Scopes**: none  
**Supported Targets**: country  

## random_country_in_megali_greece
target_is_our_or_fellow_subject = {  
	OR = {  
		is_subject_of = root  
		AND = {  
			root = { is_subject = yes }  
			is_subject_of = root.overlord  
		}  
	}  
}
**Supported Scopes**: none  
**Supported Targets**: country  

## random_country_in_mexico_old
**Supported Scopes**: none  
**Supported Targets**: country  

## random_country_in_middle_east
ai_can_incorporate_state = {  
	OR = {  
		is_homeland_of_country_cultures = root  
		"years_to_incorporate(root)" <= define:NAI|INCORPORATE_STATE_MAX_YEARS  
	}  
}
**Supported Scopes**: none  
**Supported Targets**: country  

## random_country_in_mozambique
ai_can_incorporate_state = {  
	OR = {  
		is_homeland_of_country_cultures = root  
		"years_to_incorporate(root)" <= define:NAI|INCORPORATE_STATE_MAX_YEARS  
	}  
}
**Supported Scopes**: none  
**Supported Targets**: country  

## random_country_in_near_east
**Supported Scopes**: none  
**Supported Targets**: country  

## random_country_in_new_england_old
8¬ØÙö
**Supported Scopes**: none  
**Supported Targets**: country  

## random_country_in_new_world
ai_is_regional_objective_state = {  
	any_scope_regional_objective = {  
		type = $TYPE$  
		is_completed = no  
		region = { $STATE$.region = this }  
	}  
}
**Supported Scopes**: none  
**Supported Targets**: country  

## random_country_in_new_zealand
ai_can_incorporate_state = {  
	OR = {  
		is_homeland_of_country_cultures = root  
		"years_to_incorporate(root)" <= define:NAI|INCORPORATE_STATE_MAX_YEARS  
	}  
}
**Supported Scopes**: none  
**Supported Targets**: country  

## random_country_in_niger_old
ai_can_incorporate_state = {  
	OR = {  
		is_homeland_of_country_cultures = root  
		"years_to_incorporate(root)" <= define:NAI|INCORPORATE_STATE_MAX_YEARS  
	}  
}
**Supported Scopes**: none  
**Supported Targets**: country  

## random_country_in_nile_basin
**Supported Scopes**: none  
**Supported Targets**: country  

## random_country_in_north_africa
target_is_our_or_fellow_subject = {  
	OR = {  
		is_subject_of = root  
		AND = {  
			root = { is_subject = yes }  
			is_subject_of = root.overlord  
		}  
	}  
}
**Supported Scopes**: none  
**Supported Targets**: country  

## random_country_in_north_africa_egypt
federation_clothes_trigger = {  
	exists = scope:character  
	scope:character = {  
		exists = home_country  
		home_country = {  
			is_subject = no  
			c:FND ?= this  
		}  
	}  
}
**Supported Scopes**: none  
**Supported Targets**: country  

## random_country_in_north_africa_old
  
if = {   
limit = {   
state_region = {   
s:STATE_FRENCH_LOW_COUNTRIES ?= this   
}   
}   
STATE_FRENCH_LOW_COUNTRIES_state_name_assign = yes   
} 
**Supported Scopes**: none  
**Supported Targets**: country  

## random_country_in_north_america
target_is_our_or_fellow_subject = {  
	OR = {  
		is_subject_of = root  
		AND = {  
			root = { is_subject = yes }  
			is_subject_of = root.overlord  
		}  
	}  
}
**Supported Scopes**: none  
**Supported Targets**: country  

## random_country_in_north_andes
**Supported Scopes**: none  
**Supported Targets**: country  

## random_country_in_north_china
**Supported Scopes**: none  
**Supported Targets**: country  

## random_country_in_north_germany_old
  
if = {   
limit = {   
NOT = {   
has_variable = keep_current_ruler_var   
}   
}   
get_ruler_for:presidential_elective = {   
set_character_as_ruler = yes   
}   
} 
**Supported Scopes**: none  
**Supported Targets**: country  

## random_country_in_north_india
**Supported Scopes**: none  
**Supported Targets**: country  

## random_country_in_north_sea_old
**Supported Scopes**: none  
**Supported Targets**: country  

## random_country_in_northeast_asia
°ÖÙö
**Supported Scopes**: none  
**Supported Targets**: country  

## random_country_in_northern_europe
  
if = {   
limit = {   
state_region = {   
s:STATE_DISTRICT_OF_COLUMBIA ?= this   
}   
}   
STATE_DISTRICT_OF_COLUMBIA_state_name_assign = yes   
} 
**Supported Scopes**: none  
**Supported Targets**: country  

## random_country_in_northern_mexico
european_clothes_pop_trigger = {  
	exists = scope:pop  
	scope:pop = {  
		culture = {  
			has_discrimination_trait_group = heritage_group_european  
		}  
		NOT = {  
			culture = cu:circassian  
		}  
	}  
}
**Supported Scopes**: none  
**Supported Targets**: country  

## random_country_in_occitania_old
target_is_our_or_fellow_subject = {  
	OR = {  
		is_subject_of = root  
		AND = {  
			root = { is_subject = yes }  
			is_subject_of = root.overlord  
		}  
	}  
}
**Supported Scopes**: none  
**Supported Targets**: country  

## random_country_in_oceania
ai_can_incorporate_state = {  
	OR = {  
		is_homeland_of_country_cultures = root  
		"years_to_incorporate(root)" <= define:NAI|INCORPORATE_STATE_MAX_YEARS  
	}  
}
**Supported Scopes**: none  
**Supported Targets**: country  

## random_country_in_old_world
ai_can_incorporate_state = {  
	OR = {  
		is_homeland_of_country_cultures = root  
		"years_to_incorporate(root)" <= define:NAI|INCORPORATE_STATE_MAX_YEARS  
	}  
}
**Supported Scopes**: none  
**Supported Targets**: country  

## random_country_in_pacific_coast
**Supported Scopes**: none  
**Supported Targets**: country  

## random_country_in_pacific_coast_old
8¬ØÙö
**Supported Scopes**: none  
**Supported Targets**: country  

## random_country_in_persia_old
ai_can_incorporate_state = {  
	OR = {  
		is_homeland_of_country_cultures = root  
		"years_to_incorporate(root)" <= define:NAI|INCORPORATE_STATE_MAX_YEARS  
	}  
}
**Supported Scopes**: none  
**Supported Targets**: country  

## random_country_in_peru
ai_is_regional_objective_state = {  
	any_scope_regional_objective = {  
		type = $TYPE$  
		is_completed = no  
		region = { $STATE$.region = this }  
	}  
}
**Supported Scopes**: none  
**Supported Targets**: country  

## random_country_in_philippines
ai_can_incorporate_state = {  
	OR = {  
		is_homeland_of_country_cultures = root  
		"years_to_incorporate(root)" <= define:NAI|INCORPORATE_STATE_MAX_YEARS  
	}  
}
**Supported Scopes**: none  
**Supported Targets**: country  

## random_country_in_poland_old
ai_is_regional_objective_state = {  
	any_scope_regional_objective = {  
		type = $TYPE$  
		is_completed = no  
		region = { $STATE$.region = this }  
	}  
}
**Supported Scopes**: none  
**Supported Targets**: country  

## random_country_in_polar_seas
**Supported Scopes**: none  
**Supported Targets**: country  

## random_country_in_punjab_old
**Supported Scopes**: none  
**Supported Targets**: country  

## random_country_in_rhine_old
target_is_our_or_fellow_subject = {  
	OR = {  
		is_subject_of = root  
		AND = {  
			root = { is_subject = yes }  
			is_subject_of = root.overlord  
		}  
	}  
}
**Supported Scopes**: none  
**Supported Targets**: country  

## random_country_in_ring_of_fire
**Supported Scopes**: none  
**Supported Targets**: country  

## random_country_in_russia
target_is_our_or_fellow_subject = {  
	OR = {  
		is_subject_of = root  
		AND = {  
			root = { is_subject = yes }  
			is_subject_of = root.overlord  
		}  
	}  
}
**Supported Scopes**: none  
**Supported Targets**: country  

## random_country_in_russia_old
**Supported Scopes**: none  
**Supported Targets**: country  

## random_country_in_scandinavia
ai_is_regional_objective_state = {  
	any_scope_regional_objective = {  
		type = $TYPE$  
		is_completed = no  
		region = { $STATE$.region = this }  
	}  
}
**Supported Scopes**: none  
**Supported Targets**: country  

## random_country_in_senegal_old
**Supported Scopes**: none  
**Supported Targets**: country  

## random_country_in_siberia
target_is_our_or_fellow_subject = {  
	OR = {  
		is_subject_of = root  
		AND = {  
			root = { is_subject = yes }  
			is_subject_of = root.overlord  
		}  
	}  
}
**Supported Scopes**: none  
**Supported Targets**: country  

## random_country_in_south_africa
**Supported Scopes**: none  
**Supported Targets**: country  

## random_country_in_south_america
target_is_our_or_fellow_subject = {  
	OR = {  
		is_subject_of = root  
		AND = {  
			root = { is_subject = yes }  
			is_subject_of = root.overlord  
		}  
	}  
}
**Supported Scopes**: none  
**Supported Targets**: country  

## random_country_in_south_china
ai_is_regional_objective_state = {  
	any_scope_regional_objective = {  
		type = $TYPE$  
		is_completed = no  
		region = { $STATE$.region = this }  
	}  
}
**Supported Scopes**: none  
**Supported Targets**: country  

## random_country_in_south_east_asia
peru_bolivian_clothes_pop_trigger = {  
	exists = scope:pop  
	scope:pop = {  
		exists = home_country  
		home_country = {  
			is_subject = no  
			c:PBC ?= this  
		}  
	}  
}
**Supported Scopes**: none  
**Supported Targets**: country  

## random_country_in_south_germany_old
°ÖÙö
**Supported Scopes**: none  
**Supported Targets**: country  

## random_country_in_south_india
**Supported Scopes**: none  
**Supported Targets**: country  

## random_country_in_southern_africa
°ÖÙö
**Supported Scopes**: none  
**Supported Targets**: country  

## random_country_in_southern_africa_old
°ÖÙö
**Supported Scopes**: none  
**Supported Targets**: country  

## random_country_in_southern_cone
target_is_our_or_fellow_subject = {  
	OR = {  
		is_subject_of = root  
		AND = {  
			root = { is_subject = yes }  
			is_subject_of = root.overlord  
		}  
	}  
}
**Supported Scopes**: none  
**Supported Targets**: country  

## random_country_in_southern_europe
°ÖÙö
**Supported Scopes**: none  
**Supported Targets**: country  

## random_country_in_subsaharan_africa
8¬ØÙö
**Supported Scopes**: none  
**Supported Targets**: country  

## random_country_in_the_midwest_old
È§ØÙö
**Supported Scopes**: none  
**Supported Targets**: country  

## random_country_in_transoxiana
ai_is_regional_objective_state = {  
	any_scope_regional_objective = {  
		type = $TYPE$  
		is_completed = no  
		region = { $STATE$.region = this }  
	}  
}
**Supported Scopes**: none  
**Supported Targets**: country  

## random_country_in_tropical_seas
ai_is_regional_objective_state = {  
	any_scope_regional_objective = {  
		type = $TYPE$  
		is_completed = no  
		region = { $STATE$.region = this }  
	}  
}
**Supported Scopes**: none  
**Supported Targets**: country  

## random_country_in_turkestan
ai_is_regional_objective_state = {  
	any_scope_regional_objective = {  
		type = $TYPE$  
		is_completed = no  
		region = { $STATE$.region = this }  
	}  
}
**Supported Scopes**: none  
**Supported Targets**: country  

## random_country_in_urals_old
**Supported Scopes**: none  
**Supported Targets**: country  

## random_country_in_west_africa
target_is_our_or_fellow_subject = {  
	OR = {  
		is_subject_of = root  
		AND = {  
			root = { is_subject = yes }  
			is_subject_of = root.overlord  
		}  
	}  
}
**Supported Scopes**: none  
**Supported Targets**: country  

## random_country_in_west_siberia_old
°ÖÙö
**Supported Scopes**: none  
**Supported Targets**: country  

## random_country_in_western_europe
°ÖÙö
**Supported Scopes**: none  
**Supported Targets**: country  

## random_country_in_wet_process_region
È§ØÙö
**Supported Scopes**: none  
**Supported Targets**: country  

## random_country_in_yugoslavia
target_is_our_or_fellow_subject = {  
	OR = {  
		is_subject_of = root  
		AND = {  
			root = { is_subject = yes }  
			is_subject_of = root.overlord  
		}  
	}  
}
**Supported Scopes**: none  
**Supported Targets**: country  

## random_country_in_zambezi_basin
**Supported Scopes**: none  
**Supported Targets**: country  

## random_country_in_zanj_old
ai_can_incorporate_state = {  
	OR = {  
		is_homeland_of_country_cultures = root  
		"years_to_incorporate(root)" <= define:NAI|INCORPORATE_STATE_MAX_YEARS  
	}  
}
**Supported Scopes**: none  
**Supported Targets**: country  

## random_country_strategic_region
Iterate through all strategic regions containing states owned by the scoped country  
random_country_strategic_region = { limit = { <triggers> } (optional) weight = { mtth } <effects> }
**Supported Scopes**: country  
**Supported Targets**: strategic_region  

## random_decentralized_country
Iterate through all countries that are decentralized  
random_decentralized_country = { limit = { <triggers> } (optional) weight = { mtth } <effects> }
**Supported Scopes**: none  
**Supported Targets**: country  

## random_diplomatic_catalyst
Iterate through all diplomatic catalysts in the recent memory of a country  
random_diplomatic_catalyst = { limit = { <triggers> } (optional) weight = { mtth } <effects> }
**Supported Scopes**: country  
**Supported Targets**: diplomatic_catalyst  

## random_diplomatic_play
Iterate through all diplomatic plays globally  
random_diplomatic_play = { limit = { <triggers> } (optional) weight = { mtth } <effects> }
**Supported Scopes**: none  
**Supported Targets**: diplomatic_play  

## random_diplomatically_relevant_country
Iterate through all diplomatically relevant countries of a country scope  
random_diplomatically_relevant_country = { limit = { <triggers> } (optional) weight = { mtth } <effects> }
**Supported Scopes**: country  
**Supported Targets**: country  

## random_direct_subject
Any country directly below current in hierarchy  
random_direct_subject = { limit = { <triggers> } (optional) weight = { mtth } <effects> }
**Supported Scopes**: country  
**Supported Targets**: country  

## random_enemy_in_diplo_play
Iterate through all enemies of scope country in all diplomatic plays (includes wars)  
random_enemy_in_diplo_play = { limit = { <triggers> } (optional) weight = { mtth } <effects> }
**Supported Scopes**: country  
**Supported Targets**: country  

## random_enemy_in_war
Iterate through all enemies of scope country in all wars  
random_enemy_in_war = { limit = { <triggers> } (optional) weight = { mtth } <effects> }
**Supported Scopes**: country  
**Supported Targets**: country  

## random_harvest_condition
Iterate through all harvest conditions affecting a state, state region, strategic region, or country  
random_harvest_condition = { limit = { <triggers> } (optional) weight = { mtth } <effects> }
**Supported Scopes**: country, state, state_region, strategic_region  
**Supported Targets**: harvest_condition  

## random_in_global_list
Iterate through all items in global list. list = name or variable = name  
random_in_global_list = { limit = { <triggers> } (optional) weight = { mtth } <effects> }
**Supported Scopes**: none  

## random_in_hierarchy
Any country in current hierarchy, including current  
random_in_hierarchy = { limit = { <triggers> } (optional) weight = { mtth } <effects> }
**Supported Scopes**: country  
**Supported Targets**: country  

## random_in_list
Iterate through all items in list. list = name or variable = name  
random_in_list = { limit = { <triggers> } (optional) weight = { mtth } <effects> }
**Supported Scopes**: none  

## random_in_local_list
Iterate through all items in local list. list = name or variable = name  
random_in_local_list = { limit = { <triggers> } (optional) weight = { mtth } <effects> }
**Supported Scopes**: none  

## random_influenced_interest_group
Iterate through all interest groups influenced by a political movement  
random_influenced_interest_group = { limit = { <triggers> } (optional) weight = { mtth } <effects> }
**Supported Scopes**: political_movement  
**Supported Targets**: interest_group  

## random_interest_group
Iterate through all interest groups in a country  
random_interest_group = { limit = { <triggers> } (optional) weight = { mtth } <effects> }
**Supported Scopes**: country  
**Supported Targets**: interest_group  

## random_key_in_global_variable_map
Iterate through all keys in a global variable map.  
key_in_global_variable_map = {  
	variable = name  
	<...>  
}  
random_key_in_global_variable_map = { limit = { <triggers> } (optional) weight = { mtth } <effects> }
**Supported Scopes**: none  

## random_key_in_local_variable_map
Iterate through all keys in a local variable map.  
key_in_local_variable_map = {  
	variable = name  
	<...>  
}  
random_key_in_local_variable_map = { limit = { <triggers> } (optional) weight = { mtth } <effects> }
**Supported Scopes**: none  

## random_key_in_variable_map
Iterate through all keys in a variable map.  
key_in_variable_map = {  
	variable = name  
	<...>  
}  
random_key_in_variable_map = { limit = { <triggers> } (optional) weight = { mtth } <effects> }
**Supported Scopes**: none  

## random_law
Iterate through all laws in a country  
random_law = { limit = { <triggers> } (optional) weight = { mtth } <effects> }
**Supported Scopes**: country  
**Supported Targets**: law  

## random_list
Selects one effect from a weighted random list and executes it.  
  
random_list = {  
  10 = {  
	trigger = { enable / disable this effect }  
	modifier = {  
		if = {  
			limit = { is_foo }  
			add = 10  
		}  
  
		# Note: can have multiple conditions in the same `modifier` block to  
		# have different scenarios affect the chances differently  
		if = {  
			limit = { is_bar }  
			add = 20  
		}  
	}  
  
	# Warning: do _not_ add multilpe `modifier` blocks, since only the last one  
	# is taken into consideration. Instead, use multiple `if` conditions inside  
	# only one `modifier` block (one for each effect, that is)  
  
	<effect_1>  
  }  
  30 = {  
	# trigger is optional, leaving it out means this effect is enabled  
	# modifier is also optional, it means that the base weight (30) is final  
  
	# Note: totally fine to have a `modifier` block here. It's important to only  
	# have one `modifier` block per effect, not one in total.  
  
	<effect_2>  
  }  
}  
  
The effects are weighted by their relative weights (10 and 30 in the example).  
E.g. in this example the first effect has a base 25% chance of being picked,  
while the second effect has a 75% base chance. The chance is given by the  
formula `Wn / Wt` where `Wn` is the weight of a specific event while `Wt` is the  
sum of all the weights. So the chances in the example are, respectively,  
10 / 40 (25%) and 30 / 40 (75%).  
  
The weight of an effect can be modified by a `modifier` block. In the example,  
if the scoped object satisfies the `is_foo` trigger, its relative weight  
increases by 10. So in that situation, the relative weights would be 20 and 30  
rather than 10 and 30, meaning the chances would be 40% and 60% rather than  
25% and 75%.
**Supported Scopes**: none  

## random_lobby_member
Iterate through all interest group members of a lobby  
random_lobby_member = { limit = { <triggers> } (optional) weight = { mtth } <effects> }
**Supported Scopes**: political_lobby  
**Supported Targets**: interest_group  

## random_log_scopes
Log the current scope to the random log when this effect executes.  
Only use temprorarily for debugging purposes as it can introduce localized strings into the random log.  
random_log_scopes = yes # log full scope info  
random_log_scopes = no  # log only current scope
**Supported Scopes**: none  

## random_market
Iterate through all markets globally  
random_market = { limit = { <triggers> } (optional) weight = { mtth } <effects> }
**Supported Scopes**: none  
**Supported Targets**: market  

## random_market_goods
Iterate through all active (market) goods in a market  
random_market_goods = { limit = { <triggers> } (optional) weight = { mtth } <effects> }
**Supported Scopes**: market  
**Supported Targets**: market_goods  

## random_member
Iterate through all interest group members of a party  
random_member = { limit = { <triggers> } (optional) weight = { mtth } <effects> }
**Supported Scopes**: party  
**Supported Targets**: interest_group  

## random_military_formation
Iterate through all military formations currently present at input scope  
Supported scopes: country, front, hq  
random_military_formation = { limit = { <triggers> } (optional) weight = { mtth } <effects> }
**Supported Scopes**: country, front, hq  
**Supported Targets**: military_formation  

## random_neighbouring_state
Iterate through all states neighbouring a state region  
random_neighbouring_state = { limit = { <triggers> } (optional) weight = { mtth } <effects> }
**Supported Scopes**: country, state, state_region, strategic_region  
**Supported Targets**: state  

## random_overlord_or_above
Any country above current in hierarchy  
random_overlord_or_above = { limit = { <triggers> } (optional) weight = { mtth } <effects> }
**Supported Scopes**: country  
**Supported Targets**: country  

## random_owned_country
Iterate through all countries owned by the scoped company  
random_owned_country = { limit = { <triggers> } (optional) weight = { mtth } <effects> }
**Supported Scopes**: company  
**Supported Targets**: country  

## random_participant
Any of two participants of the diplomatic pact in a scope  
random_participant = { limit = { <triggers> } (optional) weight = { mtth } <effects> }
**Supported Scopes**: diplomatic_pact  
**Supported Targets**: country  

## random_political_lobby
Iterate through all political lobbies in a country or interest group  
random_political_lobby = { limit = { <triggers> } (optional) weight = { mtth } <effects> }
**Supported Scopes**: country, interest_group  
**Supported Targets**: political_lobby  

## random_political_movement
Iterate through all political movements in a country  
random_political_movement = { limit = { <triggers> } (optional) weight = { mtth } <effects> }
**Supported Scopes**: country  
**Supported Targets**: political_movement  

## random_possible_amendment_type
Iterate through amendment types that could be added to the scoped law  
random_possible_amendment_type = { limit = { <triggers> } (optional) weight = { mtth } <effects> }
**Supported Scopes**: law  
**Supported Targets**: amendment_type  

## random_potential_party
Iterate through all potential political parties in a country  
random_potential_party = { limit = { <triggers> } (optional) weight = { mtth } <effects> }
**Supported Scopes**: country  
**Supported Targets**: party  

## random_power_bloc
Iterate through all power blocs  
random_power_bloc = { limit = { <triggers> } (optional) weight = { mtth } <effects> }
**Supported Scopes**: none  
**Supported Targets**: power_bloc  

## random_power_bloc_member
Iterate through all members of the scoped power bloc including the leader  
random_power_bloc_member = { limit = { <triggers> } (optional) weight = { mtth } <effects> }
**Supported Scopes**: power_bloc  
**Supported Targets**: country  

## random_preferred_law
Iterate through all active and possible laws in an interest group's country, ordered by how much they prefer that law  
random_preferred_law = { limit = { <triggers> } (optional) weight = { mtth } <effects> }
**Supported Scopes**: interest_group  
**Supported Targets**: law  

## random_primary_culture
Primary cultures of the scoped country or country definition  
random_primary_culture = { limit = { <triggers> } (optional) weight = { mtth } <effects> }
**Supported Scopes**: country, country_definition  
**Supported Targets**: culture  

## random_province
Iterate through all Provinces in the scoped State  
random_province = { limit = { <triggers> } (optional) weight = { mtth } <effects> }
**Supported Scopes**: province  
**Supported Targets**: state  

## random_province_in_afghanistan
target_is_our_or_fellow_subject = {  
	OR = {  
		is_subject_of = root  
		AND = {  
			root = { is_subject = yes }  
			is_subject_of = root.overlord  
		}  
	}  
}
**Supported Scopes**: none  
**Supported Targets**: province  

## random_province_in_africa
**Supported Scopes**: none  
**Supported Targets**: province  

## random_province_in_allahabad_bombay_line
ai_can_incorporate_state = {  
	OR = {  
		is_homeland_of_country_cultures = root  
		"years_to_incorporate(root)" <= define:NAI|INCORPORATE_STATE_MAX_YEARS  
	}  
}
**Supported Scopes**: none  
**Supported Targets**: province  

## random_province_in_alpide_belt
ai_is_regional_objective_state = {  
	any_scope_regional_objective = {  
		type = $TYPE$  
		is_completed = no  
		region = { $STATE$.region = this }  
	}  
}
**Supported Scopes**: none  
**Supported Targets**: province  

## random_province_in_amazon
ai_is_regional_objective_state = {  
	any_scope_regional_objective = {  
		type = $TYPE$  
		is_completed = no  
		region = { $STATE$.region = this }  
	}  
}
**Supported Scopes**: none  
**Supported Targets**: province  

## random_province_in_americas
ai_is_regional_objective_state = {  
	any_scope_regional_objective = {  
		type = $TYPE$  
		is_completed = no  
		region = { $STATE$.region = this }  
	}  
}
**Supported Scopes**: none  
**Supported Targets**: province  

## random_province_in_anatolia_old
target_is_our_or_fellow_subject = {  
	OR = {  
		is_subject_of = root  
		AND = {  
			root = { is_subject = yes }  
			is_subject_of = root.overlord  
		}  
	}  
}
**Supported Scopes**: none  
**Supported Targets**: province  

## random_province_in_andean_federation
ai_is_regional_objective_state = {  
	any_scope_regional_objective = {  
		type = $TYPE$  
		is_completed = no  
		region = { $STATE$.region = this }  
	}  
}
**Supported Scopes**: none  
**Supported Targets**: province  

## random_province_in_andes
**Supported Scopes**: none  
**Supported Targets**: province  

## random_province_in_angola
ai_can_incorporate_state = {  
	OR = {  
		is_homeland_of_country_cultures = root  
		"years_to_incorporate(root)" <= define:NAI|INCORPORATE_STATE_MAX_YEARS  
	}  
}
**Supported Scopes**: none  
**Supported Targets**: province  

## random_province_in_arabia
target_is_our_or_fellow_subject = {  
	OR = {  
		is_subject_of = root  
		AND = {  
			root = { is_subject = yes }  
			is_subject_of = root.overlord  
		}  
	}  
}
**Supported Scopes**: none  
**Supported Targets**: province  

## random_province_in_arabic_old
ai_is_regional_objective_state = {  
	any_scope_regional_objective = {  
		type = $TYPE$  
		is_completed = no  
		region = { $STATE$.region = this }  
	}  
}
**Supported Scopes**: none  
**Supported Targets**: province  

## random_province_in_aragon
ai_is_regional_objective_state = {  
	any_scope_regional_objective = {  
		type = $TYPE$  
		is_completed = no  
		region = { $STATE$.region = this }  
	}  
}
**Supported Scopes**: none  
**Supported Targets**: province  

## random_province_in_arctic_russia_old
ai_is_regional_objective_state = {  
	any_scope_regional_objective = {  
		type = $TYPE$  
		is_completed = no  
		region = { $STATE$.region = this }  
	}  
}
**Supported Scopes**: none  
**Supported Targets**: province  

## random_province_in_asia
ai_can_incorporate_state = {  
	OR = {  
		is_homeland_of_country_cultures = root  
		"years_to_incorporate(root)" <= define:NAI|INCORPORATE_STATE_MAX_YEARS  
	}  
}
**Supported Scopes**: none  
**Supported Targets**: province  

## random_province_in_atlantic_coast
ai_can_incorporate_state = {  
	OR = {  
		is_homeland_of_country_cultures = root  
		"years_to_incorporate(root)" <= define:NAI|INCORPORATE_STATE_MAX_YEARS  
	}  
}
**Supported Scopes**: none  
**Supported Targets**: province  

## random_province_in_australasia
ai_can_incorporate_state = {  
	OR = {  
		is_homeland_of_country_cultures = root  
		"years_to_incorporate(root)" <= define:NAI|INCORPORATE_STATE_MAX_YEARS  
	}  
}
**Supported Scopes**: none  
**Supported Targets**: province  

## random_province_in_australia
ai_can_incorporate_state = {  
	OR = {  
		is_homeland_of_country_cultures = root  
		"years_to_incorporate(root)" <= define:NAI|INCORPORATE_STATE_MAX_YEARS  
	}  
}
**Supported Scopes**: none  
**Supported Targets**: province  

## random_province_in_balkans
ai_is_regional_objective_state = {  
	any_scope_regional_objective = {  
		type = $TYPE$  
		is_completed = no  
		region = { $STATE$.region = this }  
	}  
}
**Supported Scopes**: none  
**Supported Targets**: province  

## random_province_in_balkans_old
ai_is_regional_objective_state = {  
	any_scope_regional_objective = {  
		type = $TYPE$  
		is_completed = no  
		region = { $STATE$.region = this }  
	}  
}
**Supported Scopes**: none  
**Supported Targets**: province  

## random_province_in_baltic_old
**Supported Scopes**: none  
**Supported Targets**: province  

## random_province_in_baltic_states_old
target_is_our_or_fellow_subject = {  
	OR = {  
		is_subject_of = root  
		AND = {  
			root = { is_subject = yes }  
			is_subject_of = root.overlord  
		}  
	}  
}
**Supported Scopes**: none  
**Supported Targets**: province  

## random_province_in_belarus_old
ai_can_incorporate_state = {  
	OR = {  
		is_homeland_of_country_cultures = root  
		"years_to_incorporate(root)" <= define:NAI|INCORPORATE_STATE_MAX_YEARS  
	}  
}
**Supported Scopes**: none  
**Supported Targets**: province  

## random_province_in_bengal_old
ai_is_regional_objective_state = {  
	any_scope_regional_objective = {  
		type = $TYPE$  
		is_completed = no  
		region = { $STATE$.region = this }  
	}  
}
**Supported Scopes**: none  
**Supported Targets**: province  

## random_province_in_bolivia
ai_can_incorporate_state = {  
	OR = {  
		is_homeland_of_country_cultures = root  
		"years_to_incorporate(root)" <= define:NAI|INCORPORATE_STATE_MAX_YEARS  
	}  
}
**Supported Scopes**: none  
**Supported Targets**: province  

## random_province_in_bombay_madras_line
ai_can_incorporate_state = {  
	OR = {  
		is_homeland_of_country_cultures = root  
		"years_to_incorporate(root)" <= define:NAI|INCORPORATE_STATE_MAX_YEARS  
	}  
}
**Supported Scopes**: none  
**Supported Targets**: province  

## random_province_in_bombay_old
target_is_our_or_fellow_subject = {  
	OR = {  
		is_subject_of = root  
		AND = {  
			root = { is_subject = yes }  
			is_subject_of = root.overlord  
		}  
	}  
}
**Supported Scopes**: none  
**Supported Targets**: province  

## random_province_in_brazil
ai_can_incorporate_state = {  
	OR = {  
		is_homeland_of_country_cultures = root  
		"years_to_incorporate(root)" <= define:NAI|INCORPORATE_STATE_MAX_YEARS  
	}  
}
**Supported Scopes**: none  
**Supported Targets**: province  

## random_province_in_burma
**Supported Scopes**: none  
**Supported Targets**: province  

## random_province_in_canada
**Supported Scopes**: none  
**Supported Targets**: province  

## random_province_in_canada_old
**Supported Scopes**: none  
**Supported Targets**: province  

## random_province_in_caribbean_old
**Supported Scopes**: none  
**Supported Targets**: province  

## random_province_in_castile
target_is_our_or_fellow_subject = {  
	OR = {  
		is_subject_of = root  
		AND = {  
			root = { is_subject = yes }  
			is_subject_of = root.overlord  
		}  
	}  
}
**Supported Scopes**: none  
**Supported Targets**: province  

## random_province_in_caucasus_old
ai_is_regional_objective_state = {  
	any_scope_regional_objective = {  
		type = $TYPE$  
		is_completed = no  
		region = { $STATE$.region = this }  
	}  
}
**Supported Scopes**: none  
**Supported Targets**: province  

## random_province_in_central_america
target_is_our_or_fellow_subject = {  
	OR = {  
		is_subject_of = root  
		AND = {  
			root = { is_subject = yes }  
			is_subject_of = root.overlord  
		}  
	}  
}
**Supported Scopes**: none  
**Supported Targets**: province  

## random_province_in_central_america_old
target_is_our_or_fellow_subject = {  
	OR = {  
		is_subject_of = root  
		AND = {  
			root = { is_subject = yes }  
			is_subject_of = root.overlord  
		}  
	}  
}
**Supported Scopes**: none  
**Supported Targets**: province  

## random_province_in_central_asia
**Supported Scopes**: none  
**Supported Targets**: province  

## random_province_in_central_asia_old
ai_is_regional_objective_state = {  
	any_scope_regional_objective = {  
		type = $TYPE$  
		is_completed = no  
		region = { $STATE$.region = this }  
	}  
}
**Supported Scopes**: none  
**Supported Targets**: province  

## random_province_in_central_europe
ai_can_incorporate_state = {  
	OR = {  
		is_homeland_of_country_cultures = root  
		"years_to_incorporate(root)" <= define:NAI|INCORPORATE_STATE_MAX_YEARS  
	}  
}
**Supported Scopes**: none  
**Supported Targets**: province  

## random_province_in_central_india_old
**Supported Scopes**: none  
**Supported Targets**: province  

## random_province_in_china
ai_is_regional_objective_state = {  
	any_scope_regional_objective = {  
		type = $TYPE$  
		is_completed = no  
		region = { $STATE$.region = this }  
	}  
}
**Supported Scopes**: none  
**Supported Targets**: province  

## random_province_in_chorasmia
ai_is_regional_objective_state = {  
	any_scope_regional_objective = {  
		type = $TYPE$  
		is_completed = no  
		region = { $STATE$.region = this }  
	}  
}
**Supported Scopes**: none  
**Supported Targets**: province  

## random_province_in_colonial_la_plata
ai_is_regional_objective_state = {  
	any_scope_regional_objective = {  
		type = $TYPE$  
		is_completed = no  
		region = { $STATE$.region = this }  
	}  
}
**Supported Scopes**: none  
**Supported Targets**: province  

## random_province_in_colonial_new_grenada
ai_is_regional_objective_state = {  
	any_scope_regional_objective = {  
		type = $TYPE$  
		is_completed = no  
		region = { $STATE$.region = this }  
	}  
}
**Supported Scopes**: none  
**Supported Targets**: province  

## random_province_in_colonial_new_spain
target_is_our_or_fellow_subject = {  
	OR = {  
		is_subject_of = root  
		AND = {  
			root = { is_subject = yes }  
			is_subject_of = root.overlord  
		}  
	}  
}
**Supported Scopes**: none  
**Supported Targets**: province  

## random_province_in_colonial_peru
target_is_our_or_fellow_subject = {  
	OR = {  
		is_subject_of = root  
		AND = {  
			root = { is_subject = yes }  
			is_subject_of = root.overlord  
		}  
	}  
}
**Supported Scopes**: none  
**Supported Targets**: province  

## random_province_in_congo_old
ai_is_regional_objective_state = {  
	any_scope_regional_objective = {  
		type = $TYPE$  
		is_completed = no  
		region = { $STATE$.region = this }  
	}  
}
**Supported Scopes**: none  
**Supported Targets**: province  

## random_province_in_danubia_old
ai_can_incorporate_state = {  
	OR = {  
		is_homeland_of_country_cultures = root  
		"years_to_incorporate(root)" <= define:NAI|INCORPORATE_STATE_MAX_YEARS  
	}  
}
**Supported Scopes**: none  
**Supported Targets**: province  

## random_province_in_delhi_calcutta_line
ai_is_regional_objective_state = {  
	any_scope_regional_objective = {  
		type = $TYPE$  
		is_completed = no  
		region = { $STATE$.region = this }  
	}  
}
**Supported Scopes**: none  
**Supported Targets**: province  

## random_province_in_dixie_old
**Supported Scopes**: none  
**Supported Targets**: province  

## random_province_in_dnieper_old
**Supported Scopes**: none  
**Supported Targets**: province  

## random_province_in_east_africa
ai_is_regional_objective_state = {  
	any_scope_regional_objective = {  
		type = $TYPE$  
		is_completed = no  
		region = { $STATE$.region = this }  
	}  
}
**Supported Scopes**: none  
**Supported Targets**: province  

## random_province_in_east_asia
ai_is_regional_objective_state = {  
	any_scope_regional_objective = {  
		type = $TYPE$  
		is_completed = no  
		region = { $STATE$.region = this }  
	}  
}
**Supported Scopes**: none  
**Supported Targets**: province  

## random_province_in_east_sibera_old
target_is_our_or_fellow_subject = {  
	OR = {  
		is_subject_of = root  
		AND = {  
			root = { is_subject = yes }  
			is_subject_of = root.overlord  
		}  
	}  
}
**Supported Scopes**: none  
**Supported Targets**: province  

## random_province_in_eastern_europe
**Supported Scopes**: none  
**Supported Targets**: province  

## random_province_in_england_old
target_is_our_or_fellow_subject = {  
	OR = {  
		is_subject_of = root  
		AND = {  
			root = { is_subject = yes }  
			is_subject_of = root.overlord  
		}  
	}  
}
**Supported Scopes**: none  
**Supported Targets**: province  

## random_province_in_equatorial_africa
target_is_our_or_fellow_subject = {  
	OR = {  
		is_subject_of = root  
		AND = {  
			root = { is_subject = yes }  
			is_subject_of = root.overlord  
		}  
	}  
}
**Supported Scopes**: none  
**Supported Targets**: province  

## random_province_in_ethiopia_old
ai_is_regional_objective_state = {  
	any_scope_regional_objective = {  
		type = $TYPE$  
		is_completed = no  
		region = { $STATE$.region = this }  
	}  
}
**Supported Scopes**: none  
**Supported Targets**: province  

## random_province_in_europe
**Supported Scopes**: none  
**Supported Targets**: province  

## random_province_in_ezochi
target_is_our_or_fellow_subject = {  
	OR = {  
		is_subject_of = root  
		AND = {  
			root = { is_subject = yes }  
			is_subject_of = root.overlord  
		}  
	}  
}
**Supported Scopes**: none  
**Supported Targets**: province  

## random_province_in_finland_old
target_is_our_or_fellow_subject = {  
	OR = {  
		is_subject_of = root  
		AND = {  
			root = { is_subject = yes }  
			is_subject_of = root.overlord  
		}  
	}  
}
**Supported Scopes**: none  
**Supported Targets**: province  

## random_province_in_france
ai_is_regional_objective_state = {  
	any_scope_regional_objective = {  
		type = $TYPE$  
		is_completed = no  
		region = { $STATE$.region = this }  
	}  
}
**Supported Scopes**: none  
**Supported Targets**: province  

## random_province_in_france_old
**Supported Scopes**: none  
**Supported Targets**: province  

## random_province_in_french_natural_borders
**Supported Scopes**: none  
**Supported Targets**: province  

## random_province_in_german_confederation
ai_can_incorporate_state = {  
	OR = {  
		is_homeland_of_country_cultures = root  
		"years_to_incorporate(root)" <= define:NAI|INCORPORATE_STATE_MAX_YEARS  
	}  
}
**Supported Scopes**: none  
**Supported Targets**: province  

## random_province_in_gran_colombia
ai_is_regional_objective_state = {  
	any_scope_regional_objective = {  
		type = $TYPE$  
		is_completed = no  
		region = { $STATE$.region = this }  
	}  
}
**Supported Scopes**: none  
**Supported Targets**: province  

## random_province_in_great_game_region
ai_can_incorporate_state = {  
	OR = {  
		is_homeland_of_country_cultures = root  
		"years_to_incorporate(root)" <= define:NAI|INCORPORATE_STATE_MAX_YEARS  
	}  
}
**Supported Scopes**: none  
**Supported Targets**: province  

## random_province_in_great_plains
**Supported Scopes**: none  
**Supported Targets**: province  

## random_province_in_great_plains_old
**Supported Scopes**: none  
**Supported Targets**: province  

## random_province_in_great_rift_valley
**Supported Scopes**: none  
**Supported Targets**: province  

## random_province_in_greater_afghanistan
ai_can_incorporate_state = {  
	OR = {  
		is_homeland_of_country_cultures = root  
		"years_to_incorporate(root)" <= define:NAI|INCORPORATE_STATE_MAX_YEARS  
	}  
}
**Supported Scopes**: none  
**Supported Targets**: province  

## random_province_in_greater_bulgaria
target_is_our_or_fellow_subject = {  
	OR = {  
		is_subject_of = root  
		AND = {  
			root = { is_subject = yes }  
			is_subject_of = root.overlord  
		}  
	}  
}
**Supported Scopes**: none  
**Supported Targets**: province  

## random_province_in_greater_canada
**Supported Scopes**: none  
**Supported Targets**: province  

## random_province_in_greater_croatia
target_is_our_or_fellow_subject = {  
	OR = {  
		is_subject_of = root  
		AND = {  
			root = { is_subject = yes }  
			is_subject_of = root.overlord  
		}  
	}  
}
**Supported Scopes**: none  
**Supported Targets**: province  

## random_province_in_greater_germany
**Supported Scopes**: none  
**Supported Targets**: province  

## random_province_in_greater_khorasan
**Supported Scopes**: none  
**Supported Targets**: province  

## random_province_in_greater_persia
**Supported Scopes**: none  
**Supported Targets**: province  

## random_province_in_greater_romania
ai_can_incorporate_state = {  
	OR = {  
		is_homeland_of_country_cultures = root  
		"years_to_incorporate(root)" <= define:NAI|INCORPORATE_STATE_MAX_YEARS  
	}  
}
**Supported Scopes**: none  
**Supported Targets**: province  

## random_province_in_gujarat_bombay_line
ai_can_incorporate_state = {  
	OR = {  
		is_homeland_of_country_cultures = root  
		"years_to_incorporate(root)" <= define:NAI|INCORPORATE_STATE_MAX_YEARS  
	}  
}
**Supported Scopes**: none  
**Supported Targets**: province  

## random_province_in_han_homelands
ai_can_incorporate_state = {  
	OR = {  
		is_homeland_of_country_cultures = root  
		"years_to_incorporate(root)" <= define:NAI|INCORPORATE_STATE_MAX_YEARS  
	}  
}
**Supported Scopes**: none  
**Supported Targets**: province  

## random_province_in_himalayas
**Supported Scopes**: none  
**Supported Targets**: province  

## random_province_in_himalayas_old
ai_is_regional_objective_state = {  
	any_scope_regional_objective = {  
		type = $TYPE$  
		is_completed = no  
		region = { $STATE$.region = this }  
	}  
}
**Supported Scopes**: none  
**Supported Targets**: province  

## random_province_in_historic_byzantium
ai_can_incorporate_state = {  
	OR = {  
		is_homeland_of_country_cultures = root  
		"years_to_incorporate(root)" <= define:NAI|INCORPORATE_STATE_MAX_YEARS  
	}  
}
**Supported Scopes**: none  
**Supported Targets**: province  

## random_province_in_home_islands
target_is_our_or_fellow_subject = {  
	OR = {  
		is_subject_of = root  
		AND = {  
			root = { is_subject = yes }  
			is_subject_of = root.overlord  
		}  
	}  
}
**Supported Scopes**: none  
**Supported Targets**: province  

## random_province_in_honshu
ai_is_regional_objective_state = {  
	any_scope_regional_objective = {  
		type = $TYPE$  
		is_completed = no  
		region = { $STATE$.region = this }  
	}  
}
**Supported Scopes**: none  
**Supported Targets**: province  

## random_province_in_hungary
ai_is_regional_objective_state = {  
	any_scope_regional_objective = {  
		type = $TYPE$  
		is_completed = no  
		region = { $STATE$.region = this }  
	}  
}
**Supported Scopes**: none  
**Supported Targets**: province  

## random_province_in_iberia_old
ai_is_regional_objective_state = {  
	any_scope_regional_objective = {  
		type = $TYPE$  
		is_completed = no  
		region = { $STATE$.region = this }  
	}  
}
**Supported Scopes**: none  
**Supported Targets**: province  

## random_province_in_iceland
ai_can_incorporate_state = {  
	OR = {  
		is_homeland_of_country_cultures = root  
		"years_to_incorporate(root)" <= define:NAI|INCORPORATE_STATE_MAX_YEARS  
	}  
}
**Supported Scopes**: none  
**Supported Targets**: province  

## random_province_in_india
ai_can_incorporate_state = {  
	OR = {  
		is_homeland_of_country_cultures = root  
		"years_to_incorporate(root)" <= define:NAI|INCORPORATE_STATE_MAX_YEARS  
	}  
}
**Supported Scopes**: none  
**Supported Targets**: province  

## random_province_in_indian_frontier
ai_is_regional_objective_state = {  
	any_scope_regional_objective = {  
		type = $TYPE$  
		is_completed = no  
		region = { $STATE$.region = this }  
	}  
}
**Supported Scopes**: none  
**Supported Targets**: province  

## random_province_in_indochina
**Supported Scopes**: none  
**Supported Targets**: province  

## random_province_in_indonesia
ai_is_regional_objective_state = {  
	any_scope_regional_objective = {  
		type = $TYPE$  
		is_completed = no  
		region = { $STATE$.region = this }  
	}  
}
**Supported Scopes**: none  
**Supported Targets**: province  

## random_province_in_italy_old
**Supported Scopes**: none  
**Supported Targets**: province  

## random_province_in_japan
ai_can_incorporate_state = {  
	OR = {  
		is_homeland_of_country_cultures = root  
		"years_to_incorporate(root)" <= define:NAI|INCORPORATE_STATE_MAX_YEARS  
	}  
}
**Supported Scopes**: none  
**Supported Targets**: province  

## random_province_in_japan_old
**Supported Scopes**: none  
**Supported Targets**: province  

## random_province_in_korea
ai_can_incorporate_state = {  
	OR = {  
		is_homeland_of_country_cultures = root  
		"years_to_incorporate(root)" <= define:NAI|INCORPORATE_STATE_MAX_YEARS  
	}  
}
**Supported Scopes**: none  
**Supported Targets**: province  

## random_province_in_krakatoa_tsunami_zone
ai_is_regional_objective_state = {  
	any_scope_regional_objective = {  
		type = $TYPE$  
		is_completed = no  
		region = { $STATE$.region = this }  
	}  
}
**Supported Scopes**: none  
**Supported Targets**: province  

## random_province_in_la_plata
ai_is_regional_objective_state = {  
	any_scope_regional_objective = {  
		type = $TYPE$  
		is_completed = no  
		region = { $STATE$.region = this }  
	}  
}
**Supported Scopes**: none  
**Supported Targets**: province  

## random_province_in_latin_america
ai_can_incorporate_state = {  
	OR = {  
		is_homeland_of_country_cultures = root  
		"years_to_incorporate(root)" <= define:NAI|INCORPORATE_STATE_MAX_YEARS  
	}  
}
**Supported Scopes**: none  
**Supported Targets**: province  

## random_province_in_lesser_germany
ai_is_regional_objective_state = {  
	any_scope_regional_objective = {  
		type = $TYPE$  
		is_completed = no  
		region = { $STATE$.region = this }  
	}  
}
**Supported Scopes**: none  
**Supported Targets**: province  

## random_province_in_madras_old
**Supported Scopes**: none  
**Supported Targets**: province  

## random_province_in_manchuria_old
ai_is_regional_objective_state = {  
	any_scope_regional_objective = {  
		type = $TYPE$  
		is_completed = no  
		region = { $STATE$.region = this }  
	}  
}
**Supported Scopes**: none  
**Supported Targets**: province  

## random_province_in_megali_greece
target_is_our_or_fellow_subject = {  
	OR = {  
		is_subject_of = root  
		AND = {  
			root = { is_subject = yes }  
			is_subject_of = root.overlord  
		}  
	}  
}
**Supported Scopes**: none  
**Supported Targets**: province  

## random_province_in_mexico_old
ai_can_incorporate_state = {  
	OR = {  
		is_homeland_of_country_cultures = root  
		"years_to_incorporate(root)" <= define:NAI|INCORPORATE_STATE_MAX_YEARS  
	}  
}
**Supported Scopes**: none  
**Supported Targets**: province  

## random_province_in_middle_east
ai_is_regional_objective_state = {  
	any_scope_regional_objective = {  
		type = $TYPE$  
		is_completed = no  
		region = { $STATE$.region = this }  
	}  
}
**Supported Scopes**: none  
**Supported Targets**: province  

## random_province_in_mozambique
ai_is_regional_objective_state = {  
	any_scope_regional_objective = {  
		type = $TYPE$  
		is_completed = no  
		region = { $STATE$.region = this }  
	}  
}
**Supported Scopes**: none  
**Supported Targets**: province  

## random_province_in_near_east
ai_is_regional_objective_state = {  
	any_scope_regional_objective = {  
		type = $TYPE$  
		is_completed = no  
		region = { $STATE$.region = this }  
	}  
}
**Supported Scopes**: none  
**Supported Targets**: province  

## random_province_in_new_england_old
ai_can_incorporate_state = {  
	OR = {  
		is_homeland_of_country_cultures = root  
		"years_to_incorporate(root)" <= define:NAI|INCORPORATE_STATE_MAX_YEARS  
	}  
}
**Supported Scopes**: none  
**Supported Targets**: province  

## random_province_in_new_world
ai_can_incorporate_state = {  
	OR = {  
		is_homeland_of_country_cultures = root  
		"years_to_incorporate(root)" <= define:NAI|INCORPORATE_STATE_MAX_YEARS  
	}  
}
**Supported Scopes**: none  
**Supported Targets**: province  

## random_province_in_new_zealand
target_is_our_or_fellow_subject = {  
	OR = {  
		is_subject_of = root  
		AND = {  
			root = { is_subject = yes }  
			is_subject_of = root.overlord  
		}  
	}  
}
**Supported Scopes**: none  
**Supported Targets**: province  

## random_province_in_niger_old
**Supported Scopes**: none  
**Supported Targets**: province  

## random_province_in_nile_basin
ai_can_incorporate_state = {  
	OR = {  
		is_homeland_of_country_cultures = root  
		"years_to_incorporate(root)" <= define:NAI|INCORPORATE_STATE_MAX_YEARS  
	}  
}
**Supported Scopes**: none  
**Supported Targets**: province  

## random_province_in_north_africa
target_is_our_or_fellow_subject = {  
	OR = {  
		is_subject_of = root  
		AND = {  
			root = { is_subject = yes }  
			is_subject_of = root.overlord  
		}  
	}  
}
**Supported Scopes**: none  
**Supported Targets**: province  

## random_province_in_north_africa_egypt
ai_can_incorporate_state = {  
	OR = {  
		is_homeland_of_country_cultures = root  
		"years_to_incorporate(root)" <= define:NAI|INCORPORATE_STATE_MAX_YEARS  
	}  
}
**Supported Scopes**: none  
**Supported Targets**: province  

## random_province_in_north_africa_old
**Supported Scopes**: none  
**Supported Targets**: province  

## random_province_in_north_america
target_is_our_or_fellow_subject = {  
	OR = {  
		is_subject_of = root  
		AND = {  
			root = { is_subject = yes }  
			is_subject_of = root.overlord  
		}  
	}  
}
**Supported Scopes**: none  
**Supported Targets**: province  

## random_province_in_north_andes
ai_can_incorporate_state = {  
	OR = {  
		is_homeland_of_country_cultures = root  
		"years_to_incorporate(root)" <= define:NAI|INCORPORATE_STATE_MAX_YEARS  
	}  
}
**Supported Scopes**: none  
**Supported Targets**: province  

## random_province_in_north_china
ai_is_regional_objective_state = {  
	any_scope_regional_objective = {  
		type = $TYPE$  
		is_completed = no  
		region = { $STATE$.region = this }  
	}  
}
**Supported Scopes**: none  
**Supported Targets**: province  

## random_province_in_north_germany_old
**Supported Scopes**: none  
**Supported Targets**: province  

## random_province_in_north_india
target_is_our_or_fellow_subject = {  
	OR = {  
		is_subject_of = root  
		AND = {  
			root = { is_subject = yes }  
			is_subject_of = root.overlord  
		}  
	}  
}
**Supported Scopes**: none  
**Supported Targets**: province  

## random_province_in_north_sea_old
**Supported Scopes**: none  
**Supported Targets**: province  

## random_province_in_northeast_asia
target_is_our_or_fellow_subject = {  
	OR = {  
		is_subject_of = root  
		AND = {  
			root = { is_subject = yes }  
			is_subject_of = root.overlord  
		}  
	}  
}
**Supported Scopes**: none  
**Supported Targets**: province  

## random_province_in_northern_europe
target_is_our_or_fellow_subject = {  
	OR = {  
		is_subject_of = root  
		AND = {  
			root = { is_subject = yes }  
			is_subject_of = root.overlord  
		}  
	}  
}
**Supported Scopes**: none  
**Supported Targets**: province  

## random_province_in_northern_mexico
ai_can_incorporate_state = {  
	OR = {  
		is_homeland_of_country_cultures = root  
		"years_to_incorporate(root)" <= define:NAI|INCORPORATE_STATE_MAX_YEARS  
	}  
}
**Supported Scopes**: none  
**Supported Targets**: province  

## random_province_in_occitania_old
target_is_our_or_fellow_subject = {  
	OR = {  
		is_subject_of = root  
		AND = {  
			root = { is_subject = yes }  
			is_subject_of = root.overlord  
		}  
	}  
}
**Supported Scopes**: none  
**Supported Targets**: province  

## random_province_in_oceania
**Supported Scopes**: none  
**Supported Targets**: province  

## random_province_in_old_world
target_is_our_or_fellow_subject = {  
	OR = {  
		is_subject_of = root  
		AND = {  
			root = { is_subject = yes }  
			is_subject_of = root.overlord  
		}  
	}  
}
**Supported Scopes**: none  
**Supported Targets**: province  

## random_province_in_pacific_coast
**Supported Scopes**: none  
**Supported Targets**: province  

## random_province_in_pacific_coast_old
target_is_our_or_fellow_subject = {  
	OR = {  
		is_subject_of = root  
		AND = {  
			root = { is_subject = yes }  
			is_subject_of = root.overlord  
		}  
	}  
}
**Supported Scopes**: none  
**Supported Targets**: province  

## random_province_in_persia_old
target_is_our_or_fellow_subject = {  
	OR = {  
		is_subject_of = root  
		AND = {  
			root = { is_subject = yes }  
			is_subject_of = root.overlord  
		}  
	}  
}
**Supported Scopes**: none  
**Supported Targets**: province  

## random_province_in_peru
**Supported Scopes**: none  
**Supported Targets**: province  

## random_province_in_philippines
**Supported Scopes**: none  
**Supported Targets**: province  

## random_province_in_poland_old
target_is_our_or_fellow_subject = {  
	OR = {  
		is_subject_of = root  
		AND = {  
			root = { is_subject = yes }  
			is_subject_of = root.overlord  
		}  
	}  
}
**Supported Scopes**: none  
**Supported Targets**: province  

## random_province_in_polar_seas
target_is_our_or_fellow_subject = {  
	OR = {  
		is_subject_of = root  
		AND = {  
			root = { is_subject = yes }  
			is_subject_of = root.overlord  
		}  
	}  
}
**Supported Scopes**: none  
**Supported Targets**: province  

## random_province_in_punjab_old
ai_can_incorporate_state = {  
	OR = {  
		is_homeland_of_country_cultures = root  
		"years_to_incorporate(root)" <= define:NAI|INCORPORATE_STATE_MAX_YEARS  
	}  
}
**Supported Scopes**: none  
**Supported Targets**: province  

## random_province_in_rhine_old
ai_can_incorporate_state = {  
	OR = {  
		is_homeland_of_country_cultures = root  
		"years_to_incorporate(root)" <= define:NAI|INCORPORATE_STATE_MAX_YEARS  
	}  
}
**Supported Scopes**: none  
**Supported Targets**: province  

## random_province_in_ring_of_fire
**Supported Scopes**: none  
**Supported Targets**: province  

## random_province_in_russia
ai_can_incorporate_state = {  
	OR = {  
		is_homeland_of_country_cultures = root  
		"years_to_incorporate(root)" <= define:NAI|INCORPORATE_STATE_MAX_YEARS  
	}  
}
**Supported Scopes**: none  
**Supported Targets**: province  

## random_province_in_russia_old
ai_is_regional_objective_state = {  
	any_scope_regional_objective = {  
		type = $TYPE$  
		is_completed = no  
		region = { $STATE$.region = this }  
	}  
}
**Supported Scopes**: none  
**Supported Targets**: province  

## random_province_in_scandinavia
**Supported Scopes**: none  
**Supported Targets**: province  

## random_province_in_senegal_old
ai_is_regional_objective_state = {  
	any_scope_regional_objective = {  
		type = $TYPE$  
		is_completed = no  
		region = { $STATE$.region = this }  
	}  
}
**Supported Scopes**: none  
**Supported Targets**: province  

## random_province_in_siberia
ai_can_incorporate_state = {  
	OR = {  
		is_homeland_of_country_cultures = root  
		"years_to_incorporate(root)" <= define:NAI|INCORPORATE_STATE_MAX_YEARS  
	}  
}
**Supported Scopes**: none  
**Supported Targets**: province  

## random_province_in_south_africa
**Supported Scopes**: none  
**Supported Targets**: province  

## random_province_in_south_america
target_is_our_or_fellow_subject = {  
	OR = {  
		is_subject_of = root  
		AND = {  
			root = { is_subject = yes }  
			is_subject_of = root.overlord  
		}  
	}  
}
**Supported Scopes**: none  
**Supported Targets**: province  

## random_province_in_south_china
target_is_our_or_fellow_subject = {  
	OR = {  
		is_subject_of = root  
		AND = {  
			root = { is_subject = yes }  
			is_subject_of = root.overlord  
		}  
	}  
}
**Supported Scopes**: none  
**Supported Targets**: province  

## random_province_in_south_east_asia
**Supported Scopes**: none  
**Supported Targets**: province  

## random_province_in_south_germany_old
**Supported Scopes**: none  
**Supported Targets**: province  

## random_province_in_south_india
target_is_our_or_fellow_subject = {  
	OR = {  
		is_subject_of = root  
		AND = {  
			root = { is_subject = yes }  
			is_subject_of = root.overlord  
		}  
	}  
}
**Supported Scopes**: none  
**Supported Targets**: province  

## random_province_in_southern_africa
**Supported Scopes**: none  
**Supported Targets**: province  

## random_province_in_southern_africa_old
ai_is_regional_objective_state = {  
	any_scope_regional_objective = {  
		type = $TYPE$  
		is_completed = no  
		region = { $STATE$.region = this }  
	}  
}
**Supported Scopes**: none  
**Supported Targets**: province  

## random_province_in_southern_cone
target_is_our_or_fellow_subject = {  
	OR = {  
		is_subject_of = root  
		AND = {  
			root = { is_subject = yes }  
			is_subject_of = root.overlord  
		}  
	}  
}
**Supported Scopes**: none  
**Supported Targets**: province  

## random_province_in_southern_europe
**Supported Scopes**: none  
**Supported Targets**: province  

## random_province_in_subsaharan_africa
ai_can_incorporate_state = {  
	OR = {  
		is_homeland_of_country_cultures = root  
		"years_to_incorporate(root)" <= define:NAI|INCORPORATE_STATE_MAX_YEARS  
	}  
}
**Supported Scopes**: none  
**Supported Targets**: province  

## random_province_in_the_midwest_old
target_is_our_or_fellow_subject = {  
	OR = {  
		is_subject_of = root  
		AND = {  
			root = { is_subject = yes }  
			is_subject_of = root.overlord  
		}  
	}  
}
**Supported Scopes**: none  
**Supported Targets**: province  

## random_province_in_transoxiana
target_is_our_or_fellow_subject = {  
	OR = {  
		is_subject_of = root  
		AND = {  
			root = { is_subject = yes }  
			is_subject_of = root.overlord  
		}  
	}  
}
**Supported Scopes**: none  
**Supported Targets**: province  

## random_province_in_tropical_seas
ai_is_regional_objective_state = {  
	any_scope_regional_objective = {  
		type = $TYPE$  
		is_completed = no  
		region = { $STATE$.region = this }  
	}  
}
**Supported Scopes**: none  
**Supported Targets**: province  

## random_province_in_turkestan
ai_can_incorporate_state = {  
	OR = {  
		is_homeland_of_country_cultures = root  
		"years_to_incorporate(root)" <= define:NAI|INCORPORATE_STATE_MAX_YEARS  
	}  
}
**Supported Scopes**: none  
**Supported Targets**: province  

## random_province_in_urals_old
ai_is_regional_objective_state = {  
	any_scope_regional_objective = {  
		type = $TYPE$  
		is_completed = no  
		region = { $STATE$.region = this }  
	}  
}
**Supported Scopes**: none  
**Supported Targets**: province  

## random_province_in_west_africa
**Supported Scopes**: none  
**Supported Targets**: province  

## random_province_in_west_siberia_old
ai_is_regional_objective_state = {  
	any_scope_regional_objective = {  
		type = $TYPE$  
		is_completed = no  
		region = { $STATE$.region = this }  
	}  
}
**Supported Scopes**: none  
**Supported Targets**: province  

## random_province_in_western_europe
ai_is_regional_objective_state = {  
	any_scope_regional_objective = {  
		type = $TYPE$  
		is_completed = no  
		region = { $STATE$.region = this }  
	}  
}
**Supported Scopes**: none  
**Supported Targets**: province  

## random_province_in_wet_process_region
ai_can_incorporate_state = {  
	OR = {  
		is_homeland_of_country_cultures = root  
		"years_to_incorporate(root)" <= define:NAI|INCORPORATE_STATE_MAX_YEARS  
	}  
}
**Supported Scopes**: none  
**Supported Targets**: province  

## random_province_in_yugoslavia
ai_is_regional_objective_state = {  
	any_scope_regional_objective = {  
		type = $TYPE$  
		is_completed = no  
		region = { $STATE$.region = this }  
	}  
}
**Supported Scopes**: none  
**Supported Targets**: province  

## random_province_in_zambezi_basin
**Supported Scopes**: none  
**Supported Targets**: province  

## random_province_in_zanj_old
ai_is_regional_objective_state = {  
	any_scope_regional_objective = {  
		type = $TYPE$  
		is_completed = no  
		region = { $STATE$.region = this }  
	}  
}
**Supported Scopes**: none  
**Supported Targets**: province  

## random_releasable_state
Iterate through the states of the scoped country that would be released to scope:target_country_creation, for country creation war goals  
random_releasable_state = { limit = { <triggers> } (optional) weight = { mtth } <effects> }
**Supported Scopes**: country  
**Supported Targets**: state  

## random_rival_country
Any country that is being rivaled by the country in a scope  
random_rival_country = { limit = { <triggers> } (optional) weight = { mtth } <effects> }
**Supported Scopes**: country  
**Supported Targets**: country  

## random_rivaling_country
Any country that is rivaling the country in a scope  
random_rivaling_country = { limit = { <triggers> } (optional) weight = { mtth } <effects> }
**Supported Scopes**: country  
**Supported Targets**: country  

## random_scope_admiral
Iterate through all admirals in a: country, interestgroup, or military formation  
random_scope_admiral = { limit = { <triggers> } (optional) weight = { mtth } <effects> }
**Supported Scopes**: country, front, interest_group, military_formation  
**Supported Targets**: character  

## random_scope_ally
Iterate through all allies to a: country  
random_scope_ally = { limit = { <triggers> } (optional) weight = { mtth } <effects> }
**Supported Scopes**: country  
**Supported Targets**: country  

## random_scope_amendment
Iterate through amendments of the scoped law  
random_scope_amendment = { limit = { <triggers> } (optional) weight = { mtth } <effects> }
**Supported Scopes**: law  
**Supported Targets**: amendment  

## random_scope_army
Iterate through all armies currently present at input scope  
Supported scopes: country, front, hq  
random_scope_army = { limit = { <triggers> } (optional) weight = { mtth } <effects> }
**Supported Scopes**: country, front, hq  
**Supported Targets**: military_formation  

## random_scope_article
Iterate through articles of the scoped treaty  
random_scope_article = { limit = { <triggers> } (optional) weight = { mtth } <effects> }
**Supported Scopes**: treaty  
**Supported Targets**: treaty_article  

## random_scope_article_option
Iterate through article_options of the scoped treaty or treaty_options  
random_scope_article_option = { limit = { <triggers> } (optional) weight = { mtth } <effects> }
**Supported Scopes**: treaty_options, treaty  
**Supported Targets**: treaty_article_options  

## random_scope_building
Iterate through all buildings in a: state, country  
random_scope_building = { limit = { <triggers> } (optional) weight = { mtth } <effects> }
**Supported Scopes**: country, state  
**Supported Targets**: building  

## random_scope_character
Iterate through all characters in a: country, interestgroup, or front  
random_scope_character = { limit = { <triggers> } (optional) weight = { mtth } <effects> }
**Supported Scopes**: country, front, interest_group, military_formation  
**Supported Targets**: character  

## random_scope_country
Iterate through all countries with a presence in the supported scope (currently: market, strategic region)  
random_scope_country = { limit = { <triggers> } (optional) weight = { mtth } <effects> }
**Supported Scopes**: market, state_region, strategic_region  
**Supported Targets**: country  

## random_scope_culture
Iterate through all cultures in the scope  
random_scope_culture = { limit = { <triggers> } (optional) weight = { mtth } <effects> }
**Supported Scopes**: country, state  
**Supported Targets**: culture  

## random_scope_diplomatic_pact
Any diplomatic pact of the country in a scope  
random_scope_diplomatic_pact = { limit = { <triggers> } (optional) weight = { mtth } <effects> }
**Supported Scopes**: country  
**Supported Targets**: diplomatic_pact  

## random_scope_fleet
Iterate through all fleets currently present at input scope  
Supported scopes: country, hq  
random_scope_fleet = { limit = { <triggers> } (optional) weight = { mtth } <effects> }
**Supported Scopes**: country, hq  
**Supported Targets**: military_formation  

## random_scope_front
Iterate through all Fronts related to the scoped War  
random_scope_front = { limit = { <triggers> } (optional) weight = { mtth } <effects> }
**Supported Scopes**: war  
**Supported Targets**: front  

## random_scope_general
Iterate through all generals in a: country, interestgroup, front, or military formation  
random_scope_general = { limit = { <triggers> } (optional) weight = { mtth } <effects> }
**Supported Scopes**: country, front, interest_group, military_formation  
**Supported Targets**: character  

## random_scope_held_interest_marker
Iterate through all interest markers held by a country  
random_scope_held_interest_marker = { limit = { <triggers> } (optional) weight = { mtth } <effects> }
**Supported Scopes**: country  
**Supported Targets**: interest_marker  

## random_scope_homeland_state
Iterate through all states that are a homeland for the scoped culture, or a homeland of any primary culture of the scoped country  
random_scope_homeland_state = { limit = { <triggers> } (optional) weight = { mtth } <effects> }
**Supported Scopes**: country, culture  
**Supported Targets**: state  

## random_scope_initiator_ally
Iterate through all allies to an initiator in a: diplomatic play  
random_scope_initiator_ally = { limit = { <triggers> } (optional) weight = { mtth } <effects> }
**Supported Scopes**: diplomatic_play  
**Supported Targets**: country  

## random_scope_interest_marker
Iterate through all interest markers in a: country, strategic region, state region  
random_scope_interest_marker = { limit = { <triggers> } (optional) weight = { mtth } <effects> }
**Supported Scopes**: country, state_region, strategic_region  
**Supported Targets**: interest_marker  

## random_scope_je_involved
Iterate through all involved in a journal entry  
random_scope_je_involved = { limit = { <triggers> } (optional) weight = { mtth } <effects> }
**Supported Scopes**: journal_entry  
**Supported Targets**: country  

## random_scope_play_involved
Iterate through all involved in a: diplomatic play  
random_scope_play_involved = { limit = { <triggers> } (optional) weight = { mtth } <effects> }
**Supported Scopes**: diplomatic_play  
**Supported Targets**: country  

## random_scope_politician
Iterate through all politicians in a: country or interestgroup  
random_scope_politician = { limit = { <triggers> } (optional) weight = { mtth } <effects> }
**Supported Scopes**: country, front, interest_group, military_formation  
**Supported Targets**: character  

## random_scope_pop
Iterate through all pops in a: country, state, interest group, culture  
random_scope_pop = { limit = { <triggers> } (optional) weight = { mtth } <effects> }
**Supported Scopes**: country, culture, interest_group, state  
**Supported Targets**: pop  

## random_scope_regional_hqs
Iterate through regional HQs of the scoped company  
random_scope_regional_hqs = { limit = { <triggers> } (optional) weight = { mtth } <effects> }
**Supported Scopes**: company  
**Supported Targets**: building  

## random_scope_regional_objective
Iterate through the AI regional objectives of the scoped country, or the ones held in the scoped strategic region  
random_scope_regional_objective = { limit = { <triggers> } (optional) weight = { mtth } <effects> }
**Supported Scopes**: country, strategic_region  
**Supported Targets**: ai_regional_objective  

## random_scope_ship
Iterate through all ships in a country or military formation  
random_scope_ship = { limit = { <triggers> } (optional) weight = { mtth } <effects> }
**Supported Scopes**: country, military_formation  
**Supported Targets**: ship  

## random_scope_state
Iterate through all states including provinces from a: country, state_region, theater, front, or strait  
random_scope_state = { limit = { <triggers> } (optional) weight = { mtth } <effects> }
**Supported Scopes**: country, front, state_region, strait, strategic_region, theater  
**Supported Targets**: state  

## random_scope_strait
Iterate through all straits with a land endpoint in the scoped state or country  
random_scope_strait = { limit = { <triggers> } (optional) weight = { mtth } <effects> }
**Supported Scopes**: country, state  
**Supported Targets**: strait  

## random_scope_target_ally
Iterate through all allies to a target in a: diplomatic play  
random_scope_target_ally = { limit = { <triggers> } (optional) weight = { mtth } <effects> }
**Supported Scopes**: diplomatic_play  
**Supported Targets**: country  

## random_scope_theater
Iterate through all theaters in a: country  
random_scope_theater = { limit = { <triggers> } (optional) weight = { mtth } <effects> }
**Supported Scopes**: country  
**Supported Targets**: theater  

## random_scope_treaty
Iterate through in force treaties binding the scoped country  
random_scope_treaty = { limit = { <triggers> } (optional) weight = { mtth } <effects> }
**Supported Scopes**: country  
**Supported Targets**: treaty  

## random_scope_violate_sovereignty_interested_parties
Iterate through all countries that would be interested if country in scope has their sovereignty violated  
random_scope_violate_sovereignty_interested_parties = { limit = { <triggers> } (optional) weight = { mtth } <effects> }
**Supported Scopes**: country  
**Supported Targets**: country  

## random_scope_violate_sovereignty_wars
Iterate through all relevant wars if target country had their sovereignty violated by scoped country  
random_scope_violate_sovereignty_wars = { limit = { <triggers> } (optional) weight = { mtth } <effects> }
**Supported Scopes**: country  
**Supported Targets**: war  

## random_scope_war
Iterate through all wars related to the scope  
random_scope_war = { limit = { <triggers> } (optional) weight = { mtth } <effects> }
**Supported Scopes**: country  
**Supported Targets**: war  

## random_sea_node_adjacent_state
Iterate through all states that share a sea node with a state  
random_sea_node_adjacent_state = { limit = { <triggers> } (optional) weight = { mtth } <effects> }
**Supported Scopes**: state  
**Supported Targets**: state  

## random_state
Iterate through all states globally  
random_state = { limit = { <triggers> } (optional) weight = { mtth } <effects> }
**Supported Scopes**: none  
**Supported Targets**: state  

## random_state_in_afghanistan
ai_can_incorporate_state = {  
	OR = {  
		is_homeland_of_country_cultures = root  
		"years_to_incorporate(root)" <= define:NAI|INCORPORATE_STATE_MAX_YEARS  
	}  
}
**Supported Scopes**: none  
**Supported Targets**: state  

## random_state_in_africa
ai_is_regional_objective_state = {  
	any_scope_regional_objective = {  
		type = $TYPE$  
		is_completed = no  
		region = { $STATE$.region = this }  
	}  
}
**Supported Scopes**: none  
**Supported Targets**: state  

## random_state_in_allahabad_bombay_line
**Supported Scopes**: none  
**Supported Targets**: state  

## random_state_in_alpide_belt
target_is_our_or_fellow_subject = {  
	OR = {  
		is_subject_of = root  
		AND = {  
			root = { is_subject = yes }  
			is_subject_of = root.overlord  
		}  
	}  
}
**Supported Scopes**: none  
**Supported Targets**: state  

## random_state_in_amazon
ai_can_incorporate_state = {  
	OR = {  
		is_homeland_of_country_cultures = root  
		"years_to_incorporate(root)" <= define:NAI|INCORPORATE_STATE_MAX_YEARS  
	}  
}
**Supported Scopes**: none  
**Supported Targets**: state  

## random_state_in_americas
ai_can_incorporate_state = {  
	OR = {  
		is_homeland_of_country_cultures = root  
		"years_to_incorporate(root)" <= define:NAI|INCORPORATE_STATE_MAX_YEARS  
	}  
}
**Supported Scopes**: none  
**Supported Targets**: state  

## random_state_in_anatolia_old
ai_can_incorporate_state = {  
	OR = {  
		is_homeland_of_country_cultures = root  
		"years_to_incorporate(root)" <= define:NAI|INCORPORATE_STATE_MAX_YEARS  
	}  
}
**Supported Scopes**: none  
**Supported Targets**: state  

## random_state_in_andean_federation
**Supported Scopes**: none  
**Supported Targets**: state  

## random_state_in_andes
target_is_our_or_fellow_subject = {  
	OR = {  
		is_subject_of = root  
		AND = {  
			root = { is_subject = yes }  
			is_subject_of = root.overlord  
		}  
	}  
}
**Supported Scopes**: none  
**Supported Targets**: state  

## random_state_in_angola
target_is_our_or_fellow_subject = {  
	OR = {  
		is_subject_of = root  
		AND = {  
			root = { is_subject = yes }  
			is_subject_of = root.overlord  
		}  
	}  
}
**Supported Scopes**: none  
**Supported Targets**: state  

## random_state_in_arabia
**Supported Scopes**: none  
**Supported Targets**: state  

## random_state_in_arabic_old
ai_can_incorporate_state = {  
	OR = {  
		is_homeland_of_country_cultures = root  
		"years_to_incorporate(root)" <= define:NAI|INCORPORATE_STATE_MAX_YEARS  
	}  
}
**Supported Scopes**: none  
**Supported Targets**: state  

## random_state_in_aragon
ai_can_incorporate_state = {  
	OR = {  
		is_homeland_of_country_cultures = root  
		"years_to_incorporate(root)" <= define:NAI|INCORPORATE_STATE_MAX_YEARS  
	}  
}
**Supported Scopes**: none  
**Supported Targets**: state  

## random_state_in_arctic_russia_old
**Supported Scopes**: none  
**Supported Targets**: state  

## random_state_in_asia
target_is_our_or_fellow_subject = {  
	OR = {  
		is_subject_of = root  
		AND = {  
			root = { is_subject = yes }  
			is_subject_of = root.overlord  
		}  
	}  
}
**Supported Scopes**: none  
**Supported Targets**: state  

## random_state_in_atlantic_coast
ai_can_incorporate_state = {  
	OR = {  
		is_homeland_of_country_cultures = root  
		"years_to_incorporate(root)" <= define:NAI|INCORPORATE_STATE_MAX_YEARS  
	}  
}
**Supported Scopes**: none  
**Supported Targets**: state  

## random_state_in_australasia
ai_is_regional_objective_state = {  
	any_scope_regional_objective = {  
		type = $TYPE$  
		is_completed = no  
		region = { $STATE$.region = this }  
	}  
}
**Supported Scopes**: none  
**Supported Targets**: state  

## random_state_in_australia
ai_is_regional_objective_state = {  
	any_scope_regional_objective = {  
		type = $TYPE$  
		is_completed = no  
		region = { $STATE$.region = this }  
	}  
}
**Supported Scopes**: none  
**Supported Targets**: state  

## random_state_in_balkans
ai_can_incorporate_state = {  
	OR = {  
		is_homeland_of_country_cultures = root  
		"years_to_incorporate(root)" <= define:NAI|INCORPORATE_STATE_MAX_YEARS  
	}  
}
**Supported Scopes**: none  
**Supported Targets**: state  

## random_state_in_balkans_old
ai_can_incorporate_state = {  
	OR = {  
		is_homeland_of_country_cultures = root  
		"years_to_incorporate(root)" <= define:NAI|INCORPORATE_STATE_MAX_YEARS  
	}  
}
**Supported Scopes**: none  
**Supported Targets**: state  

## random_state_in_baltic_old
target_is_our_or_fellow_subject = {  
	OR = {  
		is_subject_of = root  
		AND = {  
			root = { is_subject = yes }  
			is_subject_of = root.overlord  
		}  
	}  
}
**Supported Scopes**: none  
**Supported Targets**: state  

## random_state_in_baltic_states_old
ai_is_regional_objective_state = {  
	any_scope_regional_objective = {  
		type = $TYPE$  
		is_completed = no  
		region = { $STATE$.region = this }  
	}  
}
**Supported Scopes**: none  
**Supported Targets**: state  

## random_state_in_belarus_old
ai_is_regional_objective_state = {  
	any_scope_regional_objective = {  
		type = $TYPE$  
		is_completed = no  
		region = { $STATE$.region = this }  
	}  
}
**Supported Scopes**: none  
**Supported Targets**: state  

## random_state_in_bengal_old
ai_can_incorporate_state = {  
	OR = {  
		is_homeland_of_country_cultures = root  
		"years_to_incorporate(root)" <= define:NAI|INCORPORATE_STATE_MAX_YEARS  
	}  
}
**Supported Scopes**: none  
**Supported Targets**: state  

## random_state_in_bolivia
ai_is_regional_objective_state = {  
	any_scope_regional_objective = {  
		type = $TYPE$  
		is_completed = no  
		region = { $STATE$.region = this }  
	}  
}
**Supported Scopes**: none  
**Supported Targets**: state  

## random_state_in_bombay_madras_line
target_is_our_or_fellow_subject = {  
	OR = {  
		is_subject_of = root  
		AND = {  
			root = { is_subject = yes }  
			is_subject_of = root.overlord  
		}  
	}  
}
**Supported Scopes**: none  
**Supported Targets**: state  

## random_state_in_bombay_old
**Supported Scopes**: none  
**Supported Targets**: state  

## random_state_in_brazil
ai_is_regional_objective_state = {  
	any_scope_regional_objective = {  
		type = $TYPE$  
		is_completed = no  
		region = { $STATE$.region = this }  
	}  
}
**Supported Scopes**: none  
**Supported Targets**: state  

## random_state_in_burma
ai_is_regional_objective_state = {  
	any_scope_regional_objective = {  
		type = $TYPE$  
		is_completed = no  
		region = { $STATE$.region = this }  
	}  
}
**Supported Scopes**: none  
**Supported Targets**: state  

## random_state_in_canada
ai_can_incorporate_state = {  
	OR = {  
		is_homeland_of_country_cultures = root  
		"years_to_incorporate(root)" <= define:NAI|INCORPORATE_STATE_MAX_YEARS  
	}  
}
**Supported Scopes**: none  
**Supported Targets**: state  

## random_state_in_canada_old
target_is_our_or_fellow_subject = {  
	OR = {  
		is_subject_of = root  
		AND = {  
			root = { is_subject = yes }  
			is_subject_of = root.overlord  
		}  
	}  
}
**Supported Scopes**: none  
**Supported Targets**: state  

## random_state_in_caribbean_old
ai_is_regional_objective_state = {  
	any_scope_regional_objective = {  
		type = $TYPE$  
		is_completed = no  
		region = { $STATE$.region = this }  
	}  
}
**Supported Scopes**: none  
**Supported Targets**: state  

## random_state_in_castile
**Supported Scopes**: none  
**Supported Targets**: state  

## random_state_in_caucasus_old
target_is_our_or_fellow_subject = {  
	OR = {  
		is_subject_of = root  
		AND = {  
			root = { is_subject = yes }  
			is_subject_of = root.overlord  
		}  
	}  
}
**Supported Scopes**: none  
**Supported Targets**: state  

## random_state_in_central_america
target_is_our_or_fellow_subject = {  
	OR = {  
		is_subject_of = root  
		AND = {  
			root = { is_subject = yes }  
			is_subject_of = root.overlord  
		}  
	}  
}
**Supported Scopes**: none  
**Supported Targets**: state  

## random_state_in_central_america_old
**Supported Scopes**: none  
**Supported Targets**: state  

## random_state_in_central_asia
ai_is_regional_objective_state = {  
	any_scope_regional_objective = {  
		type = $TYPE$  
		is_completed = no  
		region = { $STATE$.region = this }  
	}  
}
**Supported Scopes**: none  
**Supported Targets**: state  

## random_state_in_central_asia_old
**Supported Scopes**: none  
**Supported Targets**: state  

## random_state_in_central_europe
ai_can_incorporate_state = {  
	OR = {  
		is_homeland_of_country_cultures = root  
		"years_to_incorporate(root)" <= define:NAI|INCORPORATE_STATE_MAX_YEARS  
	}  
}
**Supported Scopes**: none  
**Supported Targets**: state  

## random_state_in_central_india_old
ai_can_incorporate_state = {  
	OR = {  
		is_homeland_of_country_cultures = root  
		"years_to_incorporate(root)" <= define:NAI|INCORPORATE_STATE_MAX_YEARS  
	}  
}
**Supported Scopes**: none  
**Supported Targets**: state  

## random_state_in_china
ai_can_incorporate_state = {  
	OR = {  
		is_homeland_of_country_cultures = root  
		"years_to_incorporate(root)" <= define:NAI|INCORPORATE_STATE_MAX_YEARS  
	}  
}
**Supported Scopes**: none  
**Supported Targets**: state  

## random_state_in_chorasmia
ai_can_incorporate_state = {  
	OR = {  
		is_homeland_of_country_cultures = root  
		"years_to_incorporate(root)" <= define:NAI|INCORPORATE_STATE_MAX_YEARS  
	}  
}
**Supported Scopes**: none  
**Supported Targets**: state  

## random_state_in_colonial_la_plata
**Supported Scopes**: none  
**Supported Targets**: state  

## random_state_in_colonial_new_grenada
ai_can_incorporate_state = {  
	OR = {  
		is_homeland_of_country_cultures = root  
		"years_to_incorporate(root)" <= define:NAI|INCORPORATE_STATE_MAX_YEARS  
	}  
}
**Supported Scopes**: none  
**Supported Targets**: state  

## random_state_in_colonial_new_spain
ai_is_regional_objective_state = {  
	any_scope_regional_objective = {  
		type = $TYPE$  
		is_completed = no  
		region = { $STATE$.region = this }  
	}  
}
**Supported Scopes**: none  
**Supported Targets**: state  

## random_state_in_colonial_peru
ai_can_incorporate_state = {  
	OR = {  
		is_homeland_of_country_cultures = root  
		"years_to_incorporate(root)" <= define:NAI|INCORPORATE_STATE_MAX_YEARS  
	}  
}
**Supported Scopes**: none  
**Supported Targets**: state  

## random_state_in_congo_old
ai_can_incorporate_state = {  
	OR = {  
		is_homeland_of_country_cultures = root  
		"years_to_incorporate(root)" <= define:NAI|INCORPORATE_STATE_MAX_YEARS  
	}  
}
**Supported Scopes**: none  
**Supported Targets**: state  

## random_state_in_danubia_old
ai_is_regional_objective_state = {  
	any_scope_regional_objective = {  
		type = $TYPE$  
		is_completed = no  
		region = { $STATE$.region = this }  
	}  
}
**Supported Scopes**: none  
**Supported Targets**: state  

## random_state_in_delhi_calcutta_line
**Supported Scopes**: none  
**Supported Targets**: state  

## random_state_in_dixie_old
ai_is_regional_objective_state = {  
	any_scope_regional_objective = {  
		type = $TYPE$  
		is_completed = no  
		region = { $STATE$.region = this }  
	}  
}
**Supported Scopes**: none  
**Supported Targets**: state  

## random_state_in_dnieper_old
target_is_our_or_fellow_subject = {  
	OR = {  
		is_subject_of = root  
		AND = {  
			root = { is_subject = yes }  
			is_subject_of = root.overlord  
		}  
	}  
}
**Supported Scopes**: none  
**Supported Targets**: state  

## random_state_in_east_africa
ai_can_incorporate_state = {  
	OR = {  
		is_homeland_of_country_cultures = root  
		"years_to_incorporate(root)" <= define:NAI|INCORPORATE_STATE_MAX_YEARS  
	}  
}
**Supported Scopes**: none  
**Supported Targets**: state  

## random_state_in_east_asia
**Supported Scopes**: none  
**Supported Targets**: state  

## random_state_in_east_sibera_old
target_is_our_or_fellow_subject = {  
	OR = {  
		is_subject_of = root  
		AND = {  
			root = { is_subject = yes }  
			is_subject_of = root.overlord  
		}  
	}  
}
**Supported Scopes**: none  
**Supported Targets**: state  

## random_state_in_eastern_europe
**Supported Scopes**: none  
**Supported Targets**: state  

## random_state_in_england_old
**Supported Scopes**: none  
**Supported Targets**: state  

## random_state_in_equatorial_africa
ai_is_regional_objective_state = {  
	any_scope_regional_objective = {  
		type = $TYPE$  
		is_completed = no  
		region = { $STATE$.region = this }  
	}  
}
**Supported Scopes**: none  
**Supported Targets**: state  

## random_state_in_ethiopia_old
**Supported Scopes**: none  
**Supported Targets**: state  

## random_state_in_europe
target_is_our_or_fellow_subject = {  
	OR = {  
		is_subject_of = root  
		AND = {  
			root = { is_subject = yes }  
			is_subject_of = root.overlord  
		}  
	}  
}
**Supported Scopes**: none  
**Supported Targets**: state  

## random_state_in_ezochi
**Supported Scopes**: none  
**Supported Targets**: state  

## random_state_in_finland_old
**Supported Scopes**: none  
**Supported Targets**: state  

## random_state_in_france
target_is_our_or_fellow_subject = {  
	OR = {  
		is_subject_of = root  
		AND = {  
			root = { is_subject = yes }  
			is_subject_of = root.overlord  
		}  
	}  
}
**Supported Scopes**: none  
**Supported Targets**: state  

## random_state_in_france_old
target_is_our_or_fellow_subject = {  
	OR = {  
		is_subject_of = root  
		AND = {  
			root = { is_subject = yes }  
			is_subject_of = root.overlord  
		}  
	}  
}
**Supported Scopes**: none  
**Supported Targets**: state  

## random_state_in_french_natural_borders
target_is_our_or_fellow_subject = {  
	OR = {  
		is_subject_of = root  
		AND = {  
			root = { is_subject = yes }  
			is_subject_of = root.overlord  
		}  
	}  
}
**Supported Scopes**: none  
**Supported Targets**: state  

## random_state_in_german_confederation
target_is_our_or_fellow_subject = {  
	OR = {  
		is_subject_of = root  
		AND = {  
			root = { is_subject = yes }  
			is_subject_of = root.overlord  
		}  
	}  
}
**Supported Scopes**: none  
**Supported Targets**: state  

## random_state_in_gran_colombia
**Supported Scopes**: none  
**Supported Targets**: state  

## random_state_in_great_game_region
target_is_our_or_fellow_subject = {  
	OR = {  
		is_subject_of = root  
		AND = {  
			root = { is_subject = yes }  
			is_subject_of = root.overlord  
		}  
	}  
}
**Supported Scopes**: none  
**Supported Targets**: state  

## random_state_in_great_plains
ai_is_regional_objective_state = {  
	any_scope_regional_objective = {  
		type = $TYPE$  
		is_completed = no  
		region = { $STATE$.region = this }  
	}  
}
**Supported Scopes**: none  
**Supported Targets**: state  

## random_state_in_great_plains_old
ai_is_regional_objective_state = {  
	any_scope_regional_objective = {  
		type = $TYPE$  
		is_completed = no  
		region = { $STATE$.region = this }  
	}  
}
**Supported Scopes**: none  
**Supported Targets**: state  

## random_state_in_great_rift_valley
target_is_our_or_fellow_subject = {  
	OR = {  
		is_subject_of = root  
		AND = {  
			root = { is_subject = yes }  
			is_subject_of = root.overlord  
		}  
	}  
}
**Supported Scopes**: none  
**Supported Targets**: state  

## random_state_in_greater_afghanistan
**Supported Scopes**: none  
**Supported Targets**: state  

## random_state_in_greater_bulgaria
ai_can_incorporate_state = {  
	OR = {  
		is_homeland_of_country_cultures = root  
		"years_to_incorporate(root)" <= define:NAI|INCORPORATE_STATE_MAX_YEARS  
	}  
}
**Supported Scopes**: none  
**Supported Targets**: state  

## random_state_in_greater_canada
**Supported Scopes**: none  
**Supported Targets**: state  

## random_state_in_greater_croatia
target_is_our_or_fellow_subject = {  
	OR = {  
		is_subject_of = root  
		AND = {  
			root = { is_subject = yes }  
			is_subject_of = root.overlord  
		}  
	}  
}
**Supported Scopes**: none  
**Supported Targets**: state  

## random_state_in_greater_germany
**Supported Scopes**: none  
**Supported Targets**: state  

## random_state_in_greater_khorasan
ai_can_incorporate_state = {  
	OR = {  
		is_homeland_of_country_cultures = root  
		"years_to_incorporate(root)" <= define:NAI|INCORPORATE_STATE_MAX_YEARS  
	}  
}
**Supported Scopes**: none  
**Supported Targets**: state  

## random_state_in_greater_persia
**Supported Scopes**: none  
**Supported Targets**: state  

## random_state_in_greater_romania
ai_can_incorporate_state = {  
	OR = {  
		is_homeland_of_country_cultures = root  
		"years_to_incorporate(root)" <= define:NAI|INCORPORATE_STATE_MAX_YEARS  
	}  
}
**Supported Scopes**: none  
**Supported Targets**: state  

## random_state_in_gujarat_bombay_line
ai_is_regional_objective_state = {  
	any_scope_regional_objective = {  
		type = $TYPE$  
		is_completed = no  
		region = { $STATE$.region = this }  
	}  
}
**Supported Scopes**: none  
**Supported Targets**: state  

## random_state_in_han_homelands
target_is_our_or_fellow_subject = {  
	OR = {  
		is_subject_of = root  
		AND = {  
			root = { is_subject = yes }  
			is_subject_of = root.overlord  
		}  
	}  
}
**Supported Scopes**: none  
**Supported Targets**: state  

## random_state_in_himalayas
ai_can_incorporate_state = {  
	OR = {  
		is_homeland_of_country_cultures = root  
		"years_to_incorporate(root)" <= define:NAI|INCORPORATE_STATE_MAX_YEARS  
	}  
}
**Supported Scopes**: none  
**Supported Targets**: state  

## random_state_in_himalayas_old
target_is_our_or_fellow_subject = {  
	OR = {  
		is_subject_of = root  
		AND = {  
			root = { is_subject = yes }  
			is_subject_of = root.overlord  
		}  
	}  
}
**Supported Scopes**: none  
**Supported Targets**: state  

## random_state_in_historic_byzantium
ai_is_regional_objective_state = {  
	any_scope_regional_objective = {  
		type = $TYPE$  
		is_completed = no  
		region = { $STATE$.region = this }  
	}  
}
**Supported Scopes**: none  
**Supported Targets**: state  

## random_state_in_home_islands
ai_is_regional_objective_state = {  
	any_scope_regional_objective = {  
		type = $TYPE$  
		is_completed = no  
		region = { $STATE$.region = this }  
	}  
}
**Supported Scopes**: none  
**Supported Targets**: state  

## random_state_in_honshu
ai_can_incorporate_state = {  
	OR = {  
		is_homeland_of_country_cultures = root  
		"years_to_incorporate(root)" <= define:NAI|INCORPORATE_STATE_MAX_YEARS  
	}  
}
**Supported Scopes**: none  
**Supported Targets**: state  

## random_state_in_hungary
ai_can_incorporate_state = {  
	OR = {  
		is_homeland_of_country_cultures = root  
		"years_to_incorporate(root)" <= define:NAI|INCORPORATE_STATE_MAX_YEARS  
	}  
}
**Supported Scopes**: none  
**Supported Targets**: state  

## random_state_in_iberia_old
ai_can_incorporate_state = {  
	OR = {  
		is_homeland_of_country_cultures = root  
		"years_to_incorporate(root)" <= define:NAI|INCORPORATE_STATE_MAX_YEARS  
	}  
}
**Supported Scopes**: none  
**Supported Targets**: state  

## random_state_in_iceland
**Supported Scopes**: none  
**Supported Targets**: state  

## random_state_in_india
target_is_our_or_fellow_subject = {  
	OR = {  
		is_subject_of = root  
		AND = {  
			root = { is_subject = yes }  
			is_subject_of = root.overlord  
		}  
	}  
}
**Supported Scopes**: none  
**Supported Targets**: state  

## random_state_in_indian_frontier
ai_is_regional_objective_state = {  
	any_scope_regional_objective = {  
		type = $TYPE$  
		is_completed = no  
		region = { $STATE$.region = this }  
	}  
}
**Supported Scopes**: none  
**Supported Targets**: state  

## random_state_in_indochina
target_is_our_or_fellow_subject = {  
	OR = {  
		is_subject_of = root  
		AND = {  
			root = { is_subject = yes }  
			is_subject_of = root.overlord  
		}  
	}  
}
**Supported Scopes**: none  
**Supported Targets**: state  

## random_state_in_indonesia
ai_can_incorporate_state = {  
	OR = {  
		is_homeland_of_country_cultures = root  
		"years_to_incorporate(root)" <= define:NAI|INCORPORATE_STATE_MAX_YEARS  
	}  
}
**Supported Scopes**: none  
**Supported Targets**: state  

## random_state_in_italy_old
target_is_our_or_fellow_subject = {  
	OR = {  
		is_subject_of = root  
		AND = {  
			root = { is_subject = yes }  
			is_subject_of = root.overlord  
		}  
	}  
}
**Supported Scopes**: none  
**Supported Targets**: state  

## random_state_in_japan
ai_is_regional_objective_state = {  
	any_scope_regional_objective = {  
		type = $TYPE$  
		is_completed = no  
		region = { $STATE$.region = this }  
	}  
}
**Supported Scopes**: none  
**Supported Targets**: state  

## random_state_in_japan_old
ai_can_incorporate_state = {  
	OR = {  
		is_homeland_of_country_cultures = root  
		"years_to_incorporate(root)" <= define:NAI|INCORPORATE_STATE_MAX_YEARS  
	}  
}
**Supported Scopes**: none  
**Supported Targets**: state  

## random_state_in_korea
ai_is_regional_objective_state = {  
	any_scope_regional_objective = {  
		type = $TYPE$  
		is_completed = no  
		region = { $STATE$.region = this }  
	}  
}
**Supported Scopes**: none  
**Supported Targets**: state  

## random_state_in_krakatoa_tsunami_zone
target_is_our_or_fellow_subject = {  
	OR = {  
		is_subject_of = root  
		AND = {  
			root = { is_subject = yes }  
			is_subject_of = root.overlord  
		}  
	}  
}
**Supported Scopes**: none  
**Supported Targets**: state  

## random_state_in_la_plata
ai_can_incorporate_state = {  
	OR = {  
		is_homeland_of_country_cultures = root  
		"years_to_incorporate(root)" <= define:NAI|INCORPORATE_STATE_MAX_YEARS  
	}  
}
**Supported Scopes**: none  
**Supported Targets**: state  

## random_state_in_latin_america
target_is_our_or_fellow_subject = {  
	OR = {  
		is_subject_of = root  
		AND = {  
			root = { is_subject = yes }  
			is_subject_of = root.overlord  
		}  
	}  
}
**Supported Scopes**: none  
**Supported Targets**: state  

## random_state_in_lesser_germany
ai_is_regional_objective_state = {  
	any_scope_regional_objective = {  
		type = $TYPE$  
		is_completed = no  
		region = { $STATE$.region = this }  
	}  
}
**Supported Scopes**: none  
**Supported Targets**: state  

## random_state_in_madras_old
target_is_our_or_fellow_subject = {  
	OR = {  
		is_subject_of = root  
		AND = {  
			root = { is_subject = yes }  
			is_subject_of = root.overlord  
		}  
	}  
}
**Supported Scopes**: none  
**Supported Targets**: state  

## random_state_in_manchuria_old
ai_can_incorporate_state = {  
	OR = {  
		is_homeland_of_country_cultures = root  
		"years_to_incorporate(root)" <= define:NAI|INCORPORATE_STATE_MAX_YEARS  
	}  
}
**Supported Scopes**: none  
**Supported Targets**: state  

## random_state_in_megali_greece
**Supported Scopes**: none  
**Supported Targets**: state  

## random_state_in_mexico_old
target_is_our_or_fellow_subject = {  
	OR = {  
		is_subject_of = root  
		AND = {  
			root = { is_subject = yes }  
			is_subject_of = root.overlord  
		}  
	}  
}
**Supported Scopes**: none  
**Supported Targets**: state  

## random_state_in_middle_east
**Supported Scopes**: none  
**Supported Targets**: state  

## random_state_in_mozambique
**Supported Scopes**: none  
**Supported Targets**: state  

## random_state_in_near_east
ai_can_incorporate_state = {  
	OR = {  
		is_homeland_of_country_cultures = root  
		"years_to_incorporate(root)" <= define:NAI|INCORPORATE_STATE_MAX_YEARS  
	}  
}
**Supported Scopes**: none  
**Supported Targets**: state  

## random_state_in_new_england_old
target_is_our_or_fellow_subject = {  
	OR = {  
		is_subject_of = root  
		AND = {  
			root = { is_subject = yes }  
			is_subject_of = root.overlord  
		}  
	}  
}
**Supported Scopes**: none  
**Supported Targets**: state  

## random_state_in_new_world
**Supported Scopes**: none  
**Supported Targets**: state  

## random_state_in_new_zealand
**Supported Scopes**: none  
**Supported Targets**: state  

## random_state_in_niger_old
target_is_our_or_fellow_subject = {  
	OR = {  
		is_subject_of = root  
		AND = {  
			root = { is_subject = yes }  
			is_subject_of = root.overlord  
		}  
	}  
}
**Supported Scopes**: none  
**Supported Targets**: state  

## random_state_in_nile_basin
target_is_our_or_fellow_subject = {  
	OR = {  
		is_subject_of = root  
		AND = {  
			root = { is_subject = yes }  
			is_subject_of = root.overlord  
		}  
	}  
}
**Supported Scopes**: none  
**Supported Targets**: state  

## random_state_in_north_africa
ai_is_regional_objective_state = {  
	any_scope_regional_objective = {  
		type = $TYPE$  
		is_completed = no  
		region = { $STATE$.region = this }  
	}  
}
**Supported Scopes**: none  
**Supported Targets**: state  

## random_state_in_north_africa_egypt
ai_is_regional_objective_state = {  
	any_scope_regional_objective = {  
		type = $TYPE$  
		is_completed = no  
		region = { $STATE$.region = this }  
	}  
}
**Supported Scopes**: none  
**Supported Targets**: state  

## random_state_in_north_africa_old
ai_can_incorporate_state = {  
	OR = {  
		is_homeland_of_country_cultures = root  
		"years_to_incorporate(root)" <= define:NAI|INCORPORATE_STATE_MAX_YEARS  
	}  
}
**Supported Scopes**: none  
**Supported Targets**: state  

## random_state_in_north_america
ai_can_incorporate_state = {  
	OR = {  
		is_homeland_of_country_cultures = root  
		"years_to_incorporate(root)" <= define:NAI|INCORPORATE_STATE_MAX_YEARS  
	}  
}
**Supported Scopes**: none  
**Supported Targets**: state  

## random_state_in_north_andes
target_is_our_or_fellow_subject = {  
	OR = {  
		is_subject_of = root  
		AND = {  
			root = { is_subject = yes }  
			is_subject_of = root.overlord  
		}  
	}  
}
**Supported Scopes**: none  
**Supported Targets**: state  

## random_state_in_north_china
ai_can_incorporate_state = {  
	OR = {  
		is_homeland_of_country_cultures = root  
		"years_to_incorporate(root)" <= define:NAI|INCORPORATE_STATE_MAX_YEARS  
	}  
}
**Supported Scopes**: none  
**Supported Targets**: state  

## random_state_in_north_germany_old
ai_can_incorporate_state = {  
	OR = {  
		is_homeland_of_country_cultures = root  
		"years_to_incorporate(root)" <= define:NAI|INCORPORATE_STATE_MAX_YEARS  
	}  
}
**Supported Scopes**: none  
**Supported Targets**: state  

## random_state_in_north_india
ai_is_regional_objective_state = {  
	any_scope_regional_objective = {  
		type = $TYPE$  
		is_completed = no  
		region = { $STATE$.region = this }  
	}  
}
**Supported Scopes**: none  
**Supported Targets**: state  

## random_state_in_north_sea_old
ai_can_incorporate_state = {  
	OR = {  
		is_homeland_of_country_cultures = root  
		"years_to_incorporate(root)" <= define:NAI|INCORPORATE_STATE_MAX_YEARS  
	}  
}
**Supported Scopes**: none  
**Supported Targets**: state  

## random_state_in_northeast_asia
ai_can_incorporate_state = {  
	OR = {  
		is_homeland_of_country_cultures = root  
		"years_to_incorporate(root)" <= define:NAI|INCORPORATE_STATE_MAX_YEARS  
	}  
}
**Supported Scopes**: none  
**Supported Targets**: state  

## random_state_in_northern_europe
target_is_our_or_fellow_subject = {  
	OR = {  
		is_subject_of = root  
		AND = {  
			root = { is_subject = yes }  
			is_subject_of = root.overlord  
		}  
	}  
}
**Supported Scopes**: none  
**Supported Targets**: state  

## random_state_in_northern_mexico
ai_can_incorporate_state = {  
	OR = {  
		is_homeland_of_country_cultures = root  
		"years_to_incorporate(root)" <= define:NAI|INCORPORATE_STATE_MAX_YEARS  
	}  
}
**Supported Scopes**: none  
**Supported Targets**: state  

## random_state_in_occitania_old
ai_is_regional_objective_state = {  
	any_scope_regional_objective = {  
		type = $TYPE$  
		is_completed = no  
		region = { $STATE$.region = this }  
	}  
}
**Supported Scopes**: none  
**Supported Targets**: state  

## random_state_in_oceania
target_is_our_or_fellow_subject = {  
	OR = {  
		is_subject_of = root  
		AND = {  
			root = { is_subject = yes }  
			is_subject_of = root.overlord  
		}  
	}  
}
**Supported Scopes**: none  
**Supported Targets**: state  

## random_state_in_old_world
ai_is_regional_objective_state = {  
	any_scope_regional_objective = {  
		type = $TYPE$  
		is_completed = no  
		region = { $STATE$.region = this }  
	}  
}
**Supported Scopes**: none  
**Supported Targets**: state  

## random_state_in_pacific_coast
ai_is_regional_objective_state = {  
	any_scope_regional_objective = {  
		type = $TYPE$  
		is_completed = no  
		region = { $STATE$.region = this }  
	}  
}
**Supported Scopes**: none  
**Supported Targets**: state  

## random_state_in_pacific_coast_old
ai_is_regional_objective_state = {  
	any_scope_regional_objective = {  
		type = $TYPE$  
		is_completed = no  
		region = { $STATE$.region = this }  
	}  
}
**Supported Scopes**: none  
**Supported Targets**: state  

## random_state_in_persia_old
**Supported Scopes**: none  
**Supported Targets**: state  

## random_state_in_peru
target_is_our_or_fellow_subject = {  
	OR = {  
		is_subject_of = root  
		AND = {  
			root = { is_subject = yes }  
			is_subject_of = root.overlord  
		}  
	}  
}
**Supported Scopes**: none  
**Supported Targets**: state  

## random_state_in_philippines
target_is_our_or_fellow_subject = {  
	OR = {  
		is_subject_of = root  
		AND = {  
			root = { is_subject = yes }  
			is_subject_of = root.overlord  
		}  
	}  
}
**Supported Scopes**: none  
**Supported Targets**: state  

## random_state_in_poland_old
**Supported Scopes**: none  
**Supported Targets**: state  

## random_state_in_polar_seas
ai_is_regional_objective_state = {  
	any_scope_regional_objective = {  
		type = $TYPE$  
		is_completed = no  
		region = { $STATE$.region = this }  
	}  
}
**Supported Scopes**: none  
**Supported Targets**: state  

## random_state_in_punjab_old
ai_is_regional_objective_state = {  
	any_scope_regional_objective = {  
		type = $TYPE$  
		is_completed = no  
		region = { $STATE$.region = this }  
	}  
}
**Supported Scopes**: none  
**Supported Targets**: state  

## random_state_in_rhine_old
ai_is_regional_objective_state = {  
	any_scope_regional_objective = {  
		type = $TYPE$  
		is_completed = no  
		region = { $STATE$.region = this }  
	}  
}
**Supported Scopes**: none  
**Supported Targets**: state  

## random_state_in_ring_of_fire
target_is_our_or_fellow_subject = {  
	OR = {  
		is_subject_of = root  
		AND = {  
			root = { is_subject = yes }  
			is_subject_of = root.overlord  
		}  
	}  
}
**Supported Scopes**: none  
**Supported Targets**: state  

## random_state_in_russia
**Supported Scopes**: none  
**Supported Targets**: state  

## random_state_in_russia_old
ai_can_incorporate_state = {  
	OR = {  
		is_homeland_of_country_cultures = root  
		"years_to_incorporate(root)" <= define:NAI|INCORPORATE_STATE_MAX_YEARS  
	}  
}
**Supported Scopes**: none  
**Supported Targets**: state  

## random_state_in_scandinavia
target_is_our_or_fellow_subject = {  
	OR = {  
		is_subject_of = root  
		AND = {  
			root = { is_subject = yes }  
			is_subject_of = root.overlord  
		}  
	}  
}
**Supported Scopes**: none  
**Supported Targets**: state  

## random_state_in_senegal_old
ai_can_incorporate_state = {  
	OR = {  
		is_homeland_of_country_cultures = root  
		"years_to_incorporate(root)" <= define:NAI|INCORPORATE_STATE_MAX_YEARS  
	}  
}
**Supported Scopes**: none  
**Supported Targets**: state  

## random_state_in_siberia
ai_is_regional_objective_state = {  
	any_scope_regional_objective = {  
		type = $TYPE$  
		is_completed = no  
		region = { $STATE$.region = this }  
	}  
}
**Supported Scopes**: none  
**Supported Targets**: state  

## random_state_in_south_africa
target_is_our_or_fellow_subject = {  
	OR = {  
		is_subject_of = root  
		AND = {  
			root = { is_subject = yes }  
			is_subject_of = root.overlord  
		}  
	}  
}
**Supported Scopes**: none  
**Supported Targets**: state  

## random_state_in_south_america
ai_can_incorporate_state = {  
	OR = {  
		is_homeland_of_country_cultures = root  
		"years_to_incorporate(root)" <= define:NAI|INCORPORATE_STATE_MAX_YEARS  
	}  
}
**Supported Scopes**: none  
**Supported Targets**: state  

## random_state_in_south_china
**Supported Scopes**: none  
**Supported Targets**: state  

## random_state_in_south_east_asia
**Supported Scopes**: none  
**Supported Targets**: state  

## random_state_in_south_germany_old
ai_is_regional_objective_state = {  
	any_scope_regional_objective = {  
		type = $TYPE$  
		is_completed = no  
		region = { $STATE$.region = this }  
	}  
}
**Supported Scopes**: none  
**Supported Targets**: state  

## random_state_in_south_india
ai_is_regional_objective_state = {  
	any_scope_regional_objective = {  
		type = $TYPE$  
		is_completed = no  
		region = { $STATE$.region = this }  
	}  
}
**Supported Scopes**: none  
**Supported Targets**: state  

## random_state_in_southern_africa
**Supported Scopes**: none  
**Supported Targets**: state  

## random_state_in_southern_africa_old
target_is_our_or_fellow_subject = {  
	OR = {  
		is_subject_of = root  
		AND = {  
			root = { is_subject = yes }  
			is_subject_of = root.overlord  
		}  
	}  
}
**Supported Scopes**: none  
**Supported Targets**: state  

## random_state_in_southern_cone
ai_is_regional_objective_state = {  
	any_scope_regional_objective = {  
		type = $TYPE$  
		is_completed = no  
		region = { $STATE$.region = this }  
	}  
}
**Supported Scopes**: none  
**Supported Targets**: state  

## random_state_in_southern_europe
**Supported Scopes**: none  
**Supported Targets**: state  

## random_state_in_subsaharan_africa
ai_is_regional_objective_state = {  
	any_scope_regional_objective = {  
		type = $TYPE$  
		is_completed = no  
		region = { $STATE$.region = this }  
	}  
}
**Supported Scopes**: none  
**Supported Targets**: state  

## random_state_in_the_midwest_old
target_is_our_or_fellow_subject = {  
	OR = {  
		is_subject_of = root  
		AND = {  
			root = { is_subject = yes }  
			is_subject_of = root.overlord  
		}  
	}  
}
**Supported Scopes**: none  
**Supported Targets**: state  

## random_state_in_transoxiana
**Supported Scopes**: none  
**Supported Targets**: state  

## random_state_in_tropical_seas
ai_can_incorporate_state = {  
	OR = {  
		is_homeland_of_country_cultures = root  
		"years_to_incorporate(root)" <= define:NAI|INCORPORATE_STATE_MAX_YEARS  
	}  
}
**Supported Scopes**: none  
**Supported Targets**: state  

## random_state_in_turkestan
target_is_our_or_fellow_subject = {  
	OR = {  
		is_subject_of = root  
		AND = {  
			root = { is_subject = yes }  
			is_subject_of = root.overlord  
		}  
	}  
}
**Supported Scopes**: none  
**Supported Targets**: state  

## random_state_in_urals_old
ai_can_incorporate_state = {  
	OR = {  
		is_homeland_of_country_cultures = root  
		"years_to_incorporate(root)" <= define:NAI|INCORPORATE_STATE_MAX_YEARS  
	}  
}
**Supported Scopes**: none  
**Supported Targets**: state  

## random_state_in_west_africa
ai_is_regional_objective_state = {  
	any_scope_regional_objective = {  
		type = $TYPE$  
		is_completed = no  
		region = { $STATE$.region = this }  
	}  
}
**Supported Scopes**: none  
**Supported Targets**: state  

## random_state_in_west_siberia_old
ai_can_incorporate_state = {  
	OR = {  
		is_homeland_of_country_cultures = root  
		"years_to_incorporate(root)" <= define:NAI|INCORPORATE_STATE_MAX_YEARS  
	}  
}
**Supported Scopes**: none  
**Supported Targets**: state  

## random_state_in_western_europe
ai_is_regional_objective_state = {  
	any_scope_regional_objective = {  
		type = $TYPE$  
		is_completed = no  
		region = { $STATE$.region = this }  
	}  
}
**Supported Scopes**: none  
**Supported Targets**: state  

## random_state_in_wet_process_region
target_is_our_or_fellow_subject = {  
	OR = {  
		is_subject_of = root  
		AND = {  
			root = { is_subject = yes }  
			is_subject_of = root.overlord  
		}  
	}  
}
**Supported Scopes**: none  
**Supported Targets**: state  

## random_state_in_yugoslavia
ai_can_incorporate_state = {  
	OR = {  
		is_homeland_of_country_cultures = root  
		"years_to_incorporate(root)" <= define:NAI|INCORPORATE_STATE_MAX_YEARS  
	}  
}
**Supported Scopes**: none  
**Supported Targets**: state  

## random_state_in_zambezi_basin
target_is_our_or_fellow_subject = {  
	OR = {  
		is_subject_of = root  
		AND = {  
			root = { is_subject = yes }  
			is_subject_of = root.overlord  
		}  
	}  
}
**Supported Scopes**: none  
**Supported Targets**: state  

## random_state_in_zanj_old
target_is_our_or_fellow_subject = {  
	OR = {  
		is_subject_of = root  
		AND = {  
			root = { is_subject = yes }  
			is_subject_of = root.overlord  
		}  
	}  
}
**Supported Scopes**: none  
**Supported Targets**: state  

## random_state_region
Iterate through all state regions  
random_state_region = { limit = { <triggers> } (optional) weight = { mtth } <effects> }
**Supported Scopes**: none  
**Supported Targets**: state_region  

## random_state_region_in_afghanistan
ai_can_incorporate_state = {  
	OR = {  
		is_homeland_of_country_cultures = root  
		"years_to_incorporate(root)" <= define:NAI|INCORPORATE_STATE_MAX_YEARS  
	}  
}
**Supported Scopes**: none  
**Supported Targets**: state_region  

## random_state_region_in_africa
ai_is_regional_objective_state = {  
	any_scope_regional_objective = {  
		type = $TYPE$  
		is_completed = no  
		region = { $STATE$.region = this }  
	}  
}
**Supported Scopes**: none  
**Supported Targets**: state_region  

## random_state_region_in_allahabad_bombay_line
effect_native_conscription_10 = {  
	if = {  
		limit = { is_country_type = decentralized }  
		add_modifier = {  
			name = native_conscription_10  
			months = -1  
		}  
	}  
}
**Supported Scopes**: none  
**Supported Targets**: state_region  

## random_state_region_in_alpide_belt
target_is_our_or_fellow_subject = {  
	OR = {  
		is_subject_of = root  
		AND = {  
			root = { is_subject = yes }  
			is_subject_of = root.overlord  
		}  
	}  
}
**Supported Scopes**: none  
**Supported Targets**: state_region  

## random_state_region_in_amazon
ai_can_incorporate_state = {  
	OR = {  
		is_homeland_of_country_cultures = root  
		"years_to_incorporate(root)" <= define:NAI|INCORPORATE_STATE_MAX_YEARS  
	}  
}
**Supported Scopes**: none  
**Supported Targets**: state_region  

## random_state_region_in_americas
ai_can_incorporate_state = {  
	OR = {  
		is_homeland_of_country_cultures = root  
		"years_to_incorporate(root)" <= define:NAI|INCORPORATE_STATE_MAX_YEARS  
	}  
}
**Supported Scopes**: none  
**Supported Targets**: state_region  

## random_state_region_in_anatolia_old
ai_can_incorporate_state = {  
	OR = {  
		is_homeland_of_country_cultures = root  
		"years_to_incorporate(root)" <= define:NAI|INCORPORATE_STATE_MAX_YEARS  
	}  
}
**Supported Scopes**: none  
**Supported Targets**: state_region  

## random_state_region_in_andean_federation
**Supported Scopes**: none  
**Supported Targets**: state_region  

## random_state_region_in_andes
target_is_our_or_fellow_subject = {  
	OR = {  
		is_subject_of = root  
		AND = {  
			root = { is_subject = yes }  
			is_subject_of = root.overlord  
		}  
	}  
}
**Supported Scopes**: none  
**Supported Targets**: state_region  

## random_state_region_in_angola
target_is_our_or_fellow_subject = {  
	OR = {  
		is_subject_of = root  
		AND = {  
			root = { is_subject = yes }  
			is_subject_of = root.overlord  
		}  
	}  
}
**Supported Scopes**: none  
**Supported Targets**: state_region  

## random_state_region_in_arabia
**Supported Scopes**: none  
**Supported Targets**: state_region  

## random_state_region_in_arabic_old
ai_can_incorporate_state = {  
	OR = {  
		is_homeland_of_country_cultures = root  
		"years_to_incorporate(root)" <= define:NAI|INCORPORATE_STATE_MAX_YEARS  
	}  
}
**Supported Scopes**: none  
**Supported Targets**: state_region  

## random_state_region_in_aragon
ai_can_incorporate_state = {  
	OR = {  
		is_homeland_of_country_cultures = root  
		"years_to_incorporate(root)" <= define:NAI|INCORPORATE_STATE_MAX_YEARS  
	}  
}
**Supported Scopes**: none  
**Supported Targets**: state_region  

## random_state_region_in_arctic_russia_old
target_is_our_or_fellow_subject = {  
	OR = {  
		is_subject_of = root  
		AND = {  
			root = { is_subject = yes }  
			is_subject_of = root.overlord  
		}  
	}  
}
**Supported Scopes**: none  
**Supported Targets**: state_region  

## random_state_region_in_asia
target_is_our_or_fellow_subject = {  
	OR = {  
		is_subject_of = root  
		AND = {  
			root = { is_subject = yes }  
			is_subject_of = root.overlord  
		}  
	}  
}
**Supported Scopes**: none  
**Supported Targets**: state_region  

## random_state_region_in_atlantic_coast
ai_is_regional_objective_state = {  
	any_scope_regional_objective = {  
		type = $TYPE$  
		is_completed = no  
		region = { $STATE$.region = this }  
	}  
}
**Supported Scopes**: none  
**Supported Targets**: state_region  

## random_state_region_in_australasia
ai_is_regional_objective_state = {  
	any_scope_regional_objective = {  
		type = $TYPE$  
		is_completed = no  
		region = { $STATE$.region = this }  
	}  
}
**Supported Scopes**: none  
**Supported Targets**: state_region  

## random_state_region_in_australia
ai_is_regional_objective_state = {  
	any_scope_regional_objective = {  
		type = $TYPE$  
		is_completed = no  
		region = { $STATE$.region = this }  
	}  
}
**Supported Scopes**: none  
**Supported Targets**: state_region  

## random_state_region_in_balkans
ai_can_incorporate_state = {  
	OR = {  
		is_homeland_of_country_cultures = root  
		"years_to_incorporate(root)" <= define:NAI|INCORPORATE_STATE_MAX_YEARS  
	}  
}
**Supported Scopes**: none  
**Supported Targets**: state_region  

## random_state_region_in_balkans_old
ai_can_incorporate_state = {  
	OR = {  
		is_homeland_of_country_cultures = root  
		"years_to_incorporate(root)" <= define:NAI|INCORPORATE_STATE_MAX_YEARS  
	}  
}
**Supported Scopes**: none  
**Supported Targets**: state_region  

## random_state_region_in_baltic_old
target_is_our_or_fellow_subject = {  
	OR = {  
		is_subject_of = root  
		AND = {  
			root = { is_subject = yes }  
			is_subject_of = root.overlord  
		}  
	}  
}
**Supported Scopes**: none  
**Supported Targets**: state_region  

## random_state_region_in_baltic_states_old
ai_can_incorporate_state = {  
	OR = {  
		is_homeland_of_country_cultures = root  
		"years_to_incorporate(root)" <= define:NAI|INCORPORATE_STATE_MAX_YEARS  
	}  
}
**Supported Scopes**: none  
**Supported Targets**: state_region  

## random_state_region_in_belarus_old
ai_is_regional_objective_state = {  
	any_scope_regional_objective = {  
		type = $TYPE$  
		is_completed = no  
		region = { $STATE$.region = this }  
	}  
}
**Supported Scopes**: none  
**Supported Targets**: state_region  

## random_state_region_in_bengal_old
ai_can_incorporate_state = {  
	OR = {  
		is_homeland_of_country_cultures = root  
		"years_to_incorporate(root)" <= define:NAI|INCORPORATE_STATE_MAX_YEARS  
	}  
}
**Supported Scopes**: none  
**Supported Targets**: state_region  

## random_state_region_in_bolivia
ai_is_regional_objective_state = {  
	any_scope_regional_objective = {  
		type = $TYPE$  
		is_completed = no  
		region = { $STATE$.region = this }  
	}  
}
**Supported Scopes**: none  
**Supported Targets**: state_region  

## random_state_region_in_bombay_madras_line
target_is_our_or_fellow_subject = {  
	OR = {  
		is_subject_of = root  
		AND = {  
			root = { is_subject = yes }  
			is_subject_of = root.overlord  
		}  
	}  
}
**Supported Scopes**: none  
**Supported Targets**: state_region  

## random_state_region_in_bombay_old
**Supported Scopes**: none  
**Supported Targets**: state_region  

## random_state_region_in_brazil
ai_is_regional_objective_state = {  
	any_scope_regional_objective = {  
		type = $TYPE$  
		is_completed = no  
		region = { $STATE$.region = this }  
	}  
}
**Supported Scopes**: none  
**Supported Targets**: state_region  

## random_state_region_in_burma
ai_is_regional_objective_state = {  
	any_scope_regional_objective = {  
		type = $TYPE$  
		is_completed = no  
		region = { $STATE$.region = this }  
	}  
}
**Supported Scopes**: none  
**Supported Targets**: state_region  

## random_state_region_in_canada
ai_can_incorporate_state = {  
	OR = {  
		is_homeland_of_country_cultures = root  
		"years_to_incorporate(root)" <= define:NAI|INCORPORATE_STATE_MAX_YEARS  
	}  
}
**Supported Scopes**: none  
**Supported Targets**: state_region  

## random_state_region_in_canada_old
target_is_our_or_fellow_subject = {  
	OR = {  
		is_subject_of = root  
		AND = {  
			root = { is_subject = yes }  
			is_subject_of = root.overlord  
		}  
	}  
}
**Supported Scopes**: none  
**Supported Targets**: state_region  

## random_state_region_in_caribbean_old
ai_is_regional_objective_state = {  
	any_scope_regional_objective = {  
		type = $TYPE$  
		is_completed = no  
		region = { $STATE$.region = this }  
	}  
}
**Supported Scopes**: none  
**Supported Targets**: state_region  

## random_state_region_in_castile
**Supported Scopes**: none  
**Supported Targets**: state_region  

## random_state_region_in_caucasus_old
target_is_our_or_fellow_subject = {  
	OR = {  
		is_subject_of = root  
		AND = {  
			root = { is_subject = yes }  
			is_subject_of = root.overlord  
		}  
	}  
}
**Supported Scopes**: none  
**Supported Targets**: state_region  

## random_state_region_in_central_america
ai_is_regional_objective_state = {  
	any_scope_regional_objective = {  
		type = $TYPE$  
		is_completed = no  
		region = { $STATE$.region = this }  
	}  
}
**Supported Scopes**: none  
**Supported Targets**: state_region  

## random_state_region_in_central_america_old
ai_can_incorporate_state = {  
	OR = {  
		is_homeland_of_country_cultures = root  
		"years_to_incorporate(root)" <= define:NAI|INCORPORATE_STATE_MAX_YEARS  
	}  
}
**Supported Scopes**: none  
**Supported Targets**: state_region  

## random_state_region_in_central_asia
ai_is_regional_objective_state = {  
	any_scope_regional_objective = {  
		type = $TYPE$  
		is_completed = no  
		region = { $STATE$.region = this }  
	}  
}
**Supported Scopes**: none  
**Supported Targets**: state_region  

## random_state_region_in_central_asia_old
target_is_our_or_fellow_subject = {  
	OR = {  
		is_subject_of = root  
		AND = {  
			root = { is_subject = yes }  
			is_subject_of = root.overlord  
		}  
	}  
}
**Supported Scopes**: none  
**Supported Targets**: state_region  

## random_state_region_in_central_europe
**Supported Scopes**: none  
**Supported Targets**: state_region  

## random_state_region_in_central_india_old
ai_can_incorporate_state = {  
	OR = {  
		is_homeland_of_country_cultures = root  
		"years_to_incorporate(root)" <= define:NAI|INCORPORATE_STATE_MAX_YEARS  
	}  
}
**Supported Scopes**: none  
**Supported Targets**: state_region  

## random_state_region_in_china
ai_can_incorporate_state = {  
	OR = {  
		is_homeland_of_country_cultures = root  
		"years_to_incorporate(root)" <= define:NAI|INCORPORATE_STATE_MAX_YEARS  
	}  
}
**Supported Scopes**: none  
**Supported Targets**: state_region  

## random_state_region_in_chorasmia
ai_can_incorporate_state = {  
	OR = {  
		is_homeland_of_country_cultures = root  
		"years_to_incorporate(root)" <= define:NAI|INCORPORATE_STATE_MAX_YEARS  
	}  
}
**Supported Scopes**: none  
**Supported Targets**: state_region  

## random_state_region_in_colonial_la_plata
**Supported Scopes**: none  
**Supported Targets**: state_region  

## random_state_region_in_colonial_new_grenada
coa_def_west_african_trigger = {  
    any_primary_culture = {  
        has_discrimination_trait_group = heritage_group_african  
        has_discrimination_trait = heritage_guinean  
    }  
}
**Supported Scopes**: none  
**Supported Targets**: state_region  

## random_state_region_in_colonial_new_spain
ai_is_regional_objective_state = {  
	any_scope_regional_objective = {  
		type = $TYPE$  
		is_completed = no  
		region = { $STATE$.region = this }  
	}  
}
**Supported Scopes**: none  
**Supported Targets**: state_region  

## random_state_region_in_colonial_peru
ai_can_incorporate_state = {  
	OR = {  
		is_homeland_of_country_cultures = root  
		"years_to_incorporate(root)" <= define:NAI|INCORPORATE_STATE_MAX_YEARS  
	}  
}
**Supported Scopes**: none  
**Supported Targets**: state_region  

## random_state_region_in_congo_old
ai_can_incorporate_state = {  
	OR = {  
		is_homeland_of_country_cultures = root  
		"years_to_incorporate(root)" <= define:NAI|INCORPORATE_STATE_MAX_YEARS  
	}  
}
**Supported Scopes**: none  
**Supported Targets**: state_region  

## random_state_region_in_danubia_old
ai_is_regional_objective_state = {  
	any_scope_regional_objective = {  
		type = $TYPE$  
		is_completed = no  
		region = { $STATE$.region = this }  
	}  
}
**Supported Scopes**: none  
**Supported Targets**: state_region  

## random_state_region_in_delhi_calcutta_line
ai_can_incorporate_state = {  
	OR = {  
		is_homeland_of_country_cultures = root  
		"years_to_incorporate(root)" <= define:NAI|INCORPORATE_STATE_MAX_YEARS  
	}  
}
**Supported Scopes**: none  
**Supported Targets**: state_region  

## random_state_region_in_dixie_old
ai_is_regional_objective_state = {  
	any_scope_regional_objective = {  
		type = $TYPE$  
		is_completed = no  
		region = { $STATE$.region = this }  
	}  
}
**Supported Scopes**: none  
**Supported Targets**: state_region  

## random_state_region_in_dnieper_old
target_is_our_or_fellow_subject = {  
	OR = {  
		is_subject_of = root  
		AND = {  
			root = { is_subject = yes }  
			is_subject_of = root.overlord  
		}  
	}  
}
**Supported Scopes**: none  
**Supported Targets**: state_region  

## random_state_region_in_east_africa
ai_can_incorporate_state = {  
	OR = {  
		is_homeland_of_country_cultures = root  
		"years_to_incorporate(root)" <= define:NAI|INCORPORATE_STATE_MAX_YEARS  
	}  
}
**Supported Scopes**: none  
**Supported Targets**: state_region  

## random_state_region_in_east_asia
**Supported Scopes**: none  
**Supported Targets**: state_region  

## random_state_region_in_east_sibera_old
ai_can_incorporate_state = {  
	OR = {  
		is_homeland_of_country_cultures = root  
		"years_to_incorporate(root)" <= define:NAI|INCORPORATE_STATE_MAX_YEARS  
	}  
}
**Supported Scopes**: none  
**Supported Targets**: state_region  

## random_state_region_in_eastern_europe
target_is_our_or_fellow_subject = {  
	OR = {  
		is_subject_of = root  
		AND = {  
			root = { is_subject = yes }  
			is_subject_of = root.overlord  
		}  
	}  
}
**Supported Scopes**: none  
**Supported Targets**: state_region  

## random_state_region_in_england_old
**Supported Scopes**: none  
**Supported Targets**: state_region  

## random_state_region_in_equatorial_africa
**Supported Scopes**: none  
**Supported Targets**: state_region  

## random_state_region_in_ethiopia_old
**Supported Scopes**: none  
**Supported Targets**: state_region  

## random_state_region_in_europe
target_is_our_or_fellow_subject = {  
	OR = {  
		is_subject_of = root  
		AND = {  
			root = { is_subject = yes }  
			is_subject_of = root.overlord  
		}  
	}  
}
**Supported Scopes**: none  
**Supported Targets**: state_region  

## random_state_region_in_ezochi
**Supported Scopes**: none  
**Supported Targets**: state_region  

## random_state_region_in_finland_old
**Supported Scopes**: none  
**Supported Targets**: state_region  

## random_state_region_in_france
target_is_our_or_fellow_subject = {  
	OR = {  
		is_subject_of = root  
		AND = {  
			root = { is_subject = yes }  
			is_subject_of = root.overlord  
		}  
	}  
}
**Supported Scopes**: none  
**Supported Targets**: state_region  

## random_state_region_in_france_old
target_is_our_or_fellow_subject = {  
	OR = {  
		is_subject_of = root  
		AND = {  
			root = { is_subject = yes }  
			is_subject_of = root.overlord  
		}  
	}  
}
**Supported Scopes**: none  
**Supported Targets**: state_region  

## random_state_region_in_french_natural_borders
country_has_pending_meiji_restoration = {  
    OR = {  
        has_inactive_journal_entry = je_meiji_restoration  
        has_journal_entry = je_meiji_restoration  
    }  
}
**Supported Scopes**: none  
**Supported Targets**: state_region  

## random_state_region_in_german_confederation
0ÔÖÙö
**Supported Scopes**: none  
**Supported Targets**: state_region  

## random_state_region_in_gran_colombia
**Supported Scopes**: none  
**Supported Targets**: state_region  

## random_state_region_in_great_game_region
target_is_our_or_fellow_subject = {  
	OR = {  
		is_subject_of = root  
		AND = {  
			root = { is_subject = yes }  
			is_subject_of = root.overlord  
		}  
	}  
}
**Supported Scopes**: none  
**Supported Targets**: state_region  

## random_state_region_in_great_plains
ai_is_regional_objective_state = {  
	any_scope_regional_objective = {  
		type = $TYPE$  
		is_completed = no  
		region = { $STATE$.region = this }  
	}  
}
**Supported Scopes**: none  
**Supported Targets**: state_region  

## random_state_region_in_great_plains_old
ai_is_regional_objective_state = {  
	any_scope_regional_objective = {  
		type = $TYPE$  
		is_completed = no  
		region = { $STATE$.region = this }  
	}  
}
**Supported Scopes**: none  
**Supported Targets**: state_region  

## random_state_region_in_great_rift_valley
ai_is_regional_objective_state = {  
	any_scope_regional_objective = {  
		type = $TYPE$  
		is_completed = no  
		region = { $STATE$.region = this }  
	}  
}
**Supported Scopes**: none  
**Supported Targets**: state_region  

## random_state_region_in_greater_afghanistan
target_is_our_or_fellow_subject = {  
	OR = {  
		is_subject_of = root  
		AND = {  
			root = { is_subject = yes }  
			is_subject_of = root.overlord  
		}  
	}  
}
**Supported Scopes**: none  
**Supported Targets**: state_region  

## random_state_region_in_greater_bulgaria
ai_can_incorporate_state = {  
	OR = {  
		is_homeland_of_country_cultures = root  
		"years_to_incorporate(root)" <= define:NAI|INCORPORATE_STATE_MAX_YEARS  
	}  
}
**Supported Scopes**: none  
**Supported Targets**: state_region  

## random_state_region_in_greater_canada
target_is_our_or_fellow_subject = {  
	OR = {  
		is_subject_of = root  
		AND = {  
			root = { is_subject = yes }  
			is_subject_of = root.overlord  
		}  
	}  
}
**Supported Scopes**: none  
**Supported Targets**: state_region  

## random_state_region_in_greater_croatia
ai_can_incorporate_state = {  
	OR = {  
		is_homeland_of_country_cultures = root  
		"years_to_incorporate(root)" <= define:NAI|INCORPORATE_STATE_MAX_YEARS  
	}  
}
**Supported Scopes**: none  
**Supported Targets**: state_region  

## random_state_region_in_greater_germany
target_is_our_or_fellow_subject = {  
	OR = {  
		is_subject_of = root  
		AND = {  
			root = { is_subject = yes }  
			is_subject_of = root.overlord  
		}  
	}  
}
**Supported Scopes**: none  
**Supported Targets**: state_region  

## random_state_region_in_greater_khorasan
ai_can_incorporate_state = {  
	OR = {  
		is_homeland_of_country_cultures = root  
		"years_to_incorporate(root)" <= define:NAI|INCORPORATE_STATE_MAX_YEARS  
	}  
}
**Supported Scopes**: none  
**Supported Targets**: state_region  

## random_state_region_in_greater_persia
ai_is_regional_objective_state = {  
	any_scope_regional_objective = {  
		type = $TYPE$  
		is_completed = no  
		region = { $STATE$.region = this }  
	}  
}
**Supported Scopes**: none  
**Supported Targets**: state_region  

## random_state_region_in_greater_romania
target_is_our_or_fellow_subject = {  
	OR = {  
		is_subject_of = root  
		AND = {  
			root = { is_subject = yes }  
			is_subject_of = root.overlord  
		}  
	}  
}
**Supported Scopes**: none  
**Supported Targets**: state_region  

## random_state_region_in_gujarat_bombay_line
target_is_our_or_fellow_subject = {  
	OR = {  
		is_subject_of = root  
		AND = {  
			root = { is_subject = yes }  
			is_subject_of = root.overlord  
		}  
	}  
}
**Supported Scopes**: none  
**Supported Targets**: state_region  

## random_state_region_in_han_homelands
target_is_our_or_fellow_subject = {  
	OR = {  
		is_subject_of = root  
		AND = {  
			root = { is_subject = yes }  
			is_subject_of = root.overlord  
		}  
	}  
}
**Supported Scopes**: none  
**Supported Targets**: state_region  

## random_state_region_in_himalayas
ai_can_incorporate_state = {  
	OR = {  
		is_homeland_of_country_cultures = root  
		"years_to_incorporate(root)" <= define:NAI|INCORPORATE_STATE_MAX_YEARS  
	}  
}
**Supported Scopes**: none  
**Supported Targets**: state_region  

## random_state_region_in_himalayas_old
target_is_our_or_fellow_subject = {  
	OR = {  
		is_subject_of = root  
		AND = {  
			root = { is_subject = yes }  
			is_subject_of = root.overlord  
		}  
	}  
}
**Supported Scopes**: none  
**Supported Targets**: state_region  

## random_state_region_in_historic_byzantium
ai_is_regional_objective_state = {  
	any_scope_regional_objective = {  
		type = $TYPE$  
		is_completed = no  
		region = { $STATE$.region = this }  
	}  
}
**Supported Scopes**: none  
**Supported Targets**: state_region  

## random_state_region_in_home_islands
ai_is_regional_objective_state = {  
	any_scope_regional_objective = {  
		type = $TYPE$  
		is_completed = no  
		region = { $STATE$.region = this }  
	}  
}
**Supported Scopes**: none  
**Supported Targets**: state_region  

## random_state_region_in_honshu
ai_can_incorporate_state = {  
	OR = {  
		is_homeland_of_country_cultures = root  
		"years_to_incorporate(root)" <= define:NAI|INCORPORATE_STATE_MAX_YEARS  
	}  
}
**Supported Scopes**: none  
**Supported Targets**: state_region  

## random_state_region_in_hungary
ai_can_incorporate_state = {  
	OR = {  
		is_homeland_of_country_cultures = root  
		"years_to_incorporate(root)" <= define:NAI|INCORPORATE_STATE_MAX_YEARS  
	}  
}
**Supported Scopes**: none  
**Supported Targets**: state_region  

## random_state_region_in_iberia_old
ai_can_incorporate_state = {  
	OR = {  
		is_homeland_of_country_cultures = root  
		"years_to_incorporate(root)" <= define:NAI|INCORPORATE_STATE_MAX_YEARS  
	}  
}
**Supported Scopes**: none  
**Supported Targets**: state_region  

## random_state_region_in_iceland
**Supported Scopes**: none  
**Supported Targets**: state_region  

## random_state_region_in_india
target_is_our_or_fellow_subject = {  
	OR = {  
		is_subject_of = root  
		AND = {  
			root = { is_subject = yes }  
			is_subject_of = root.overlord  
		}  
	}  
}
**Supported Scopes**: none  
**Supported Targets**: state_region  

## random_state_region_in_indian_frontier
target_is_our_or_fellow_subject = {  
	OR = {  
		is_subject_of = root  
		AND = {  
			root = { is_subject = yes }  
			is_subject_of = root.overlord  
		}  
	}  
}
**Supported Scopes**: none  
**Supported Targets**: state_region  

## random_state_region_in_indochina
target_is_our_or_fellow_subject = {  
	OR = {  
		is_subject_of = root  
		AND = {  
			root = { is_subject = yes }  
			is_subject_of = root.overlord  
		}  
	}  
}
**Supported Scopes**: none  
**Supported Targets**: state_region  

## random_state_region_in_indonesia
ai_can_incorporate_state = {  
	OR = {  
		is_homeland_of_country_cultures = root  
		"years_to_incorporate(root)" <= define:NAI|INCORPORATE_STATE_MAX_YEARS  
	}  
}
**Supported Scopes**: none  
**Supported Targets**: state_region  

## random_state_region_in_italy_old
target_is_our_or_fellow_subject = {  
	OR = {  
		is_subject_of = root  
		AND = {  
			root = { is_subject = yes }  
			is_subject_of = root.overlord  
		}  
	}  
}
**Supported Scopes**: none  
**Supported Targets**: state_region  

## random_state_region_in_japan
ai_is_regional_objective_state = {  
	any_scope_regional_objective = {  
		type = $TYPE$  
		is_completed = no  
		region = { $STATE$.region = this }  
	}  
}
**Supported Scopes**: none  
**Supported Targets**: state_region  

## random_state_region_in_japan_old
ai_can_incorporate_state = {  
	OR = {  
		is_homeland_of_country_cultures = root  
		"years_to_incorporate(root)" <= define:NAI|INCORPORATE_STATE_MAX_YEARS  
	}  
}
**Supported Scopes**: none  
**Supported Targets**: state_region  

## random_state_region_in_korea
ai_is_regional_objective_state = {  
	any_scope_regional_objective = {  
		type = $TYPE$  
		is_completed = no  
		region = { $STATE$.region = this }  
	}  
}
**Supported Scopes**: none  
**Supported Targets**: state_region  

## random_state_region_in_krakatoa_tsunami_zone
free_from_exile_effect = {  
	remove_modifier = in_exile_modifier  
	character_traditionalist_switch_effect = yes  
	character_carlist_or_legitimist_switch_effect = yes  
}
**Supported Scopes**: none  
**Supported Targets**: state_region  

## random_state_region_in_la_plata
ai_can_incorporate_state = {  
	OR = {  
		is_homeland_of_country_cultures = root  
		"years_to_incorporate(root)" <= define:NAI|INCORPORATE_STATE_MAX_YEARS  
	}  
}
**Supported Scopes**: none  
**Supported Targets**: state_region  

## random_state_region_in_latin_america
target_is_our_or_fellow_subject = {  
	OR = {  
		is_subject_of = root  
		AND = {  
			root = { is_subject = yes }  
			is_subject_of = root.overlord  
		}  
	}  
}
**Supported Scopes**: none  
**Supported Targets**: state_region  

## random_state_region_in_lesser_germany
target_is_our_or_fellow_subject = {  
	OR = {  
		is_subject_of = root  
		AND = {  
			root = { is_subject = yes }  
			is_subject_of = root.overlord  
		}  
	}  
}
**Supported Scopes**: none  
**Supported Targets**: state_region  

## random_state_region_in_madras_old
target_is_our_or_fellow_subject = {  
	OR = {  
		is_subject_of = root  
		AND = {  
			root = { is_subject = yes }  
			is_subject_of = root.overlord  
		}  
	}  
}
**Supported Scopes**: none  
**Supported Targets**: state_region  

## random_state_region_in_manchuria_old
ai_can_incorporate_state = {  
	OR = {  
		is_homeland_of_country_cultures = root  
		"years_to_incorporate(root)" <= define:NAI|INCORPORATE_STATE_MAX_YEARS  
	}  
}
**Supported Scopes**: none  
**Supported Targets**: state_region  

## random_state_region_in_megali_greece
**Supported Scopes**: none  
**Supported Targets**: state_region  

## random_state_region_in_mexico_old
target_is_our_or_fellow_subject = {  
	OR = {  
		is_subject_of = root  
		AND = {  
			root = { is_subject = yes }  
			is_subject_of = root.overlord  
		}  
	}  
}
**Supported Scopes**: none  
**Supported Targets**: state_region  

## random_state_region_in_middle_east
**Supported Scopes**: none  
**Supported Targets**: state_region  

## random_state_region_in_mozambique
**Supported Scopes**: none  
**Supported Targets**: state_region  

## random_state_region_in_near_east
ai_can_incorporate_state = {  
	OR = {  
		is_homeland_of_country_cultures = root  
		"years_to_incorporate(root)" <= define:NAI|INCORPORATE_STATE_MAX_YEARS  
	}  
}
**Supported Scopes**: none  
**Supported Targets**: state_region  

## random_state_region_in_new_england_old
ai_is_regional_objective_state = {  
	any_scope_regional_objective = {  
		type = $TYPE$  
		is_completed = no  
		region = { $STATE$.region = this }  
	}  
}
**Supported Scopes**: none  
**Supported Targets**: state_region  

## random_state_region_in_new_world
**Supported Scopes**: none  
**Supported Targets**: state_region  

## random_state_region_in_new_zealand
**Supported Scopes**: none  
**Supported Targets**: state_region  

## random_state_region_in_niger_old
target_is_our_or_fellow_subject = {  
	OR = {  
		is_subject_of = root  
		AND = {  
			root = { is_subject = yes }  
			is_subject_of = root.overlord  
		}  
	}  
}
**Supported Scopes**: none  
**Supported Targets**: state_region  

## random_state_region_in_nile_basin
target_is_our_or_fellow_subject = {  
	OR = {  
		is_subject_of = root  
		AND = {  
			root = { is_subject = yes }  
			is_subject_of = root.overlord  
		}  
	}  
}
**Supported Scopes**: none  
**Supported Targets**: state_region  

## random_state_region_in_north_africa
ai_is_regional_objective_state = {  
	any_scope_regional_objective = {  
		type = $TYPE$  
		is_completed = no  
		region = { $STATE$.region = this }  
	}  
}
**Supported Scopes**: none  
**Supported Targets**: state_region  

## random_state_region_in_north_africa_egypt
ai_is_regional_objective_state = {  
	any_scope_regional_objective = {  
		type = $TYPE$  
		is_completed = no  
		region = { $STATE$.region = this }  
	}  
}
**Supported Scopes**: none  
**Supported Targets**: state_region  

## random_state_region_in_north_africa_old
ai_can_incorporate_state = {  
	OR = {  
		is_homeland_of_country_cultures = root  
		"years_to_incorporate(root)" <= define:NAI|INCORPORATE_STATE_MAX_YEARS  
	}  
}
**Supported Scopes**: none  
**Supported Targets**: state_region  

## random_state_region_in_north_america
ai_can_incorporate_state = {  
	OR = {  
		is_homeland_of_country_cultures = root  
		"years_to_incorporate(root)" <= define:NAI|INCORPORATE_STATE_MAX_YEARS  
	}  
}
**Supported Scopes**: none  
**Supported Targets**: state_region  

## random_state_region_in_north_andes
target_is_our_or_fellow_subject = {  
	OR = {  
		is_subject_of = root  
		AND = {  
			root = { is_subject = yes }  
			is_subject_of = root.overlord  
		}  
	}  
}
**Supported Scopes**: none  
**Supported Targets**: state_region  

## random_state_region_in_north_china
ai_can_incorporate_state = {  
	OR = {  
		is_homeland_of_country_cultures = root  
		"years_to_incorporate(root)" <= define:NAI|INCORPORATE_STATE_MAX_YEARS  
	}  
}
**Supported Scopes**: none  
**Supported Targets**: state_region  

## random_state_region_in_north_germany_old
ai_is_regional_objective_state = {  
	any_scope_regional_objective = {  
		type = $TYPE$  
		is_completed = no  
		region = { $STATE$.region = this }  
	}  
}
**Supported Scopes**: none  
**Supported Targets**: state_region  

## random_state_region_in_north_india
ai_is_regional_objective_state = {  
	any_scope_regional_objective = {  
		type = $TYPE$  
		is_completed = no  
		region = { $STATE$.region = this }  
	}  
}
**Supported Scopes**: none  
**Supported Targets**: state_region  

## random_state_region_in_north_sea_old
ai_can_incorporate_state = {  
	OR = {  
		is_homeland_of_country_cultures = root  
		"years_to_incorporate(root)" <= define:NAI|INCORPORATE_STATE_MAX_YEARS  
	}  
}
**Supported Scopes**: none  
**Supported Targets**: state_region  

## random_state_region_in_northeast_asia
**Supported Scopes**: none  
**Supported Targets**: state_region  

## random_state_region_in_northern_europe
**Supported Scopes**: none  
**Supported Targets**: state_region  

## random_state_region_in_northern_mexico
target_is_our_or_fellow_subject = {  
	OR = {  
		is_subject_of = root  
		AND = {  
			root = { is_subject = yes }  
			is_subject_of = root.overlord  
		}  
	}  
}
**Supported Scopes**: none  
**Supported Targets**: state_region  

## random_state_region_in_occitania_old
ai_is_regional_objective_state = {  
	any_scope_regional_objective = {  
		type = $TYPE$  
		is_completed = no  
		region = { $STATE$.region = this }  
	}  
}
**Supported Scopes**: none  
**Supported Targets**: state_region  

## random_state_region_in_oceania
target_is_our_or_fellow_subject = {  
	OR = {  
		is_subject_of = root  
		AND = {  
			root = { is_subject = yes }  
			is_subject_of = root.overlord  
		}  
	}  
}
**Supported Scopes**: none  
**Supported Targets**: state_region  

## random_state_region_in_old_world
ai_is_regional_objective_state = {  
	any_scope_regional_objective = {  
		type = $TYPE$  
		is_completed = no  
		region = { $STATE$.region = this }  
	}  
}
**Supported Scopes**: none  
**Supported Targets**: state_region  

## random_state_region_in_pacific_coast
ai_is_regional_objective_state = {  
	any_scope_regional_objective = {  
		type = $TYPE$  
		is_completed = no  
		region = { $STATE$.region = this }  
	}  
}
**Supported Scopes**: none  
**Supported Targets**: state_region  

## random_state_region_in_pacific_coast_old
ai_is_regional_objective_state = {  
	any_scope_regional_objective = {  
		type = $TYPE$  
		is_completed = no  
		region = { $STATE$.region = this }  
	}  
}
**Supported Scopes**: none  
**Supported Targets**: state_region  

## random_state_region_in_persia_old
**Supported Scopes**: none  
**Supported Targets**: state_region  

## random_state_region_in_peru
target_is_our_or_fellow_subject = {  
	OR = {  
		is_subject_of = root  
		AND = {  
			root = { is_subject = yes }  
			is_subject_of = root.overlord  
		}  
	}  
}
**Supported Scopes**: none  
**Supported Targets**: state_region  

## random_state_region_in_philippines
target_is_our_or_fellow_subject = {  
	OR = {  
		is_subject_of = root  
		AND = {  
			root = { is_subject = yes }  
			is_subject_of = root.overlord  
		}  
	}  
}
**Supported Scopes**: none  
**Supported Targets**: state_region  

## random_state_region_in_poland_old
**Supported Scopes**: none  
**Supported Targets**: state_region  

## random_state_region_in_polar_seas
ai_is_regional_objective_state = {  
	any_scope_regional_objective = {  
		type = $TYPE$  
		is_completed = no  
		region = { $STATE$.region = this }  
	}  
}
**Supported Scopes**: none  
**Supported Targets**: state_region  

## random_state_region_in_punjab_old
ai_is_regional_objective_state = {  
	any_scope_regional_objective = {  
		type = $TYPE$  
		is_completed = no  
		region = { $STATE$.region = this }  
	}  
}
**Supported Scopes**: none  
**Supported Targets**: state_region  

## random_state_region_in_rhine_old
ai_is_regional_objective_state = {  
	any_scope_regional_objective = {  
		type = $TYPE$  
		is_completed = no  
		region = { $STATE$.region = this }  
	}  
}
**Supported Scopes**: none  
**Supported Targets**: state_region  

## random_state_region_in_ring_of_fire
target_is_our_or_fellow_subject = {  
	OR = {  
		is_subject_of = root  
		AND = {  
			root = { is_subject = yes }  
			is_subject_of = root.overlord  
		}  
	}  
}
**Supported Scopes**: none  
**Supported Targets**: state_region  

## random_state_region_in_russia
**Supported Scopes**: none  
**Supported Targets**: state_region  

## random_state_region_in_russia_old
ai_can_incorporate_state = {  
	OR = {  
		is_homeland_of_country_cultures = root  
		"years_to_incorporate(root)" <= define:NAI|INCORPORATE_STATE_MAX_YEARS  
	}  
}
**Supported Scopes**: none  
**Supported Targets**: state_region  

## random_state_region_in_scandinavia
target_is_our_or_fellow_subject = {  
	OR = {  
		is_subject_of = root  
		AND = {  
			root = { is_subject = yes }  
			is_subject_of = root.overlord  
		}  
	}  
}
**Supported Scopes**: none  
**Supported Targets**: state_region  

## random_state_region_in_senegal_old
ai_can_incorporate_state = {  
	OR = {  
		is_homeland_of_country_cultures = root  
		"years_to_incorporate(root)" <= define:NAI|INCORPORATE_STATE_MAX_YEARS  
	}  
}
**Supported Scopes**: none  
**Supported Targets**: state_region  

## random_state_region_in_siberia
ai_is_regional_objective_state = {  
	any_scope_regional_objective = {  
		type = $TYPE$  
		is_completed = no  
		region = { $STATE$.region = this }  
	}  
}
**Supported Scopes**: none  
**Supported Targets**: state_region  

## random_state_region_in_south_africa
target_is_our_or_fellow_subject = {  
	OR = {  
		is_subject_of = root  
		AND = {  
			root = { is_subject = yes }  
			is_subject_of = root.overlord  
		}  
	}  
}
**Supported Scopes**: none  
**Supported Targets**: state_region  

## random_state_region_in_south_america
ai_can_incorporate_state = {  
	OR = {  
		is_homeland_of_country_cultures = root  
		"years_to_incorporate(root)" <= define:NAI|INCORPORATE_STATE_MAX_YEARS  
	}  
}
**Supported Scopes**: none  
**Supported Targets**: state_region  

## random_state_region_in_south_china
**Supported Scopes**: none  
**Supported Targets**: state_region  

## random_state_region_in_south_east_asia
ai_can_incorporate_state = {  
	OR = {  
		is_homeland_of_country_cultures = root  
		"years_to_incorporate(root)" <= define:NAI|INCORPORATE_STATE_MAX_YEARS  
	}  
}
**Supported Scopes**: none  
**Supported Targets**: state_region  

## random_state_region_in_south_germany_old
ai_is_regional_objective_state = {  
	any_scope_regional_objective = {  
		type = $TYPE$  
		is_completed = no  
		region = { $STATE$.region = this }  
	}  
}
**Supported Scopes**: none  
**Supported Targets**: state_region  

## random_state_region_in_south_india
ai_is_regional_objective_state = {  
	any_scope_regional_objective = {  
		type = $TYPE$  
		is_completed = no  
		region = { $STATE$.region = this }  
	}  
}
**Supported Scopes**: none  
**Supported Targets**: state_region  

## random_state_region_in_southern_africa
ai_can_incorporate_state = {  
	OR = {  
		is_homeland_of_country_cultures = root  
		"years_to_incorporate(root)" <= define:NAI|INCORPORATE_STATE_MAX_YEARS  
	}  
}
**Supported Scopes**: none  
**Supported Targets**: state_region  

## random_state_region_in_southern_africa_old
**Supported Scopes**: none  
**Supported Targets**: state_region  

## random_state_region_in_southern_cone
ai_is_regional_objective_state = {  
	any_scope_regional_objective = {  
		type = $TYPE$  
		is_completed = no  
		region = { $STATE$.region = this }  
	}  
}
**Supported Scopes**: none  
**Supported Targets**: state_region  

## random_state_region_in_southern_europe
ai_can_incorporate_state = {  
	OR = {  
		is_homeland_of_country_cultures = root  
		"years_to_incorporate(root)" <= define:NAI|INCORPORATE_STATE_MAX_YEARS  
	}  
}
**Supported Scopes**: none  
**Supported Targets**: state_region  

## random_state_region_in_subsaharan_africa
ai_is_regional_objective_state = {  
	any_scope_regional_objective = {  
		type = $TYPE$  
		is_completed = no  
		region = { $STATE$.region = this }  
	}  
}
**Supported Scopes**: none  
**Supported Targets**: state_region  

## random_state_region_in_the_midwest_old
ai_is_regional_objective_state = {  
	any_scope_regional_objective = {  
		type = $TYPE$  
		is_completed = no  
		region = { $STATE$.region = this }  
	}  
}
**Supported Scopes**: none  
**Supported Targets**: state_region  

## random_state_region_in_transoxiana
**Supported Scopes**: none  
**Supported Targets**: state_region  

## random_state_region_in_tropical_seas
ai_can_incorporate_state = {  
	OR = {  
		is_homeland_of_country_cultures = root  
		"years_to_incorporate(root)" <= define:NAI|INCORPORATE_STATE_MAX_YEARS  
	}  
}
**Supported Scopes**: none  
**Supported Targets**: state_region  

## random_state_region_in_turkestan
target_is_our_or_fellow_subject = {  
	OR = {  
		is_subject_of = root  
		AND = {  
			root = { is_subject = yes }  
			is_subject_of = root.overlord  
		}  
	}  
}
**Supported Scopes**: none  
**Supported Targets**: state_region  

## random_state_region_in_urals_old
ai_can_incorporate_state = {  
	OR = {  
		is_homeland_of_country_cultures = root  
		"years_to_incorporate(root)" <= define:NAI|INCORPORATE_STATE_MAX_YEARS  
	}  
}
**Supported Scopes**: none  
**Supported Targets**: state_region  

## random_state_region_in_west_africa
ai_is_regional_objective_state = {  
	any_scope_regional_objective = {  
		type = $TYPE$  
		is_completed = no  
		region = { $STATE$.region = this }  
	}  
}
**Supported Scopes**: none  
**Supported Targets**: state_region  

## random_state_region_in_west_siberia_old
ai_can_incorporate_state = {  
	OR = {  
		is_homeland_of_country_cultures = root  
		"years_to_incorporate(root)" <= define:NAI|INCORPORATE_STATE_MAX_YEARS  
	}  
}
**Supported Scopes**: none  
**Supported Targets**: state_region  

## random_state_region_in_western_europe
ai_can_incorporate_state = {  
	OR = {  
		is_homeland_of_country_cultures = root  
		"years_to_incorporate(root)" <= define:NAI|INCORPORATE_STATE_MAX_YEARS  
	}  
}
**Supported Scopes**: none  
**Supported Targets**: state_region  

## random_state_region_in_wet_process_region
target_is_our_or_fellow_subject = {  
	OR = {  
		is_subject_of = root  
		AND = {  
			root = { is_subject = yes }  
			is_subject_of = root.overlord  
		}  
	}  
}
**Supported Scopes**: none  
**Supported Targets**: state_region  

## random_state_region_in_yugoslavia
ai_can_incorporate_state = {  
	OR = {  
		is_homeland_of_country_cultures = root  
		"years_to_incorporate(root)" <= define:NAI|INCORPORATE_STATE_MAX_YEARS  
	}  
}
**Supported Scopes**: none  
**Supported Targets**: state_region  

## random_state_region_in_zambezi_basin
target_is_our_or_fellow_subject = {  
	OR = {  
		is_subject_of = root  
		AND = {  
			root = { is_subject = yes }  
			is_subject_of = root.overlord  
		}  
	}  
}
**Supported Scopes**: none  
**Supported Targets**: state_region  

## random_state_region_in_zanj_old
target_is_our_or_fellow_subject = {  
	OR = {  
		is_subject_of = root  
		AND = {  
			root = { is_subject = yes }  
			is_subject_of = root.overlord  
		}  
	}  
}
**Supported Scopes**: none  
**Supported Targets**: state_region  

## random_strategic_objective
Iterate through all Strategic Objective states from the scoped Country  
random_strategic_objective = { limit = { <triggers> } (optional) weight = { mtth } <effects> }
**Supported Scopes**: country  
**Supported Targets**: state  

## random_strategic_region
Iterate through all strategic regions globally  
random_strategic_region = { limit = { <triggers> } (optional) weight = { mtth } <effects> }
**Supported Scopes**: none  
**Supported Targets**: strategic_region  

## random_strategic_region_in_afghanistan
ai_is_regional_objective_state = {  
	any_scope_regional_objective = {  
		type = $TYPE$  
		is_completed = no  
		region = { $STATE$.region = this }  
	}  
}
**Supported Scopes**: none  
**Supported Targets**: strategic_region  

## random_strategic_region_in_africa
ai_can_incorporate_state = {  
	OR = {  
		is_homeland_of_country_cultures = root  
		"years_to_incorporate(root)" <= define:NAI|INCORPORATE_STATE_MAX_YEARS  
	}  
}
**Supported Scopes**: none  
**Supported Targets**: strategic_region  

## random_strategic_region_in_allahabad_bombay_line
effect_native_conscription_12 = {  
	if = {  
		limit = { is_country_type = decentralized }  
		add_modifier = {  
			name = native_conscription_12  
			months = -1  
		}  
	}  
}
**Supported Scopes**: none  
**Supported Targets**: strategic_region  

## random_strategic_region_in_alpide_belt
ai_can_incorporate_state = {  
	OR = {  
		is_homeland_of_country_cultures = root  
		"years_to_incorporate(root)" <= define:NAI|INCORPORATE_STATE_MAX_YEARS  
	}  
}
**Supported Scopes**: none  
**Supported Targets**: strategic_region  

## random_strategic_region_in_amazon
**Supported Scopes**: none  
**Supported Targets**: strategic_region  

## random_strategic_region_in_americas
**Supported Scopes**: none  
**Supported Targets**: strategic_region  

## random_strategic_region_in_anatolia_old
  
if = {   
limit = {   
state_region = {   
s:STATE_DISTRICT_OF_COLUMBIA ?= this   
}   
}   
STATE_DISTRICT_OF_COLUMBIA_state_name_assign = yes   
} 
**Supported Scopes**: none  
**Supported Targets**: strategic_region  

## random_strategic_region_in_andean_federation
japan_choshu_castle_name = {  
	type = country  
	text = {  
		trigger = {  
			game_date > 1864.1.1  
		}  
		localization_key = castle_yamaguchi  
	}  
	text = {  
		localization_key = castle_hagi  
	}  
}
**Supported Scopes**: none  
**Supported Targets**: strategic_region  

## random_strategic_region_in_andes
ai_is_regional_objective_state = {  
	any_scope_regional_objective = {  
		type = $TYPE$  
		is_completed = no  
		region = { $STATE$.region = this }  
	}  
}
**Supported Scopes**: none  
**Supported Targets**: strategic_region  

## random_strategic_region_in_angola
ai_is_regional_objective_state = {  
	any_scope_regional_objective = {  
		type = $TYPE$  
		is_completed = no  
		region = { $STATE$.region = this }  
	}  
}
**Supported Scopes**: none  
**Supported Targets**: strategic_region  

## random_strategic_region_in_arabia
ai_can_incorporate_state = {  
	OR = {  
		is_homeland_of_country_cultures = root  
		"years_to_incorporate(root)" <= define:NAI|INCORPORATE_STATE_MAX_YEARS  
	}  
}
**Supported Scopes**: none  
**Supported Targets**: strategic_region  

## random_strategic_region_in_arabic_old
**Supported Scopes**: none  
**Supported Targets**: strategic_region  

## random_strategic_region_in_aragon
**Supported Scopes**: none  
**Supported Targets**: strategic_region  

## random_strategic_region_in_arctic_russia_old
°ÖÙö
**Supported Scopes**: none  
**Supported Targets**: strategic_region  

## random_strategic_region_in_asia
ai_is_regional_objective_state = {  
	any_scope_regional_objective = {  
		type = $TYPE$  
		is_completed = no  
		region = { $STATE$.region = this }  
	}  
}
**Supported Scopes**: none  
**Supported Targets**: strategic_region  

## random_strategic_region_in_atlantic_coast
°ÖÙö
**Supported Scopes**: none  
**Supported Targets**: strategic_region  

## random_strategic_region_in_australasia
target_is_our_or_fellow_subject = {  
	OR = {  
		is_subject_of = root  
		AND = {  
			root = { is_subject = yes }  
			is_subject_of = root.overlord  
		}  
	}  
}
**Supported Scopes**: none  
**Supported Targets**: strategic_region  

## random_strategic_region_in_australia
target_is_our_or_fellow_subject = {  
	OR = {  
		is_subject_of = root  
		AND = {  
			root = { is_subject = yes }  
			is_subject_of = root.overlord  
		}  
	}  
}
**Supported Scopes**: none  
**Supported Targets**: strategic_region  

## random_strategic_region_in_balkans
target_is_our_or_fellow_subject = {  
	OR = {  
		is_subject_of = root  
		AND = {  
			root = { is_subject = yes }  
			is_subject_of = root.overlord  
		}  
	}  
}
**Supported Scopes**: none  
**Supported Targets**: strategic_region  

## random_strategic_region_in_balkans_old
target_is_our_or_fellow_subject = {  
	OR = {  
		is_subject_of = root  
		AND = {  
			root = { is_subject = yes }  
			is_subject_of = root.overlord  
		}  
	}  
}
**Supported Scopes**: none  
**Supported Targets**: strategic_region  

## random_strategic_region_in_baltic_old
ai_is_regional_objective_state = {  
	any_scope_regional_objective = {  
		type = $TYPE$  
		is_completed = no  
		region = { $STATE$.region = this }  
	}  
}
**Supported Scopes**: none  
**Supported Targets**: strategic_region  

## random_strategic_region_in_baltic_states_old
°ÖÙö
**Supported Scopes**: none  
**Supported Targets**: strategic_region  

## random_strategic_region_in_belarus_old
**Supported Scopes**: none  
**Supported Targets**: strategic_region  

## random_strategic_region_in_bengal_old
**Supported Scopes**: none  
**Supported Targets**: strategic_region  

## random_strategic_region_in_bolivia
target_is_our_or_fellow_subject = {  
	OR = {  
		is_subject_of = root  
		AND = {  
			root = { is_subject = yes }  
			is_subject_of = root.overlord  
		}  
	}  
}
**Supported Scopes**: none  
**Supported Targets**: strategic_region  

## random_strategic_region_in_bombay_madras_line
effect_reset_wealth_if_slave = {  
	if = {  
		limit = {  
			is_pop_type = slaves  
		}  
		set_pop_wealth = {  
			wealth_distribution = {  
				value = 1  
			}  
			update_loyalties = no  
		}  
	}  
}
**Supported Scopes**: none  
**Supported Targets**: strategic_region  

## random_strategic_region_in_bombay_old
ai_is_regional_objective_state = {  
	any_scope_regional_objective = {  
		type = $TYPE$  
		is_completed = no  
		region = { $STATE$.region = this }  
	}  
}
**Supported Scopes**: none  
**Supported Targets**: strategic_region  

## random_strategic_region_in_brazil
**Supported Scopes**: none  
**Supported Targets**: strategic_region  

## random_strategic_region_in_burma
target_is_our_or_fellow_subject = {  
	OR = {  
		is_subject_of = root  
		AND = {  
			root = { is_subject = yes }  
			is_subject_of = root.overlord  
		}  
	}  
}
**Supported Scopes**: none  
**Supported Targets**: strategic_region  

## random_strategic_region_in_canada
target_is_our_or_fellow_subject = {  
	OR = {  
		is_subject_of = root  
		AND = {  
			root = { is_subject = yes }  
			is_subject_of = root.overlord  
		}  
	}  
}
**Supported Scopes**: none  
**Supported Targets**: strategic_region  

## random_strategic_region_in_canada_old
ai_can_incorporate_state = {  
	OR = {  
		is_homeland_of_country_cultures = root  
		"years_to_incorporate(root)" <= define:NAI|INCORPORATE_STATE_MAX_YEARS  
	}  
}
**Supported Scopes**: none  
**Supported Targets**: strategic_region  

## random_strategic_region_in_caribbean_old
generate_1_noble_name = {  
	create_character = {  
		noble = yes  
		culture = $CULTURE_1$  
		on_created = {  
			place_character_in_void = 3  
		}  
		save_scope_as = name_a_scope  
	}  
}
**Supported Scopes**: none  
**Supported Targets**: strategic_region  

## random_strategic_region_in_castile
ai_is_regional_objective_state = {  
	any_scope_regional_objective = {  
		type = $TYPE$  
		is_completed = no  
		region = { $STATE$.region = this }  
	}  
}
**Supported Scopes**: none  
**Supported Targets**: strategic_region  

## random_strategic_region_in_caucasus_old
°ÖÙö
**Supported Scopes**: none  
**Supported Targets**: strategic_region  

## random_strategic_region_in_central_america
°ÖÙö
**Supported Scopes**: none  
**Supported Targets**: strategic_region  

## random_strategic_region_in_central_america_old
generate_1_common_female_name = {  
	create_character = {  
		female = yes  
		culture = $CULTURE_1$  
		on_created = {  
			place_character_in_void = 3  
		}  
		save_scope_as = name_a_scope  
	}  
}
**Supported Scopes**: none  
**Supported Targets**: strategic_region  

## random_strategic_region_in_central_asia
°ÖÙö
**Supported Scopes**: none  
**Supported Targets**: strategic_region  

## random_strategic_region_in_central_asia_old
°ÖÙö
**Supported Scopes**: none  
**Supported Targets**: strategic_region  

## random_strategic_region_in_central_europe
°ÖÙö
**Supported Scopes**: none  
**Supported Targets**: strategic_region  

## random_strategic_region_in_central_india_old
°ÖÙö
**Supported Scopes**: none  
**Supported Targets**: strategic_region  

## random_strategic_region_in_china
target_is_our_or_fellow_subject = {  
	OR = {  
		is_subject_of = root  
		AND = {  
			root = { is_subject = yes }  
			is_subject_of = root.overlord  
		}  
	}  
}
**Supported Scopes**: none  
**Supported Targets**: strategic_region  

## random_strategic_region_in_chorasmia
target_is_our_or_fellow_subject = {  
	OR = {  
		is_subject_of = root  
		AND = {  
			root = { is_subject = yes }  
			is_subject_of = root.overlord  
		}  
	}  
}
**Supported Scopes**: none  
**Supported Targets**: strategic_region  

## random_strategic_region_in_colonial_la_plata
°ÖÙö
**Supported Scopes**: none  
**Supported Targets**: strategic_region  

## random_strategic_region_in_colonial_new_grenada
upper_clothes_pop_trigger = {  
     exists = scope:pop  
     scope:pop = {  
     	OR = {  
			is_pop_type = aristocrats  
			is_pop_type = capitalists  
			is_pop_type = academics  
     	}  
     }  
}
**Supported Scopes**: none  
**Supported Targets**: strategic_region  

## random_strategic_region_in_colonial_new_spain
coa_def_iberian_trigger = {  
    any_primary_culture = {  
        has_discrimination_trait = heritage_iberian  
        has_discrimination_trait_group = heritage_group_european  
    }  
}
**Supported Scopes**: none  
**Supported Targets**: strategic_region  

## random_strategic_region_in_colonial_peru
°ÖÙö
**Supported Scopes**: none  
**Supported Targets**: strategic_region  

## random_strategic_region_in_congo_old
target_is_our_or_fellow_subject = {  
	OR = {  
		is_subject_of = root  
		AND = {  
			root = { is_subject = yes }  
			is_subject_of = root.overlord  
		}  
	}  
}
**Supported Scopes**: none  
**Supported Targets**: strategic_region  

## random_strategic_region_in_danubia_old
**Supported Scopes**: none  
**Supported Targets**: strategic_region  

## random_strategic_region_in_delhi_calcutta_line
effect_native_conscription_8 = {  
	if = {  
		limit = { is_country_type = decentralized }  
		add_modifier = {  
			name = native_conscription_8  
			months = -1  
		}  
	}  
}
**Supported Scopes**: none  
**Supported Targets**: strategic_region  

## random_strategic_region_in_dixie_old
ai_can_incorporate_state = {  
	OR = {  
		is_homeland_of_country_cultures = root  
		"years_to_incorporate(root)" <= define:NAI|INCORPORATE_STATE_MAX_YEARS  
	}  
}
**Supported Scopes**: none  
**Supported Targets**: strategic_region  

## random_strategic_region_in_dnieper_old
ai_is_regional_objective_state = {  
	any_scope_regional_objective = {  
		type = $TYPE$  
		is_completed = no  
		region = { $STATE$.region = this }  
	}  
}
**Supported Scopes**: none  
**Supported Targets**: strategic_region  

## random_strategic_region_in_east_africa
target_is_our_or_fellow_subject = {  
	OR = {  
		is_subject_of = root  
		AND = {  
			root = { is_subject = yes }  
			is_subject_of = root.overlord  
		}  
	}  
}
**Supported Scopes**: none  
**Supported Targets**: strategic_region  

## random_strategic_region_in_east_asia
target_is_our_or_fellow_subject = {  
	OR = {  
		is_subject_of = root  
		AND = {  
			root = { is_subject = yes }  
			is_subject_of = root.overlord  
		}  
	}  
}
**Supported Scopes**: none  
**Supported Targets**: strategic_region  

## random_strategic_region_in_east_sibera_old
°ÖÙö
**Supported Scopes**: none  
**Supported Targets**: strategic_region  

## random_strategic_region_in_eastern_europe
°ÖÙö
**Supported Scopes**: none  
**Supported Targets**: strategic_region  

## random_strategic_region_in_england_old
ai_can_incorporate_state = {  
	OR = {  
		is_homeland_of_country_cultures = root  
		"years_to_incorporate(root)" <= define:NAI|INCORPORATE_STATE_MAX_YEARS  
	}  
}
**Supported Scopes**: none  
**Supported Targets**: strategic_region  

## random_strategic_region_in_equatorial_africa
°ÖÙö
**Supported Scopes**: none  
**Supported Targets**: strategic_region  

## random_strategic_region_in_ethiopia_old
°ÖÙö
**Supported Scopes**: none  
**Supported Targets**: strategic_region  

## random_strategic_region_in_europe
ai_is_regional_objective_state = {  
	any_scope_regional_objective = {  
		type = $TYPE$  
		is_completed = no  
		region = { $STATE$.region = this }  
	}  
}
**Supported Scopes**: none  
**Supported Targets**: strategic_region  

## random_strategic_region_in_ezochi
ai_can_incorporate_state = {  
	OR = {  
		is_homeland_of_country_cultures = root  
		"years_to_incorporate(root)" <= define:NAI|INCORPORATE_STATE_MAX_YEARS  
	}  
}
**Supported Scopes**: none  
**Supported Targets**: strategic_region  

## random_strategic_region_in_finland_old
ai_can_incorporate_state = {  
	OR = {  
		is_homeland_of_country_cultures = root  
		"years_to_incorporate(root)" <= define:NAI|INCORPORATE_STATE_MAX_YEARS  
	}  
}
**Supported Scopes**: none  
**Supported Targets**: strategic_region  

## random_strategic_region_in_france
**Supported Scopes**: none  
**Supported Targets**: strategic_region  

## random_strategic_region_in_france_old
ai_is_regional_objective_state = {  
	any_scope_regional_objective = {  
		type = $TYPE$  
		is_completed = no  
		region = { $STATE$.region = this }  
	}  
}
**Supported Scopes**: none  
**Supported Targets**: strategic_region  

## random_strategic_region_in_french_natural_borders
country_has_tokugawa_in_power = {  
    OR = {  
		country_is_taikunate = yes  
        has_law = law_type:law_bakufu  
    }  
    NOT = {  
        country_is_abolishing_bakufu = yes  
    }  
}
**Supported Scopes**: none  
**Supported Targets**: strategic_region  

## random_strategic_region_in_german_confederation
°ÖÙö
**Supported Scopes**: none  
**Supported Targets**: strategic_region  

## random_strategic_region_in_gran_colombia
  
hidden_effect = {   
remove_modifier = balkan_wars_military_tech_boost_mod   
remove_modifier = balkan_wars_military_industry_overworked_mod   
} 
**Supported Scopes**: none  
**Supported Targets**: strategic_region  

## random_strategic_region_in_great_game_region
serbian_clothes_pop_trigger = {  
	exists = scope:pop  
	scope:pop = {  
		exists = home_country  
		home_country = {  
			OR = {  
				c:SER ?= this  
				was_formed_from = SER  
			}  
		}  
	}  
}
**Supported Scopes**: none  
**Supported Targets**: strategic_region  

## random_strategic_region_in_great_plains
  
set_up_new_spain_pre_napoleonic = yes   
set_up_new_grenada_pre_napoleonic = yes   
set_up_peru_pre_napoleonic = yes   
set_up_la_plata_pre_napoleonic = yes 
**Supported Scopes**: none  
**Supported Targets**: strategic_region  

## random_strategic_region_in_great_plains_old
free_from_exile_effect = {  
	remove_modifier = in_exile_modifier  
	character_traditionalist_switch_effect = yes  
	character_carlist_or_legitimist_switch_effect = yes  
}
**Supported Scopes**: none  
**Supported Targets**: strategic_region  

## random_strategic_region_in_great_rift_valley
°ÖÙö
**Supported Scopes**: none  
**Supported Targets**: strategic_region  

## random_strategic_region_in_greater_afghanistan
effect_native_conscription_5 = {  
	if = {  
		limit = { is_country_type = decentralized }  
		add_modifier = {  
			name = native_conscription_5  
			months = -1  
		}  
	}  
}
**Supported Scopes**: none  
**Supported Targets**: strategic_region  

## random_strategic_region_in_greater_bulgaria
coa_def_kalmar_flag_trigger = {  
	exists = scope:actor  
	scope:actor ?= {  
		OR = {  
			has_law = law_type:law_monarchy  
			has_law = law_type:law_social_monarchy  
		}  
		was_formed_from = DEN  
	}  
}
**Supported Scopes**: none  
**Supported Targets**: strategic_region  

## random_strategic_region_in_greater_canada
politician_clothes_trigger = {  
	exists = scope:character  
	scope:character = {  
		AND = {  
			has_role_of_type = politician  
			is_ruler_of_own_country = no  
		}  
	}  
}
**Supported Scopes**: none  
**Supported Targets**: strategic_region  

## random_strategic_region_in_greater_croatia
°ÖÙö
**Supported Scopes**: none  
**Supported Targets**: strategic_region  

## random_strategic_region_in_greater_germany
gfx_military_deploy_culture_is_south_asian = {  
  
	scope:military_formation = {  
		any_combat_unit = {  
			culture = { has_culture_graphics = south_asian }  
		}  
	}  
  
}
**Supported Scopes**: none  
**Supported Targets**: strategic_region  

## random_strategic_region_in_greater_khorasan
change_to_hereditary = {  
	if = {  
		limit = {  
			government_transfer_of_power = parliamentary_elective  
		}  
		create_character = {  
			noble =  yes  
			save_scope_as = ruler_to_be  
		}  
	}  
}
**Supported Scopes**: none  
**Supported Targets**: strategic_region  

## random_strategic_region_in_greater_persia
°ÖÙö
**Supported Scopes**: none  
**Supported Targets**: strategic_region  

## random_strategic_region_in_greater_romania
°ÖÙö
**Supported Scopes**: none  
**Supported Targets**: strategic_region  

## random_strategic_region_in_gujarat_bombay_line
È§ØÙö
**Supported Scopes**: none  
**Supported Targets**: strategic_region  

## random_strategic_region_in_han_homelands
portuguese_clothes_pop_trigger = {  
	exists = scope:pop  
	scope:pop = {  
		exists = home_country  
		home_country = {  
			is_subject = no  
			country_has_primary_culture = cu:portuguese  
		}  
	}  
}
**Supported Scopes**: none  
**Supported Targets**: strategic_region  

## random_strategic_region_in_himalayas
target_is_our_or_fellow_subject = {  
	OR = {  
		is_subject_of = root  
		AND = {  
			root = { is_subject = yes }  
			is_subject_of = root.overlord  
		}  
	}  
}
**Supported Scopes**: none  
**Supported Targets**: strategic_region  

## random_strategic_region_in_himalayas_old
°ÖÙö
**Supported Scopes**: none  
**Supported Targets**: strategic_region  

## random_strategic_region_in_historic_byzantium
gfx_military_unit_is_skirmish = {  
  
	scope:military_formation = {  
		any_combat_unit = {  
			has_unit_type = unit_type:combat_unit_type_skirmish_infantry  
		}  
	}  
  
}
**Supported Scopes**: none  
**Supported Targets**: strategic_region  

## random_strategic_region_in_home_islands
post_change_to_hereditary = {  
	if = {  
		limit = {  
			government_transfer_of_power = parliamentary_elective  
		}  
		scope:ruler_to_be = {  
			set_character_as_ruler = yes  
		}  
	}  
}
**Supported Scopes**: none  
**Supported Targets**: strategic_region  

## random_strategic_region_in_honshu
target_is_our_or_fellow_subject = {  
	OR = {  
		is_subject_of = root  
		AND = {  
			root = { is_subject = yes }  
			is_subject_of = root.overlord  
		}  
	}  
}
**Supported Scopes**: none  
**Supported Targets**: strategic_region  

## random_strategic_region_in_hungary
target_is_our_or_fellow_subject = {  
	OR = {  
		is_subject_of = root  
		AND = {  
			root = { is_subject = yes }  
			is_subject_of = root.overlord  
		}  
	}  
}
**Supported Scopes**: none  
**Supported Targets**: strategic_region  

## random_strategic_region_in_iberia_old
target_is_our_or_fellow_subject = {  
	OR = {  
		is_subject_of = root  
		AND = {  
			root = { is_subject = yes }  
			is_subject_of = root.overlord  
		}  
	}  
}
**Supported Scopes**: none  
**Supported Targets**: strategic_region  

## random_strategic_region_in_iceland
ai_is_regional_objective_state = {  
	any_scope_regional_objective = {  
		type = $TYPE$  
		is_completed = no  
		region = { $STATE$.region = this }  
	}  
}
**Supported Scopes**: none  
**Supported Targets**: strategic_region  

## random_strategic_region_in_india
ai_is_regional_objective_state = {  
	any_scope_regional_objective = {  
		type = $TYPE$  
		is_completed = no  
		region = { $STATE$.region = this }  
	}  
}
**Supported Scopes**: none  
**Supported Targets**: strategic_region  

## random_strategic_region_in_indian_frontier
effect_native_conscription_2 = {  
	if = {  
		limit = { is_country_type = decentralized }  
		add_modifier = {  
			name = native_conscription_2  
			months = -1  
		}  
	}  
}
**Supported Scopes**: none  
**Supported Targets**: strategic_region  

## random_strategic_region_in_indochina
ai_is_regional_objective_state = {  
	any_scope_regional_objective = {  
		type = $TYPE$  
		is_completed = no  
		region = { $STATE$.region = this }  
	}  
}
**Supported Scopes**: none  
**Supported Targets**: strategic_region  

## random_strategic_region_in_indonesia
target_is_our_or_fellow_subject = {  
	OR = {  
		is_subject_of = root  
		AND = {  
			root = { is_subject = yes }  
			is_subject_of = root.overlord  
		}  
	}  
}
**Supported Scopes**: none  
**Supported Targets**: strategic_region  

## random_strategic_region_in_italy_old
ai_is_regional_objective_state = {  
	any_scope_regional_objective = {  
		type = $TYPE$  
		is_completed = no  
		region = { $STATE$.region = this }  
	}  
}
**Supported Scopes**: none  
**Supported Targets**: strategic_region  

## random_strategic_region_in_japan
**Supported Scopes**: none  
**Supported Targets**: strategic_region  

## random_strategic_region_in_japan_old
target_is_our_or_fellow_subject = {  
	OR = {  
		is_subject_of = root  
		AND = {  
			root = { is_subject = yes }  
			is_subject_of = root.overlord  
		}  
	}  
}
**Supported Scopes**: none  
**Supported Targets**: strategic_region  

## random_strategic_region_in_korea
**Supported Scopes**: none  
**Supported Targets**: strategic_region  

## random_strategic_region_in_krakatoa_tsunami_zone
8¬ØÙö
**Supported Scopes**: none  
**Supported Targets**: strategic_region  

## random_strategic_region_in_la_plata
target_is_our_or_fellow_subject = {  
	OR = {  
		is_subject_of = root  
		AND = {  
			root = { is_subject = yes }  
			is_subject_of = root.overlord  
		}  
	}  
}
**Supported Scopes**: none  
**Supported Targets**: strategic_region  

## random_strategic_region_in_latin_america
regency_clothes_trigger = {  
	exists = scope:character  
	scope:character = {  
		exists = owner  
		is_ruler_of_own_country = yes  
		owner ?= {  
			has_gov_regency = yes  
		}  
	}  
}
**Supported Scopes**: none  
**Supported Targets**: strategic_region  

## random_strategic_region_in_lesser_germany
getMsMr = {  
	type = character  
  
	text = {  
		trigger = {  
			is_female = no  
		}  
		localization_key = mr_loc  
	}  
	text = {  
		trigger = {  
			is_female = yes  
		}  
		localization_key = ms_loc  
	}  
}
**Supported Scopes**: none  
**Supported Targets**: strategic_region  

## random_strategic_region_in_madras_old
ai_can_incorporate_state = {  
	OR = {  
		is_homeland_of_country_cultures = root  
		"years_to_incorporate(root)" <= define:NAI|INCORPORATE_STATE_MAX_YEARS  
	}  
}
**Supported Scopes**: none  
**Supported Targets**: strategic_region  

## random_strategic_region_in_manchuria_old
°ÖÙö
**Supported Scopes**: none  
**Supported Targets**: strategic_region  

## random_strategic_region_in_megali_greece
country_is_islamic = {  
    OR = {  
        country_has_state_religion = rel:sunni  
        country_has_state_religion = rel:shiite  
        country_has_state_religion = rel:ibadi  
    }  
}
**Supported Scopes**: none  
**Supported Targets**: strategic_region  

## random_strategic_region_in_mexico_old
ai_is_regional_objective_state = {  
	any_scope_regional_objective = {  
		type = $TYPE$  
		is_completed = no  
		region = { $STATE$.region = this }  
	}  
}
**Supported Scopes**: none  
**Supported Targets**: strategic_region  

## random_strategic_region_in_middle_east
target_is_our_or_fellow_subject = {  
	OR = {  
		is_subject_of = root  
		AND = {  
			root = { is_subject = yes }  
			is_subject_of = root.overlord  
		}  
	}  
}
**Supported Scopes**: none  
**Supported Targets**: strategic_region  

## random_strategic_region_in_mozambique
target_is_our_or_fellow_subject = {  
	OR = {  
		is_subject_of = root  
		AND = {  
			root = { is_subject = yes }  
			is_subject_of = root.overlord  
		}  
	}  
}
**Supported Scopes**: none  
**Supported Targets**: strategic_region  

## random_strategic_region_in_near_east
target_is_our_or_fellow_subject = {  
	OR = {  
		is_subject_of = root  
		AND = {  
			root = { is_subject = yes }  
			is_subject_of = root.overlord  
		}  
	}  
}
**Supported Scopes**: none  
**Supported Targets**: strategic_region  

## random_strategic_region_in_new_england_old
8¬ØÙö
**Supported Scopes**: none  
**Supported Targets**: strategic_region  

## random_strategic_region_in_new_world
target_is_our_or_fellow_subject = {  
	OR = {  
		is_subject_of = root  
		AND = {  
			root = { is_subject = yes }  
			is_subject_of = root.overlord  
		}  
	}  
}
**Supported Scopes**: none  
**Supported Targets**: strategic_region  

## random_strategic_region_in_new_zealand
ai_is_regional_objective_state = {  
	any_scope_regional_objective = {  
		type = $TYPE$  
		is_completed = no  
		region = { $STATE$.region = this }  
	}  
}
**Supported Scopes**: none  
**Supported Targets**: strategic_region  

## random_strategic_region_in_niger_old
ai_is_regional_objective_state = {  
	any_scope_regional_objective = {  
		type = $TYPE$  
		is_completed = no  
		region = { $STATE$.region = this }  
	}  
}
**Supported Scopes**: none  
**Supported Targets**: strategic_region  

## random_strategic_region_in_nile_basin
ai_is_regional_objective_state = {  
	any_scope_regional_objective = {  
		type = $TYPE$  
		is_completed = no  
		region = { $STATE$.region = this }  
	}  
}
**Supported Scopes**: none  
**Supported Targets**: strategic_region  

## random_strategic_region_in_north_africa
°ÖÙö
**Supported Scopes**: none  
**Supported Targets**: strategic_region  

## random_strategic_region_in_north_africa_egypt
°ÖÙö
**Supported Scopes**: none  
**Supported Targets**: strategic_region  

## random_strategic_region_in_north_africa_old
  
add_technology_researched = enclosure   
add_technology_researched = standing_army   
add_technology_researched = urbanization 
**Supported Scopes**: none  
**Supported Targets**: strategic_region  

## random_strategic_region_in_north_america
°ÖÙö
**Supported Scopes**: none  
**Supported Targets**: strategic_region  

## random_strategic_region_in_north_andes
ai_is_regional_objective_state = {  
	any_scope_regional_objective = {  
		type = $TYPE$  
		is_completed = no  
		region = { $STATE$.region = this }  
	}  
}
**Supported Scopes**: none  
**Supported Targets**: strategic_region  

## random_strategic_region_in_north_china
target_is_our_or_fellow_subject = {  
	OR = {  
		is_subject_of = root  
		AND = {  
			root = { is_subject = yes }  
			is_subject_of = root.overlord  
		}  
	}  
}
**Supported Scopes**: none  
**Supported Targets**: strategic_region  

## random_strategic_region_in_north_germany_old
  
if = {   
limit = {   
NOT = {   
has_variable = keep_current_ruler_var   
}   
}   
get_ruler_for:presidential_elective = {   
set_character_as_ruler = yes   
}   
} 
**Supported Scopes**: none  
**Supported Targets**: strategic_region  

## random_strategic_region_in_north_india
ai_can_incorporate_state = {  
	OR = {  
		is_homeland_of_country_cultures = root  
		"years_to_incorporate(root)" <= define:NAI|INCORPORATE_STATE_MAX_YEARS  
	}  
}
**Supported Scopes**: none  
**Supported Targets**: strategic_region  

## random_strategic_region_in_north_sea_old
°ÖÙö
**Supported Scopes**: none  
**Supported Targets**: strategic_region  

## random_strategic_region_in_northeast_asia
  
add_technology_researched = enclosure   
add_technology_researched = standing_army   
add_technology_researched = urbanization 
**Supported Scopes**: none  
**Supported Targets**: strategic_region  

## random_strategic_region_in_northern_europe
°ÖÙö
**Supported Scopes**: none  
**Supported Targets**: strategic_region  

## random_strategic_region_in_northern_mexico
central_asian_clothes_pop_trigger = {  
	exists = scope:pop  
	scope:pop = {  
		culture = {  
			has_discrimination_trait_group = heritage_group_central_asian  
		}  
	}  
}
**Supported Scopes**: none  
**Supported Targets**: strategic_region  

## random_strategic_region_in_occitania_old
  
if = {   
limit = {   
NOT = {   
has_variable = keep_current_ruler_var   
}   
}   
get_ruler_for:parliamentary_elective = {   
set_character_as_ruler = yes   
}   
} 
**Supported Scopes**: none  
**Supported Targets**: strategic_region  

## random_strategic_region_in_oceania
ai_is_regional_objective_state = {  
	any_scope_regional_objective = {  
		type = $TYPE$  
		is_completed = no  
		region = { $STATE$.region = this }  
	}  
}
**Supported Scopes**: none  
**Supported Targets**: strategic_region  

## random_strategic_region_in_old_world
**Supported Scopes**: none  
**Supported Targets**: strategic_region  

## random_strategic_region_in_pacific_coast
°ÖÙö
**Supported Scopes**: none  
**Supported Targets**: strategic_region  

## random_strategic_region_in_pacific_coast_old
8¬ØÙö
**Supported Scopes**: none  
**Supported Targets**: strategic_region  

## random_strategic_region_in_persia_old
ai_is_regional_objective_state = {  
	any_scope_regional_objective = {  
		type = $TYPE$  
		is_completed = no  
		region = { $STATE$.region = this }  
	}  
}
**Supported Scopes**: none  
**Supported Targets**: strategic_region  

## random_strategic_region_in_peru
ai_can_incorporate_state = {  
	OR = {  
		is_homeland_of_country_cultures = root  
		"years_to_incorporate(root)" <= define:NAI|INCORPORATE_STATE_MAX_YEARS  
	}  
}
**Supported Scopes**: none  
**Supported Targets**: strategic_region  

## random_strategic_region_in_philippines
ai_is_regional_objective_state = {  
	any_scope_regional_objective = {  
		type = $TYPE$  
		is_completed = no  
		region = { $STATE$.region = this }  
	}  
}
**Supported Scopes**: none  
**Supported Targets**: strategic_region  

## random_strategic_region_in_poland_old
ai_can_incorporate_state = {  
	OR = {  
		is_homeland_of_country_cultures = root  
		"years_to_incorporate(root)" <= define:NAI|INCORPORATE_STATE_MAX_YEARS  
	}  
}
**Supported Scopes**: none  
**Supported Targets**: strategic_region  

## random_strategic_region_in_polar_seas
ai_can_incorporate_state = {  
	OR = {  
		is_homeland_of_country_cultures = root  
		"years_to_incorporate(root)" <= define:NAI|INCORPORATE_STATE_MAX_YEARS  
	}  
}
**Supported Scopes**: none  
**Supported Targets**: strategic_region  

## random_strategic_region_in_punjab_old
target_is_our_or_fellow_subject = {  
	OR = {  
		is_subject_of = root  
		AND = {  
			root = { is_subject = yes }  
			is_subject_of = root.overlord  
		}  
	}  
}
**Supported Scopes**: none  
**Supported Targets**: strategic_region  

## random_strategic_region_in_rhine_old
**Supported Scopes**: none  
**Supported Targets**: strategic_region  

## random_strategic_region_in_ring_of_fire
8¬ØÙö
**Supported Scopes**: none  
**Supported Targets**: strategic_region  

## random_strategic_region_in_russia
ai_is_regional_objective_state = {  
	any_scope_regional_objective = {  
		type = $TYPE$  
		is_completed = no  
		region = { $STATE$.region = this }  
	}  
}
**Supported Scopes**: none  
**Supported Targets**: strategic_region  

## random_strategic_region_in_russia_old
target_is_our_or_fellow_subject = {  
	OR = {  
		is_subject_of = root  
		AND = {  
			root = { is_subject = yes }  
			is_subject_of = root.overlord  
		}  
	}  
}
**Supported Scopes**: none  
**Supported Targets**: strategic_region  

## random_strategic_region_in_scandinavia
ai_can_incorporate_state = {  
	OR = {  
		is_homeland_of_country_cultures = root  
		"years_to_incorporate(root)" <= define:NAI|INCORPORATE_STATE_MAX_YEARS  
	}  
}
**Supported Scopes**: none  
**Supported Targets**: strategic_region  

## random_strategic_region_in_senegal_old
target_is_our_or_fellow_subject = {  
	OR = {  
		is_subject_of = root  
		AND = {  
			root = { is_subject = yes }  
			is_subject_of = root.overlord  
		}  
	}  
}
**Supported Scopes**: none  
**Supported Targets**: strategic_region  

## random_strategic_region_in_siberia
**Supported Scopes**: none  
**Supported Targets**: strategic_region  

## random_strategic_region_in_south_africa
set_as_expedition_leader = {  
	set_variable = expedition_leader_var  
	set_character_busy_and_immortal = yes  
	ROOT = {  
		set_variable = { name = expedition_leader_storage_var value = prev }  
	}  
}
**Supported Scopes**: none  
**Supported Targets**: strategic_region  

## random_strategic_region_in_south_america
°ÖÙö
**Supported Scopes**: none  
**Supported Targets**: strategic_region  

## random_strategic_region_in_south_china
ai_can_incorporate_state = {  
	OR = {  
		is_homeland_of_country_cultures = root  
		"years_to_incorporate(root)" <= define:NAI|INCORPORATE_STATE_MAX_YEARS  
	}  
}
**Supported Scopes**: none  
**Supported Targets**: strategic_region  

## random_strategic_region_in_south_east_asia
°ÖÙö
**Supported Scopes**: none  
**Supported Targets**: strategic_region  

## random_strategic_region_in_south_germany_old
  
hidden_effect = {   
remove_modifier = balkan_wars_military_tech_boost_mod   
remove_modifier = balkan_wars_military_industry_overworked_mod   
} 
**Supported Scopes**: none  
**Supported Targets**: strategic_region  

## random_strategic_region_in_south_india
ai_can_incorporate_state = {  
	OR = {  
		is_homeland_of_country_cultures = root  
		"years_to_incorporate(root)" <= define:NAI|INCORPORATE_STATE_MAX_YEARS  
	}  
}
**Supported Scopes**: none  
**Supported Targets**: strategic_region  

## random_strategic_region_in_southern_africa
°ÖÙö
**Supported Scopes**: none  
**Supported Targets**: strategic_region  

## random_strategic_region_in_southern_africa_old
°ÖÙö
**Supported Scopes**: none  
**Supported Targets**: strategic_region  

## random_strategic_region_in_southern_cone
american_clothes_trigger = {  
	exists = scope:character  
	scope:character = {  
		exists = home_country  
		home_country = {  
			exists = c:USA  
			c:USA = this  
			is_subject = no  
		}  
	}  
}
**Supported Scopes**: none  
**Supported Targets**: strategic_region  

## random_strategic_region_in_southern_europe
°ÖÙö
**Supported Scopes**: none  
**Supported Targets**: strategic_region  

## random_strategic_region_in_subsaharan_africa
native_american_clothes_trigger = {  
	exists = scope:character  
	scope:character = {  
		culture = {  
			has_discrimination_trait_group = heritage_group_indigenous_american  
		}  
	}  
}
**Supported Scopes**: none  
**Supported Targets**: strategic_region  

## random_strategic_region_in_the_midwest_old
È§ØÙö
**Supported Scopes**: none  
**Supported Targets**: strategic_region  

## random_strategic_region_in_transoxiana
ai_can_incorporate_state = {  
	OR = {  
		is_homeland_of_country_cultures = root  
		"years_to_incorporate(root)" <= define:NAI|INCORPORATE_STATE_MAX_YEARS  
	}  
}
**Supported Scopes**: none  
**Supported Targets**: strategic_region  

## random_strategic_region_in_tropical_seas
generate_1_common_name = {  
	create_character = {  
		culture = $CULTURE_1$  
		on_created = {  
			place_character_in_void = 3  
		}  
		save_scope_as = name_a_scope  
	}  
}
**Supported Scopes**: none  
**Supported Targets**: strategic_region  

## random_strategic_region_in_turkestan
**Supported Scopes**: none  
**Supported Targets**: strategic_region  

## random_strategic_region_in_urals_old
target_is_our_or_fellow_subject = {  
	OR = {  
		is_subject_of = root  
		AND = {  
			root = { is_subject = yes }  
			is_subject_of = root.overlord  
		}  
	}  
}
**Supported Scopes**: none  
**Supported Targets**: strategic_region  

## random_strategic_region_in_west_africa
ai_can_incorporate_state = {  
	OR = {  
		is_homeland_of_country_cultures = root  
		"years_to_incorporate(root)" <= define:NAI|INCORPORATE_STATE_MAX_YEARS  
	}  
}
**Supported Scopes**: none  
**Supported Targets**: strategic_region  

## random_strategic_region_in_west_siberia_old
°ÖÙö
**Supported Scopes**: none  
**Supported Targets**: strategic_region  

## random_strategic_region_in_western_europe
°ÖÙö
**Supported Scopes**: none  
**Supported Targets**: strategic_region  

## random_strategic_region_in_wet_process_region
È§ØÙö
**Supported Scopes**: none  
**Supported Targets**: strategic_region  

## random_strategic_region_in_yugoslavia
**Supported Scopes**: none  
**Supported Targets**: strategic_region  

## random_strategic_region_in_zambezi_basin
È§ØÙö
**Supported Scopes**: none  
**Supported Targets**: strategic_region  

## random_strategic_region_in_zanj_old
**Supported Scopes**: none  
**Supported Targets**: strategic_region  

## random_subject_of_subject
Any country below direct subjects in hierarchy  
random_subject_of_subject = { limit = { <triggers> } (optional) weight = { mtth } <effects> }
**Supported Scopes**: country  
**Supported Targets**: country  

## random_subject_or_below
Any country below current in hierarchy  
random_subject_or_below = { limit = { <triggers> } (optional) weight = { mtth } <effects> }
**Supported Scopes**: country  
**Supported Targets**: country  

## random_supporting_character
Iterate through all characters that support the scoped political movement  
random_supporting_character = { limit = { <triggers> } (optional) weight = { mtth } <effects> }
**Supported Scopes**: political_movement  
**Supported Targets**: character  

## random_treaty
Iterate through treaties (both in force and drafts)  
random_treaty = { limit = { <triggers> } (optional) weight = { mtth } <effects> }
**Supported Scopes**: none  
**Supported Targets**: treaty  

## random_valid_mass_migration_culture
Lists for cultures in the scoped country that are valid for mass migration  
random_valid_mass_migration_culture = { limit = { <triggers> } (optional) weight = { mtth } <effects> }
**Supported Scopes**: country  
**Supported Targets**: culture  

## random_war_participant
Iterate through all participants in a war  
random_war_participant = { limit = { <triggers> } (optional) weight = { mtth } <effects> }
**Supported Scopes**: war  
**Supported Targets**: country  

## recalculate_pop_ig_support
Recalculates and updates a country's pop IG memberships = bool
**Supported Scopes**: country  

## regime_change
Executes a regime change by the scope country in the target country.  
regime_change = scope:upstart_country
**Supported Scopes**: country  
**Supported Targets**: country  

## remove_active_objective_subgoal
Removes an active objective subgoal  
remove_active_objective_subgoal = <key>
**Supported Scopes**: country  

## remove_amendment
Removes an amendment immediately without checking cooldown  
remove_amendment = bool
**Supported Scopes**: amendment  

## remove_as_interest_group_leader
Removes a character from position as interest group leader  
remove_as_interest_group_leader = yes
**Supported Scopes**: character  

## remove_banned_goods
Removes a total ban of a good from a country  
remove_banned_goods = <goods key/scope>
**Supported Scopes**: country  
**Supported Targets**: goods  

## remove_building
Remove a building in the scope state  
remove_building = building_key
**Supported Scopes**: state  

## remove_character_ideology
Removes a character ideology from the scoped political movement  
remove_character_ideology = x
**Supported Scopes**: political_movement  

## remove_character_role
Removes an existing role from a character, works with either archetype or database role  
remove_character_role = general/character_role_general
**Supported Scopes**: character  

## remove_claim
Removes scoped state region as a claim for target country  
add_claim = scope/country
**Supported Scopes**: state_region  
**Supported Targets**: country  

## remove_company
Removes company type from a country's companies  
remove_company = company_type:key
**Supported Scopes**: country  
**Supported Targets**: company_type  

## remove_cultural_obsession
Removes a new obsession to the culture in scope  
remove_cultural_obsession = X  
Where X is a goods
**Supported Scopes**: culture  

## remove_cultural_taboo
Removes a taboo from the culture in scope  
remove_cultural_taboo = X  
Where X is a goods
**Supported Scopes**: culture  

## remove_diplomatic_pact
Removes a diplomatic pact between two countries, with scope country as initiator  
remove_diplomatic_pact = {  
	country = country scope/tag  
	type = diplomatic action type  
}
**Supported Scopes**: country  

## remove_enactment_modifier
Removes an enactment-related timed modifier effect to object in scope
**Supported Scopes**: country  

## remove_exports
Removes a multiplier of exports to the state for the scoped state goods  
remove_exports = 3
**Supported Scopes**: state_goods  

## remove_from_global_variable_map
Removes the target from a variable map  
remove_from_variable_map = { name = X key = Y }  
Where X is the name of the variable  
Where Y is an event target
**Supported Scopes**: none  

## remove_from_list
Removes the current scope from a named list remove_from_list = <string>
**Supported Scopes**: none  

## remove_from_local_variable_map
Removes the target from a variable map  
remove_from_variable_map = { name = X key = Y }  
Where X is the name of the variable  
Where Y is an event target
**Supported Scopes**: none  

## remove_from_variable_map
Removes the target from a variable map  
remove_from_variable_map = { name = X key = Y }  
Where X is the name of the variable  
Where Y is an event target
**Supported Scopes**: none  

## remove_global_variable
Removes a variable  
remove_variable = variable_name
**Supported Scopes**: none  

## remove_homeland
Removes scoped state region as Homeland for target culture  
remove_homeland = cu:culture
**Supported Scopes**: state_region  
**Supported Targets**: culture  

## remove_ideology
Removes an ideology from scoped interest group  
remove_ideology = x
**Supported Scopes**: interest_group  

## remove_ig_from_party
Removes target interest group from scope party  
py:py_key = {  
	remove_ig_from_party = ig:ig_key  
}
**Supported Scopes**: party  
**Supported Targets**: interest_group  

## remove_imports
Removes a multiplier of imports to the state for the scoped state goods  
remove_imports = 3
**Supported Scopes**: state_goods  

## remove_initiator_backers
Remove a tag/scope country from the initiator side of a diplomatic play  
remove_initiator_backers = { list of scopes/tags }
**Supported Scopes**: diplomatic_play  

## remove_involved_country
Removes target country from involved countries in scope journal entry  
remove_involved_country = c:FRA
**Supported Scopes**: journal_entry  
**Supported Targets**: country  

## remove_list_global_variable
Removes the target from a variable list  
remove_list_variable = { name = X target = Y }  
Where X is the name of the variable  
Where Y is an event target
**Supported Scopes**: none  

## remove_list_local_variable
Removes the target from a variable list  
remove_list_variable = { name = X target = Y }  
Where X is the name of the variable  
Where Y is an event target
**Supported Scopes**: none  

## remove_list_variable
Removes the target from a variable list  
remove_list_variable = { name = X target = Y }  
Where X is the name of the variable  
Where Y is an event target
**Supported Scopes**: none  

## remove_lobby_member
Removes an interest group as a member of scope political lobby  
remove_lobby_member = scope:interest_group
**Supported Scopes**: political_lobby  
**Supported Targets**: interest_group  

## remove_local_variable
Removes a variable  
remove_variable = variable_name
**Supported Scopes**: none  

## remove_modifier
Removes a timed modifier effect to object in scope
**Supported Scopes**: country, building, character, institution, interest_group, journal_entry, political_movement, power_bloc, state  

## remove_monopoly
removes a monopoly in a country scope for a specific building: remove_monopoly = bt:building_textile_mills
**Supported Scopes**: country  
**Supported Targets**: building_type  

## remove_owned_country
Removes the scoped company's ownership of the target country  
remove_owned_country = country:key
**Supported Scopes**: company  
**Supported Targets**: country  

## remove_primary_culture
Removes a culture from the primary cultures of a country  
remove_primary_culture = X  
Where X is a culture scope
**Supported Scopes**: country  
**Supported Targets**: culture  

## remove_principle
Removes principle from powerbloc  
power_bloc =  
{  
remove_principle = test_principle_group_A_1  
}
**Supported Scopes**: power_bloc  

## remove_resource_potential
Remove a building type from the resource potentials of a state region  
remove_resource_potential = building_iron_mine
**Supported Scopes**: state, state_region  

## remove_ruling_interest_group
Removes interest group in scope from government  
remove_ruling_interest_group = yes/no
**Supported Scopes**: interest_group  

## remove_state_trait
remove state trait in a scoped state region  
remove_state_trait = <state_trait_name>
**Supported Scopes**: state_region  

## remove_tag
Removes a tag from the script container in scope.  
remove_tag = my_tag
**Supported Scopes**: container  

## remove_target_backers
Remove a tag/scope country to the target side of a diplomatic play  
remove_target_backers = { list of scopes/tags }
**Supported Scopes**: diplomatic_play  

## remove_taxed_goods
Removes consumption taxes on a good from a country  
remove_taxed_goods = <goods key/scope>
**Supported Scopes**: country  
**Supported Targets**: goods  

## remove_tradition_trait
Removes an existing tradition trait from the culture in scope  
remove_tradition_trait = X  
Where X is a tradition trait
**Supported Scopes**: culture  

## remove_trait
Remove a trait from a Character  
remove_trait = trait
**Supported Scopes**: character  

## remove_variable
Removes a variable  
remove_variable = variable_name
**Supported Scopes**: none  

## remove_war_goal
Removes a war goal from a DP.  
any_diplomatic_play = { limit = { has_war_goal = return_state } remove_war_goal = { who = initiator type = return_state } }
**Supported Scopes**: diplomatic_play  

## renege_treaty_ports_with
Void all treaty-port treaties scoped country hosts for the target foreign power, returning the ports to the host  
renege_treaty_ports_with = <scope>
**Supported Scopes**: country  
**Supported Targets**: country  

## replace_character_roles
Replaces existing role(s) from a character with another, works with either archetype or database role  
replace_character_role = { add = { roles } remove = { roles } remove_all = no/yes }
**Supported Scopes**: character  

## reset_hub_names
Resets the names of all hubs in a scoped state  
reset_hub_names = yes
**Supported Scopes**: state  

## reset_state_name
Resets the name of a scoped state  
reset_state_name = yes
**Supported Scopes**: state  

## resolve_play_for
effect end diplo play for one side, with it gaining war goals  
resolve_play_for = initiator  
resolve_play_for = scope:custom_scoped_country
**Supported Scopes**: diplomatic_play  
**Supported Targets**: country  

## retire_character
Retire a character  
retire_character = bool (yes - retire [by default], no - don't do anything)  
retire_character = {  
	hidden = bool (yes - without notification; no - show notification [by default])  
	value = bool (yes - retire [by default], no - don't do anything)  
}
**Supported Scopes**: character  

## retire_character_if_should_be_culled
Conditionally retire a character if it should be culled  
retire_character_if_should_be_culled = bool (yes - retire [by default], no - don't do anything)  
retire_character_if_should_be_culled = {  
	hidden = bool (yes - without notification; no - show notification [by default])  
	value = bool (yes - retire [by default], no - don't do anything)  
}
**Supported Scopes**: character  

## round_global_variable
Rounds a variable to the nearest specified value  
round_variable = { name = X nearest = Y }  
Where X is the name of the variable  
Where Y is a script value
**Supported Scopes**: none  

## round_local_variable
Rounds a variable to the nearest specified value  
round_variable = { name = X nearest = Y }  
Where X is the name of the variable  
Where Y is a script value
**Supported Scopes**: none  

## round_variable
Rounds a variable to the nearest specified value  
round_variable = { name = X nearest = Y }  
Where X is the name of the variable  
Where Y is a script value
**Supported Scopes**: none  

## save_scope_as
Saves the current scope as an arbitrarily-named target to be referenced later in the (unbroken) event chain  
save_scope_as = <string>
**Supported Scopes**: none  

## save_scope_value_as
Saves a numerical or bool value as an arbitrarily-named target to be referenced later in the (unbroken) event chain  
save_scope_value_as = { name = <string> value = x }
**Supported Scopes**: none  

## save_temporary_scope_as
Saves the current scope as an arbitrarily-named temporary target to be referenced later in the same effect  
save_temporary_scope_as = <string>
**Supported Scopes**: none  

## save_temporary_scope_value_as
Saves a numerical or bool value as an arbitrarily-named temporary target to be referenced later in the same effect  
save_temporary_scope_value_as = { name = <string> value = x }
**Supported Scopes**: none  

## seize_investment_pool
Seize investment pool for the treasury and transfer all private construction queue elements to the government queue = bool
**Supported Scopes**: country  

## set_as_adult
Turns the scoped character into an adult if they are not one already.  
scope:character = { set_as_adult = yes }
**Supported Scopes**: character  

## set_as_flagship
Assign/unassign the ship as a flagship for the country  
set_as_flagship = yes/no
**Supported Scopes**: ship  

## set_as_interest_group_leader
Sets a character as interest group leader  
set_as_interest_group_leader = yes
**Supported Scopes**: character  

## set_available_for_autonomous_investment
Sets a building type as available for autonomous investment in the current scoped State  
set_available_for_autonomous_investment = building type scope
**Supported Scopes**: state  
**Supported Targets**: building_type  

## set_bar_progress
Sets progress for a journal entry scripted progressbar  
set_bar_progress = {value = -5name = example_progress_bar_name}
**Supported Scopes**: journal_entry  

## set_bolstering
Starts/stops bolstering the political movement in scope  
set_bolstering = yes/no
**Supported Scopes**: political_movement  

## set_capital
Set capital state in a country scope  
set_capital = X  
Where X is a state region
**Supported Scopes**: country  

## set_career_length
Sets the career length from now for a character in a role. Role can be a specific database role or a role type (e.g. general). If no role is specified, applies to all roles with career end dates.  
set_career_length = { role = role_key/role_type days/months/years = 10 random_range = { 0.8 1.2 } }
**Supported Scopes**: character  

## set_character_as_executive
Makes scope character the executive of target company  
set_character_as_executive = <company scope>
**Supported Scopes**: character  
**Supported Targets**: company  

## set_character_as_ruler
Set scoped character as ruler in their country.  
scope:larry = { set_character_as_ruler = yes }CAUTION: Do not use this effect with chartered companies, as the character's country will be affected
**Supported Scopes**: character  

## set_character_busy_and_immortal
Mark a character as busy and immortal or clear said mark  
set_character_busy = bool
**Supported Scopes**: character  

## set_character_immortal
Set scoped character as immortal.  
scope:larry = { set_character_immortal = yes/no }
**Supported Scopes**: character  

## set_commander_rank
Promotes/demotes a character to a given military rank value  
set_commander_rank = 3
**Supported Scopes**: character  

## set_company_establishment_date
Sets the establishment date of scope company  
set_company_establishment_date = 1782.7.18
**Supported Scopes**: company  

## set_company_state_region
Sets the state region for the scoped company, so the company building can be built there  
set_company_state_region = s:STATE_WALLONIA
**Supported Scopes**: company  
**Supported Targets**: state_region  

## set_core_ideology
Sets the core ideology of a political movement  
set_ideology = x
**Supported Scopes**: political_movement  

## set_country_type
Sets the type of country for a country, for history
**Supported Scopes**: country  

## set_devastation
Set devastation to a state region or state
**Supported Scopes**: state, state_region  

## set_diplomats_expelled
Expels diplomats from target country in scoped country  
set_diplomats_expelled = scope:target_country
**Supported Scopes**: country  
**Supported Targets**: country  

## set_electoral_confidence
Set x% electoral confidence in scope country  
set_electoral_confidence = 0.5
**Supported Scopes**: country  

## set_export_tariff_level
Sets export tariff level for a good in scoped country  
set_export_tariff_level = { goods = g:iron level = max_tariffs }
**Supported Scopes**: country  

## set_exports
Sets a multiplier of exports to the state for the scoped state goods  
set_exports = 3
**Supported Scopes**: state_goods  

## set_fervor
Sets the fervor of a scoped culture   
set_fervor = 3.0
**Supported Scopes**: culture  

## set_first_name
Changes the first name of a character to a loc key  
set_first_name = loc_key
**Supported Scopes**: character  

## set_global_variable
Sets a variable  
set_variable = { name = X value = Y days = Z }  
Where X is the name of the variable used to then access it  
Where Y is any event target, bool, value, script value or flag (flag:W)  
An optional days where Z is the number of days or script value  
This variable will be accessible with <type_>var:X. With type being in a scope object or in a top scope  
Can also be used as set_variable = X (equivalent to set_variable = { name = X value = yes })
**Supported Scopes**: none  

## set_government_wage_level
Sets the government wage level of scoped country  
set_government_wage_level = very_low/low/medium/high/very_high
**Supported Scopes**: country  

## set_has_negotiated
Sets whether an interest group has finished negotiating: set_has_negotiated = yes/no
**Supported Scopes**: interest_group  

## set_heir
Sets the heir of the scoped country to the character scope specified  
set_heir = scope_victoria
**Supported Scopes**: country  
**Supported Targets**: character  

## set_home_country
Set a character's home country. This makes them start considering themselves as having been exiled, i.e. was_exiled starts evaluating to yes for them.  
set_home_country = c:FRA
**Supported Scopes**: character  
**Supported Targets**: country  

## set_home_country_definition
Set a character's home country directly to a tag, you can use this to avoid making sure that the tag exists, this makes them an exile  
set_home_country_definition = cd:FRA
**Supported Scopes**: character  
**Supported Targets**: country_definition  

## set_home_state
Changes the home state of the scoped character  
set_home_state = <state scope>
**Supported Scopes**: character  
**Supported Targets**: state  

## set_hub_name
Sets the name of a hub in a scoped state to a localization string  
set_state_name = {  
	type = city ( can be any hub type city/port/farm/mine/wood )  
	name = HUB_NAME_STATE_KIEV_city_ukrainian  
}
**Supported Scopes**: state  

## set_hub_names
Sets the names of all the hubs in a scoped state to localization strings based on the name of the state region, the type of hub and a specified suffix  
set_hub_names = ukrainian
**Supported Scopes**: state  

## set_ideology
Changes scoped character's ideology  
set_ideology = x
**Supported Scopes**: character  
**Supported Targets**: ideology  

## set_ig_trait
Adds a trait to the Interest Group, or replaces their current trait with the same approval level  
set_ig_trait = ig_trait:ig_trait_engines_of_progress
**Supported Scopes**: interest_group  
**Supported Targets**: interest_group_trait  

## set_immune_to_revolutions
Makes a country immune to revolutions or removes such immunity.  
set_immune_to_revolutions = yes/no
**Supported Scopes**: country  

## set_import_tariff_level
Sets import tariff level for a good in scoped country  
set_import_tariff_level = { goods = g:iron level = max_tariffs }
**Supported Scopes**: country  

## set_imports
Sets a multiplier of imports to the state for the scoped state goods  
set_imports = 3
**Supported Scopes**: state_goods  

## set_institution_investment_level
Sets the investment level for an institution  
set_institution_investment_level = { institution = <key> level = x }
**Supported Scopes**: country  

## set_interest_group
Sets the interest group of the character  
set_interest_group = ruler.interest_group
**Supported Scopes**: character  
**Supported Targets**: interest_group  

## set_interest_group_name
Renames interest group to the specified loc key  
set_interest_group_name = x
**Supported Scopes**: interest_group  

## set_is_noble
Sets the noble flag of the scoped character.  
scope:character = { set_is_noble = yes/no }
**Supported Scopes**: character  

## set_key
Set name to a diplomatic play  
set_key = loc_key
**Supported Scopes**: diplomatic_play  

## set_last_name
Changes the last name of a character to a loc key  
set_last_name = loc_key
**Supported Scopes**: character  

## set_local_variable
Sets a variable  
set_variable = { name = X value = Y days = Z }  
Where X is the name of the variable used to then access it  
Where Y is any event target, bool, value, script value or flag (flag:W)  
An optional days where Z is the number of days or script value  
This variable will be accessible with <type_>var:X. With type being in a scope object or in a top scope  
Can also be used as set_variable = X (equivalent to set_variable = { name = X value = yes })
**Supported Scopes**: none  

## set_market_capital
Set market capital in a country scope  
set_market_capital = X  
Where X is a state region
**Supported Scopes**: country  

## set_military_wage_level
Sets the military wage level of scoped country  
set_military_wage_level = very_low/low/medium/high/very_high
**Supported Scopes**: country  

## set_movement_defeated
Sets or clears the defeat date for the movement in scope  
set_movement_defeated = yes/no
**Supported Scopes**: political_movement  

## set_mutual_secret_goal
Set mutual secret AI goal for scope country and target country  
set_mutual_secret_goal = {  
	tcountry = country scope/tag  
	secret_goal = secret goal type  
}
**Supported Scopes**: country  

## set_name
Sets (or changes) the name of the script container in scope; accepts a literal or a flag reference (var:/scope:/flag:); reachable later via container:my_name.  
set_name = my_name
**Supported Scopes**: container  

## set_name_format
Sets the name format of a scoped culture  
set_name_format = first_last/last_first
**Supported Scopes**: culture  

## set_next_election_date
Set next election date for country  
set_next_election_date = year.month.day
**Supported Scopes**: country  

## set_only_legal_party_from_ig
Sets the only party that is legal in a country, used for single-party state law.  
set_only_legal_party_from_ig = ruler.interest_group
**Supported Scopes**: country  
**Supported Targets**: interest_group  

## set_owes_obligation_to
Set whether a country owes another a obligation  
set_owes_obligation = {  
	country = country scope/tag  
	setting = yes/no  
}
**Supported Scopes**: country  

## set_owner_of_provinces
Gives a set of provinces in a state region to a specific country  
set_owner_of_provinces = { country = <scope> provinces = {} }
**Supported Scopes**: state_region  

## set_parent
Sets the parent of the script container in scope; the container is destroyed when the parent becomes invalid.  
set_parent = scope:x
**Supported Scopes**: container  

## set_pop_literacy
Sets the literacy of the pop  
set_pop_literacy = { literacy_rate = {...} }  
Where the ratio is a script value computing the percentage of (workforce) pops that will be literate
**Supported Scopes**: pop  

## set_pop_qualifications
Sets the pop qualifications of the pop for the given type  
set_pop_qualifications = { pop_type = {} qualifications = {...} }  
Where the qualifications is a script value computing the percentage of (workforce) pops that will have the qualifications
**Supported Scopes**: pop  

## set_pop_wealth
Sets the wealth of the pop  
set_pop_wealth = { wealth_distribution = {...} update_loyalties = true/false }  
Where wealth is a script values
**Supported Scopes**: pop  

## set_relations
Set relations between two countries  
set_relations = {  
	tcountry = country scope/tag  
	value = amount  
}
**Supported Scopes**: country  

## set_ruling_interest_groups
Creates a government for the country in scope from a set of interest groups  
set_ruling_interest_groups = { ig_tag1 ig_tag2 }
**Supported Scopes**: country  

## set_ruling_party
Adds all interest groups in a party to government and removes all other interest groups from the government  
set_ruling_party = yes
**Supported Scopes**: party  

## set_secret_goal
Set a secret AI goal for scope country towards another country  
set_secret_goal = {  
	tcountry = country scope/tag  
	secret_goal = secret goal type  
}
**Supported Scopes**: country  

## set_ship_owner
Set ship owner country  
set_ship_owner = country
**Supported Scopes**: ship  
**Supported Targets**: country  

## set_ship_owner_multiple
Set ship owner country, use when setting multiple ships in a row to put them in a single ownership transfer fleet, then use clear_ownership_transfer_fleet to clear it  
set_ship_owner_multiple = country
**Supported Scopes**: ship  
**Supported Targets**: country  

## set_social_hierarchy
Sets the social hierarchy the scoped country  
set_social_hierarchy = <key>
**Supported Scopes**: country  

## set_state_name
Sets the name of a scoped state to a localization string  
set_state_name = STATE_KIEV_ukrainian
**Supported Scopes**: state  

## set_state_owner
Set State Owner  
set_state_owner = scope
**Supported Scopes**: state  
**Supported Targets**: country  

## set_state_religion
Changes the state religion of the country to the specified religion  
set_state_religion = X  
Where X is a religion scope
**Supported Scopes**: country  
**Supported Targets**: religion  

## set_state_type
Sets a state to a certain type (incorporated, unincorporated, treaty_port)
**Supported Scopes**: state  

## set_strategy
Set AI strategy for scope country  
set_strategy = <key>
**Supported Scopes**: country  

## set_subsidized
Sets whether a building is subsidized  
set_subsidized = yes/no
**Supported Scopes**: building  

## set_suppression
Starts/stops suppressing the political movement in scope  
set_suppression = yes/no
**Supported Scopes**: political_movement  

## set_target_technology
Sets a (new) target technology scope for a journal entry  
set_target_technology = <scope>
**Supported Scopes**: journal_entry  

## set_tax_level
Sets the overall tax level of scoped country  
set_tax_level = very_low/low/medium/high/very_high
**Supported Scopes**: country  

## set_tension
Set tension between two countries  
set_tension = {  
	tcountry = country scope/tag  
	value = amount  
}
**Supported Scopes**: country  

## set_variable
Sets a variable  
set_variable = { name = X value = Y days = Z }  
Where X is the name of the variable used to then access it  
Where Y is any event target, bool, value, script value or flag (flag:W)  
An optional days where Z is the number of days or script value  
This variable will be accessible with <type_>var:X. With type being in a scope object or in a top scope  
Can also be used as set_variable = X (equivalent to set_variable = { name = X value = yes })
**Supported Scopes**: none  

## set_war
Set a diplomatic play to be a war  
set_war = bool
**Supported Scopes**: diplomatic_play  

## show_as_tooltip
Enclosed effects are only shown in tooltips (but are not actually executed)  
show_as_tooltip = { <more effects> }
**Supported Scopes**: none  

## sort_global_variable_list
Sorts a variable list  
sort_variable_list = { name = X order = Y }  
Where X is the name of the variable  
Where Y is some math script to determine sort order
**Supported Scopes**: none  

## sort_local_variable_list
Sorts a variable list  
sort_variable_list = { name = X order = Y }  
Where X is the name of the variable  
Where Y is some math script to determine sort order
**Supported Scopes**: none  

## sort_variable_list
Sorts a variable list  
sort_variable_list = { name = X order = Y }  
Where X is the name of the variable  
Where Y is some math script to determine sort order
**Supported Scopes**: none  

## spawn_entity_effect
Spawns a temporary entity at the center of the scoped state region for a number of seconds  
spawn_entity_effect = { name = "entity_type" duration = X }
**Supported Scopes**: state_region  

## start_building_construction
Start constructing a building in a scoped state as a government construction  
start_building_construction = building_barracks
**Supported Scopes**: state  

## start_earthquake_effect
Starts an earthquake camera shake centered on the scoped state region  
start_earthquake_effect = yes
**Supported Scopes**: state_region  

## start_enactment
Starts enacting the specified law type for the country in scope  
start_enactment = law_type:law_multicultural
**Supported Scopes**: country  
**Supported Targets**: law_type  

## start_harvest_condition
Start a harvest condition of type (or refresh it if already exists) in the scoped state region  
start_harvest_condition = <key>
**Supported Scopes**: state_region  

## start_harvest_condition_with_params
Start a harvest condition of type in scoped state region where intensity and duration(in days) are optionally provided  
start_harvest_condition_with_params = {  
	type = flood  
	intensity = 5 (optional)  
	duration = 5 (optional)  
}
**Supported Scopes**: state_region  

## start_national_awakening
Starts a cultural awakening  
start_national_awakening = {  
	culture = cu:british					# the culture that will have a national awakening  
	months = 12								# the number of months the awakening will last for  
	state_region = s:STATE_HOME_COUNTIES	# optional, if not specified the state region with the highest literacy rate of the culture is used  
}
**Supported Scopes**: country  

## start_privately_funded_building_construction
Start constructing a building in a scoped state as a private construction  
start_privately_funded_building_construction = building_barracks
**Supported Scopes**: state  

## start_research_random_technology
Scoped country starts research of any random technology they can  
start_research_random_technology = yes
**Supported Scopes**: country  

## start_tutorial_lesson
Starts the tutorial lesson with the given key. Does nothing if the tutorial is not running, the lesson is completed (or already running), or the lesson cannot be triggered (e.g. trigger fails)
**Supported Scopes**: none  

## switch
Switch on a trigger for the evaluation of another trigger with an optional fallback trigger.  
switch = {  
	trigger = simple_assign_trigger  
	case_1 = { <effects> }  
	case_2 = { <effects> }  
	case_n = { <effects> }  
	fallback = { <effects> }
**Supported Scopes**: none  

## take_on_scaled_debt
Transfers an amount of debt equal to the defined multiplier on target's max credit  
take_on_scaled_debt = {  
	who = <country>  
	value = decimal value  
}
**Supported Scopes**: country  

## teleport_to_front
Teleports the scope formation to the target front  
teleport_to_front = p:xFAFAFA.front   
Can also take a base_camp parameter, will use given province to search for the nearest connected base camp  
teleport_to_front = { front = p:xFAFAFA.front base_camp = p:xFAFAFA }
**Supported Scopes**: military_formation  

## transfer_character
Transfers current scope character to target country  
transfer_character = country
**Supported Scopes**: character  
**Supported Targets**: country  

## transfer_subject
Transfers subject from another country to current scope country  
transfer_subject = scope
**Supported Scopes**: country  
**Supported Targets**: country  

## transfer_to_formation
Transfers scope character to target formation  
transfer_to_formation = scope:formation
**Supported Scopes**: character  
**Supported Targets**: military_formation  

## trigger_event
Triggers an event for the current scope  
trigger_event = X  
trigger_event = { id = X days/weeks/months/years = Y }  
Where X is an event ID and Y is an integer to delay the event by
**Supported Scopes**: none  

## try_form_government_with
 Tries to form a new govt with provided IGs, If not possible with legitimacy provided will try and add as many IGs into the govt as possible  
 try_form_government_with = {  
	value = 30  
	interest_group_type = ig_armed_forces  
	interest_group_type = ig_devout  
	 interest_group_type = ig_landowners}
**Supported Scopes**: country  

## unassign_from_formation
Unassigns the scoped commander from their formation  
unassign_from_formation = yes
**Supported Scopes**: character  

## unset_available_for_autonomous_investment
Sets a building type as unavailable for autonomous investment in the current scoped State  
unset_available_for_autonomous_investment = building type scope
**Supported Scopes**: state  
**Supported Targets**: building_type  

## unset_only_legal_party
Returns the country to a non single-party state state, where multiple parties can exist if they are allowed by other laws  
unset_only_legal_party = yes
**Supported Scopes**: country  

## update_party_support
Updates party support in scoped country.  
update_party_support = yes
**Supported Scopes**: country  

## validate_subsidies
Validates subsidies across a country's buildings.  
validate_subsidies = bool
**Supported Scopes**: country  

## violate_sovereignty_join
Target joins scoped war  
violate_sovereignty_accept = <country>
**Supported Scopes**: country  

## while
Repeats enclosed effects while limit criteria are met or until set iteration count is reached  
while = { limit = { <triggers> } <effects> }  
 while = { count = 3 <effects> }  
Default max of 1000.
**Supported Scopes**: none  

## withdraw
Withdraws a country from a treaty  
scope:treaty = {  
	withdraw = {  
		country = <country>	# must be valid and must be bound by the treaty  
		apply_break_penalties = yes/no	# optional, default no. If yes, break effects and on-actions apply when treaty is in binding time  
	}  
}  
**Supported Scopes**: treaty  

